frame_id,file_path,file_base,file_exists,repID,camID,time,rank,score,head_x,head_y,head_score,middle_x,middle_y,middle_score,tail_x,tail_y,tail_score,centroid_x,centroid_y,size_px,x_dim,y_dim,out_of_frame,is_gap,size_z,status,false_cluster
frame1__s0,C:/R_projects/spat_1f_noise/processed_feed\rep110\processed_rep110__cam19_s0_rank1.jpg,processed_rep110__cam19_s0_rank1.jpg,TRUE,rep110,cam19,0,1,0.9989657402038574,802.46875,121.13513946533203,0.07624047994613647,869.25830078125,149.3380889892578,1.1149628162384033,889.0477294921875,168.95753479003906,0.08681444823741913,848.709691438505,140.8631029986962,2300,1000,1000,FALSE,FALSE,NA,unclear,FALSE
frame2__s361,C:/R_projects/spat_1f_noise/processed_feed\rep110\processed_rep110__cam19_s361_rank2.jpg,processed_rep110__cam19_s361_rank2.jpg,TRUE,rep110,cam19,361,2,0.994002878665924,668.4854736328125,270.3428039550781,0.08590894937515259,725.78863525390625,310.08929443359375,0.05796419456601143,746.9659423828125,276.5531921386719,0.09437670558691025,710.6097240473061,293.8817345597898,2281.5,1000,1000,FALSE,FALSE,NA,unclear,FALSE
frame3__s721,C:/R_projects/spat_1f_noise/processed_feed\rep110\processed_rep110__cam19_s721_rank3.jpg,processed_rep110__cam19_s721_rank3.jpg,TRUE,rep110,cam19,721,3,0.9977154731750488,748.2396240234375,156.17926025390625,0.1287086009979248,704.603515625,126.48619079589844,0.1370440125465393,654.733642578125,79.47217559814453,0.11625123023986816,697.2494373593398,117.36721680420105,2673,1000,1000,FALSE,FALSE,NA,unclear,FALSE
frame4__s1082,C:/R_projects/spat_1f_noise/processed_feed\rep110\processed_rep110__cam19_s1082_rank4.jpg,processed_rep110__cam19_s1082_rank4.jpg,TRUE,rep110,cam19,1082,4,0.996008038520813,858.8251953125,419.43853759765625,0.08008316904306412,902.0528564453125,382.1514892578125,0.0938868448138237,898.34765625,327.4637451171875,0.19164471328258514,893.9155391553916,372.5432554325543,2444,1000,1000,FALSE,FALSE,NA,unclear,FALSE
frame5__s1442,C:/R_projects/spat_1f_noise/processed_feed\rep110\processed_rep110__cam19_s1442_rank5.jpg,processed_rep110__cam19_s1442_rank5.jpg,TRUE,rep110,cam19,1442,5,0.9952542781829834,860.42059326171875,417.41058349609375,0.08103668689727783,904.06072998046875,381.35443115234375,0.12548163533210754,897.82647705078125,327.8918762207031,0.218583345413208,894.9116279069767,372.22367864693445,2369,1000,1000,FALSE,FALSE,NA,unclear,FALSE
frame6__s1803,C:/R_projects/spat_1f_noise/processed_feed\rep110\processed_rep110__cam19_s1803_rank6.jpg,processed_rep110__cam19_s1803_rank6.jpg,TRUE,rep110,cam19,1803,6,0.9960644841194152,858.416259765625,420.6260681152344,0.08235055953264236,902.16241455078125,384.5120544433594,0.11200034618377686,902.16241455078125,328.47308349609375,0.20529583096504211,894.4813224559897,375.0171747531129,2330.5,1000,1000,FALSE,FALSE,NA,unclear,FALSE
frame7__s2163,C:/R_projects/spat_1f_noise/processed_feed\rep110\processed_rep110__cam19_s2163_rank7.jpg,processed_rep110__cam19_s2163_rank7.jpg,TRUE,rep110,cam19,2163,7,0.9959458708763124,858.78387451171875,419.612060546875,0.07593463361263275,902.441650390625,386.0762939453125,0.09695371985435486,902.441650390625,328.9412841796875,0.22881995141506195,894.7323821876352,375.1500216169477,2314,1000,1000,FALSE,FALSE,NA,unclear,FALSE
frame8__s2523,C:/R_projects/spat_1f_noise/processed_feed\rep110\processed_rep110__cam19_s2523_rank8.jpg,processed_rep110__cam19_s2523_rank8.jpg,TRUE,rep110,cam19,2523,8,0.9957168698310852,859.34698486328125,423.24847412109375,0.08634413778781891,902.39080810546875,385.8228759765625,0.11984919756650925,903.62060546875,328.43695068359375,0.2161446213722229,895.2435189120272,375.8729281767956,2357,1000,1000,FALSE,FALSE,NA,unclear,FALSE
frame9__s2884,C:/R_projects/spat_1f_noise/processed_feed\rep110\processed_rep110__cam19_s2884_rank9.jpg,processed_rep110__cam19_s2884_rank9.jpg,TRUE,rep110,cam19,2884,9,0.9958922863006592,860.3465576171875,421.3926696777344,0.07415067404508591,902.2265625,386.74176025390625,0.10854242742061615,902.2265625,328.57763671875,0.21465738117694855,895.6351986330628,374.9384878257155,2344,1000,1000,FALSE,FALSE,NA,unclear,FALSE
frame10__s3244,C:/R_projects/spat_1f_noise/processed_feed\rep110\processed_rep110__cam19_s3244_rank10.jpg,processed_rep110__cam19_s3244_rank10.jpg,TRUE,rep110,cam19,3244,10,0.9966458678245544,858.3563232421875,425.16949462890625,0.06721879541873932,901.92779541015625,386.5755615234375,0.09743203967809677,904.4176025390625,328.06219482421875,0.20986449718475342,894.9746407438715,376.31994928148777,2372,1000,1000,FALSE,FALSE,NA,unclear,FALSE
frame11__s3605,C:/R_projects/spat_1f_noise/processed_feed\rep110\processed_rep110__cam19_s3605_rank11.jpg,processed_rep110__cam19_s3605_rank11.jpg,TRUE,rep110,cam19,3605,11,0.9962712526321412,859.0677490234375,423.66644287109375,0.07618306577205658,902.145263671875,387.64727783203125,0.10599616914987564,904.6068115234375,329.27130126953125,0.1920006424188614,895.1634738186463,376.9799914857386,2353,1000,1000,FALSE,FALSE,NA,unclear,FALSE
frame12__s3965,C:/R_projects/spat_1f_noise/processed_feed\rep110\processed_rep110__cam19_s3965_rank12.jpg,processed_rep110__cam19_s3965_rank12.jpg,TRUE,rep110,cam19,3965,12,0.9965664148330688,859.6436767578125,425.16754150390625,0.08180507272481918,901.6641845703125,386.7094421386719,0.10222649574279785,904.135986328125,328.4020690917969,0.2156793624162674,895.0033812341504,376.1462383770076,2373,1000,1000,FALSE,FALSE,NA,unclear,FALSE
frame13__s4326,C:/R_projects/spat_1f_noise/processed_feed\rep110\processed_rep110__cam19_s4326_rank13.jpg,processed_rep110__cam19_s4326_rank13.jpg,TRUE,rep110,cam19,4326,13,0.9987552165985109,923.3223876953125,438.73431396484375,0.2587367296218872,918.4381103515625,396.5609436035156,0.04091767594218254,902.5643310546875,334.541259765625,0.09124191105365753,914.9243197278912,384.7937925170068,2349.5,1000,1000,FALSE,FALSE,NA,unclear,FALSE
frame14__s4686,C:/R_projects/spat_1f_noise/processed_feed\rep110\processed_rep110__cam19_s4686_rank14.jpg,processed_rep110__cam19_s4686_rank14.jpg,TRUE,rep110,cam19,4686,14,0.998073935508728,915.2313232421875,441.7933654785156,0.46409931778907776,918.85162353515625,395.77618408203125,0.031160885468125343,901.9569091796875,334.8344421386719,0.08418935537338257,914.2631355932203,384.61610169491524,2359.5,1000,1000,FALSE,FALSE,NA,unclear,FALSE
frame15__s5046,C:/R_projects/spat_1f_noise/processed_feed\rep110\processed_rep110__cam19_s5046_rank15.jpg,processed_rep110__cam19_s5046_rank15.jpg,TRUE,rep110,cam19,5046,15,0.9980212450027466,914.604248046875,439.9281005859375,0.8098728656768799,919.49554443359375,397.75299072265625,0.040882039815187454,902.3759765625,334.4903259277344,0.08742450922727585,914.136287625418,386.3403010033445,2393.5,1000,1000,FALSE,FALSE,NA,unclear,FALSE
frame16__s5407,C:/R_projects/spat_1f_noise/processed_feed\rep110\processed_rep110__cam19_s5407_rank16.jpg,processed_rep110__cam19_s5407_rank16.jpg,TRUE,rep110,cam19,5407,16,0.9983519315719604,928.05224609375,436.30938720703125,0.09306101500988007,921.8974609375,395.091796875,0.07586409896612167,903.4329833984375,335.13885498046875,0.1439007967710495,918.5635593220339,384.2326271186441,2358,1000,1000,FALSE,FALSE,-0.37939726979563776,no issue,FALSE
frame17__s5767,C:/R_projects/spat_1f_noise/processed_feed\rep110\processed_rep110__cam19_s5767_rank17.jpg,processed_rep110__cam19_s5767_rank17.jpg,TRUE,rep110,cam19,5767,17,0.9983630776405334,931.64434814453125,449.9487609863281,0.04040607810020447,921.72705078125,396.2530517578125,0.07372050732374191,903.13201904296875,335.06488037109375,0.1418960988521576,918.3638262322473,384.6762740183793,2390.5,1000,1000,FALSE,FALSE,0.1659706406581154,no issue,FALSE
frame18__s6128,C:/R_projects/spat_1f_noise/processed_feed\rep110\processed_rep110__cam19_s6128_rank18.jpg,processed_rep110__cam19_s6128_rank18.jpg,TRUE,rep110,cam19,6128,18,0.998336136341095,924.69677734375,438.9168701171875,1.1938284635543823,921.0238037109375,395.1919250488281,0.05444587767124176,902.6585693359375,335.2262878417969,0.1309499442577362,917.7731576780568,384.2305475504323,2425.5,1000,1000,FALSE,FALSE,0.5361751724791085,no issue,FALSE
frame19__s6488,C:/R_projects/spat_1f_noise/processed_feed\rep110\processed_rep110__cam19_s6488_rank19.jpg,processed_rep110__cam19_s6488_rank19.jpg,TRUE,rep110,cam19,6488,19,0.9986750483512878,937.380859375,428.4649658203125,1.8465441465377808,927.39404296875,389.9578552246094,0.11000138521194458,903.67529296875,329.091796875,0.13802260160446167,922.43922883487,376.79715004191115,2384,1000,1000,FALSE,FALSE,0.32646962058596957,no issue,FALSE
frame20__s6848,C:/R_projects/spat_1f_noise/processed_feed\rep110\processed_rep110__cam19_s6848_rank20.jpg,processed_rep110__cam19_s6848_rank20.jpg,TRUE,rep110,cam19,6848,20,0.998714804649353,936.5321044921875,424.461181640625,0.37506741285324097,926.6656494140625,387.0683288574219,0.12369708716869354,901.9993896484375,327.23974609375,0.13575255870819092,921.8612419700214,375.596573875803,2332,1000,1000,FALSE,FALSE,-0.21285664253408465,no issue,FALSE
frame21__s7209,C:/R_projects/spat_1f_noise/processed_feed\rep110\processed_rep110__cam19_s7209_rank21.jpg,processed_rep110__cam19_s7209_rank21.jpg,TRUE,rep110,cam19,7209,21,0.9990469813346864,934.6068115234375,428.880859375,0.9213765263557434,927.2767333984375,387.9695129394531,0.10702019929885864,901.6217041015625,328.46209716796875,0.15116114914417267,921.7902813299232,375.9765558397272,2344,1000,1000,FALSE,FALSE,-0.039744638698875026,no issue,FALSE
frame22__s7569,C:/R_projects/spat_1f_noise/processed_feed\rep110\processed_rep110__cam19_s7569_rank22.jpg,processed_rep110__cam19_s7569_rank22.jpg,TRUE,rep110,cam19,7569,22,0.9984248876571656,935.787109375,430.1213073730469,0.6353951096534729,927.1617431640625,388.8736267089844,0.10224951803684235,901.285400390625,328.87701416015625,0.13416919112205505,921.7644610903038,376.39492301290056,2400,1000,1000,FALSE,FALSE,0.5544689301837941,no issue,FALSE
frame23__s7930,C:/R_projects/spat_1f_noise/processed_feed\rep110\processed_rep110__cam19_s7930_rank23.jpg,processed_rep110__cam19_s7930_rank23.jpg,TRUE,rep110,cam19,7930,23,0.9985963702201844,935.36651611328125,427.4057312011719,0.4673793613910675,926.79736328125,387.7447509765625,0.09285306185483932,899.86541748046875,328.2532958984375,0.1447427123785019,921.6361312313592,376.24030677460587,2344,1000,1000,FALSE,FALSE,-0.011458708322704372,no issue,FALSE
frame24__s8290,C:/R_projects/spat_1f_noise/processed_feed\rep110\processed_rep110__cam19_s8290_rank24.jpg,processed_rep110__cam19_s8290_rank24.jpg,TRUE,rep110,cam19,8290,24,0.9988906979560852,934.77935791015625,434.69281005859375,0.602681040763855,927.286865234375,391.2916259765625,0.11152908951044083,906.057861328125,328.0498962402344,0.16177745163440704,922.8817292006526,380.1121533442088,2449,1000,1000,FALSE,FALSE,1.0803458368170584,no issue,FALSE
frame25__s8651,C:/R_projects/spat_1f_noise/processed_feed\rep110\processed_rep110__cam19_s8651_rank25.jpg,processed_rep110__cam19_s8651_rank25.jpg,TRUE,rep110,cam19,8651,25,0.9989417195320128,934.9459228515625,434.749755859375,1.090859293937683,927.534912109375,391.2928466796875,0.10737048089504242,905.30218505859375,329.21148681640625,0.14711694419384003,922.7038111019056,379.8380281690141,2412,1000,1000,FALSE,FALSE,0.700902558961922,no issue,FALSE
frame26__s9011,C:/R_projects/spat_1f_noise/processed_feed\rep110\processed_rep110__cam19_s9011_rank26.jpg,processed_rep110__cam19_s9011_rank26.jpg,TRUE,rep110,cam19,9011,26,0.9989618062973022,935.60150146484375,433.01275634765625,0.2047717571258545,928.11309814453125,391.83648681640625,0.11931070685386658,904.3997802734375,329.4481201171875,0.1332748532295227,922.1736753574432,378.67746005046257,2376.5,1000,1000,FALSE,FALSE,0.35025900893199946,no issue,FALSE
frame27__s9371,C:/R_projects/spat_1f_noise/processed_feed\rep110\processed_rep110__cam19_s9371_rank27.jpg,processed_rep110__cam19_s9371_rank27.jpg,TRUE,rep110,cam19,9371,27,0.9989989399909972,935.0133056640625,434.2819519042969,0.7961037158966064,927.61871337890625,390.76397705078125,0.12103582918643951,902.97027587890625,328.5954284667969,0.13127419352531433,921.9680981595092,378.278527607362,2443.5,1000,1000,FALSE,FALSE,1.0473318312051774,no issue,FALSE
frame28__s9732,C:/R_projects/spat_1f_noise/processed_feed\rep110\processed_rep110__cam19_s9732_rank28.jpg,processed_rep110__cam19_s9732_rank28.jpg,TRUE,rep110,cam19,9732,28,0.9989123344421388,934.77783203125,435.065673828125,0.35720670223236084,927.403564453125,391.5419006347656,0.11472608894109726,902.82257080078125,330.6086730957031,0.12725581228733063,922.2349102773246,379.46044045676996,2450.5,1000,1000,FALSE,FALSE,1.1210192780148598,no issue,FALSE
frame29__s10092,C:/R_projects/spat_1f_noise/processed_feed\rep110\processed_rep110__cam19_s10092_rank29.jpg,processed_rep110__cam19_s10092_rank29.jpg,TRUE,rep110,cam19,10092,29,0.998971939086914,935.49371337890625,434.2887878417969,0.7995030283927917,928.16949462890625,390.5437927246094,0.13136880099773407,902.53485107421875,329.30084228515625,0.12295220792293549,922.1383067896061,378.3860016764459,2385,1000,1000,FALSE,FALSE,0.4643328592187951,no issue,FALSE
frame30__s10453,C:/R_projects/spat_1f_noise/processed_feed\rep110\processed_rep110__cam19_s10453_rank30.jpg,processed_rep110__cam19_s10453_rank30.jpg,TRUE,rep110,cam19,10453,30,0.998612642288208,961.07733154296875,416.7581787109375,0.10695989429950714,936.2564697265625,380.51611328125,0.12904340028762817,900.26617431640625,326.7779541015625,0.1303580403327942,928.9489666807254,368.6081822016027,2372.5,1000,1000,FALSE,FALSE,0.3314382211172986,no issue,FALSE
frame31__s10813,C:/R_projects/spat_1f_noise/processed_feed\rep110\processed_rep110__cam19_s10813_rank31.jpg,processed_rep110__cam19_s10813_rank31.jpg,TRUE,rep110,cam19,10813,31,0.9984831213951112,953.78350830078125,410.96435546875,0.15767987072467804,936.5341796875,382.3487854003906,0.13242566585540771,899.571533203125,327.60595703125,0.13922013342380524,929.4292783505155,370.0140206185567,2425.5,1000,1000,FALSE,FALSE,0.8956370372731435,no issue,FALSE
frame32__s11174,C:/R_projects/spat_1f_noise/processed_feed\rep110\processed_rep110__cam19_s11174_rank32.jpg,processed_rep110__cam19_s11174_rank32.jpg,TRUE,rep110,cam19,11174,32,0.9876791834831238,860.67352294921875,340.5509033203125,0.0706794261932373,912.9803466796875,364.2029113769531,0.022096918895840645,890.5631103515625,323.12310791015625,0.04660159349441528,895.5754106520657,352.0821304131409,2009.5,1000,1000,FALSE,FALSE,-3.361409066843349,too small,FALSE
frame33__s11534,C:/R_projects/spat_1f_noise/processed_feed\rep110\processed_rep110__cam19_s11534_rank33.jpg,processed_rep110__cam19_s11534_rank33.jpg,TRUE,rep110,cam19,11534,33,0.992857813835144,859.34454345703125,346.2236328125,0.05927969515323639,913.896484375,367.1536865234375,0.04043035954236984,895.2991943359375,325.2935791015625,0.0527244471013546,895.791037735849,354.3419811320755,2120,1000,1000,FALSE,FALSE,-2.225186192108196,too small,FALSE
frame34__s11895,C:/R_projects/spat_1f_noise/processed_feed\rep110\processed_rep110__cam19_s11895_rank34.jpg,processed_rep110__cam19_s11895_rank34.jpg,TRUE,rep110,cam19,11895,34,0.9917230010032654,860.67864990234375,346.9653625488281,0.0664173886179924,914.22698974609375,368.05657958984375,0.029569927603006363,901.77392578125,328.3554382324219,0.10478681325912476,896.1416666666667,356.43194444444447,2165,1000,1000,FALSE,FALSE,-1.752559710678504,no issue,FALSE
frame35__s12255,C:/R_projects/spat_1f_noise/processed_feed\rep110\processed_rep110__cam19_s12255_rank35.jpg,processed_rep110__cam19_s12255_rank35.jpg,TRUE,rep110,cam19,12255,35,0.9972698092460632,868.09375,453.2075500488281,0.0522272028028965,891.61798095703125,407.3651428222656,0.18184062838554382,928.7615966796875,347.89385986328125,0.14719456434249878,897.5033250207814,394.9684123025769,2408.5,1000,1000,FALSE,FALSE,0.8103172329636013,no issue,FALSE
frame36__s12615,C:/R_projects/spat_1f_noise/processed_feed\rep110\processed_rep110__cam19_s12615_rank36.jpg,processed_rep110__cam19_s12615_rank36.jpg,TRUE,rep110,cam19,12615,36,0.9980900883674622,870.40924072265625,444.65582275390625,0.058558348566293716,895.073974609375,405.06292724609375,0.14934563636779785,925.905029296875,346.9108581542969,0.15172189474105835,900.312025033527,390.32498882431827,2240.5,1000,1000,FALSE,FALSE,-0.9481361821067559,no issue,FALSE
frame37__s12976,C:/R_projects/spat_1f_noise/processed_feed\rep110\processed_rep110__cam19_s12976_rank37.jpg,processed_rep110__cam19_s12976_rank37.jpg,TRUE,rep110,cam19,12976,37,0.9987863898277284,900.144775390625,452.1292724609375,0.25718429684638977,906.35546875,408.5260009765625,0.08295658975839615,923.7452392578125,348.7272644042969,0.10609233379364014,908.3845150065246,399.9669421487603,2295,1000,1000,FALSE,FALSE,-0.3730835575625444,no issue,FALSE
frame38__s13336,C:/R_projects/spat_1f_noise/processed_feed\rep110\processed_rep110__cam19_s13336_rank38.jpg,processed_rep110__cam19_s13336_rank38.jpg,TRUE,rep110,cam19,13336,38,0.9987336993217468,897.5426025390625,450.4371337890625,0.05092613399028778,904.90869140625,410.50799560546875,0.09574876725673676,924.55145263671875,348.11871337890625,0.15813882648944855,907.8236331569665,400.20238095238096,2266,1000,1000,FALSE,FALSE,-0.6367362524552603,no issue,FALSE
frame39__s13697,C:/R_projects/spat_1f_noise/processed_feed\rep110\processed_rep110__cam19_s13697_rank39.jpg,processed_rep110__cam19_s13697_rank39.jpg,TRUE,rep110,cam19,13697,39,0.9988179802894592,896.71337890625,464.3548583984375,0.03174951672554016,905.23675537109375,410.9217529296875,0.10152993351221085,924.7186279296875,348.7901611328125,0.14683781564235687,907.9196044711952,400.15219260533104,2323,1000,1000,FALSE,FALSE,-0.011518216779823745,no issue,FALSE
frame40__s14057,C:/R_projects/spat_1f_noise/processed_feed\rep110\processed_rep110__cam19_s14057_rank40.jpg,processed_rep110__cam19_s14057_rank40.jpg,TRUE,rep110,cam19,14057,40,0.9988125562667848,895.832763671875,464.39141845703125,0.04150976613163948,905.6866455078125,408.43170166015625,0.1030689999461174,925.39459228515625,348.74139404296875,0.1475275307893753,908.2074263764405,399.4511310285958,2340,1000,1000,FALSE,FALSE,0.22620892948818508,no issue,FALSE
frame41__s14418,C:/R_projects/spat_1f_noise/processed_feed\rep110\processed_rep110__cam19_s14418_rank41.jpg,processed_rep110__cam19_s14418_rank41.jpg,TRUE,rep110,cam19,14418,41,0.9988330006599426,898.54541015625,452.910888671875,0.7454618811607361,904.7935791015625,411.94036865234375,0.10871034115552902,926.037353515625,348.622314453125,0.15621693432331085,908.1857571857572,400.4088374088374,2329,1000,1000,FALSE,FALSE,0.1446769698630157,no issue,FALSE
frame42__s14778,C:/R_projects/spat_1f_noise/processed_feed\rep110\processed_rep110__cam19_s14778_rank42.jpg,processed_rep110__cam19_s14778_rank42.jpg,TRUE,rep110,cam19,14778,42,0.9987722039222716,896.69427490234375,450.64996337890625,0.31218355894088745,905.32171630859375,410.9652404785156,0.11365421116352081,926.2742919921875,347.7176513671875,0.13298861682415009,908.2969151670951,399.82176520994,2332.5,1000,1000,FALSE,FALSE,0.21995454860035205,no issue,FALSE
frame43__s15138,C:/R_projects/spat_1f_noise/processed_feed\rep110\processed_rep110__cam19_s15138_rank43.jpg,processed_rep110__cam19_s15138_rank43.jpg,TRUE,rep110,cam19,15138,43,0.998824417591095,896.1380615234375,464.45611572265625,0.050271518528461456,905.89227294921875,408.2350158691406,0.09993742406368256,926.61993408203125,347.01654052734375,0.14242000877857208,908.399409531843,399.7988190636862,2369.5,1000,1000,FALSE,FALSE,0.7101749377092286,no issue,FALSE
frame44__s15499,C:/R_projects/spat_1f_noise/processed_feed\rep110\processed_rep110__cam19_s15499_rank44.jpg,processed_rep110__cam19_s15499_rank44.jpg,TRUE,rep110,cam19,15499,44,0.9986961483955384,898.75848388671875,451.78173828125,0.19551068544387817,904.89434814453125,410.59576416015625,0.09848063439130783,925.75628662109375,346.94476318359375,0.15130075812339783,908.1829694323144,400.2519650655022,2287.5,1000,1000,FALSE,FALSE,-0.19305459180492604,no issue,FALSE
frame45__s15859,C:/R_projects/spat_1f_noise/processed_feed\rep110\processed_rep110__cam19_s15859_rank45.jpg,processed_rep110__cam19_s15859_rank45.jpg,TRUE,rep110,cam19,15859,45,0.9987068176269532,898.69921875,453.984619140625,0.29044708609580994,906.120849609375,408.13018798828125,0.10644998401403427,925.911865234375,344.9254150390625,0.13538847863674164,908.5242309313106,399.08554572271385,2372.5,1000,1000,FALSE,FALSE,0.868163350760317,no issue,FALSE
frame46__s16220,C:/R_projects/spat_1f_noise/processed_feed\rep110\processed_rep110__cam19_s16220_rank46.jpg,processed_rep110__cam19_s16220_rank46.jpg,TRUE,rep110,cam19,16220,46,0.9987347722053528,898.14263916015625,447.5265808105469,0.06846655160188675,905.51934814453125,408.9541015625,0.11107264459133148,925.19049072265625,346.74041748046875,0.14659057557582855,908.2285714285714,399.08742004264394,2343,1000,1000,FALSE,FALSE,0.5356302410588983,no issue,FALSE
frame47__s16580,C:/R_projects/spat_1f_noise/processed_feed\rep110\processed_rep110__cam19_s16580_rank47.jpg,processed_rep110__cam19_s16580_rank47.jpg,TRUE,rep110,cam19,16580,47,0.9984993934631348,897.9346923828125,447.59112548828125,0.09575425088405609,906.66534423828125,407.7818603515625,0.12665556371212006,925.37384033203125,346.82391357421875,0.15275868773460388,908.5402348847325,398.4136581122227,2298.5,1000,1000,FALSE,FALSE,0.04313501669952953,no issue,FALSE
frame48__s16941,C:/R_projects/spat_1f_noise/processed_feed\rep110\processed_rep110__cam19_s16941_rank48.jpg,processed_rep110__cam19_s16941_rank48.jpg,TRUE,rep110,cam19,16941,48,0.9982598423957824,897.19921875,449.8951416015625,0.08706958591938019,905.8055419921875,410.0201721191406,0.11760574579238892,925.4771728515625,346.469482421875,0.13817831873893738,908.3036848792884,398.9707750952986,2360.5,1000,1000,FALSE,FALSE,0.9816227943623738,no issue,FALSE
frame49__s17301,C:/R_projects/spat_1f_noise/processed_feed\rep110\processed_rep110__cam19_s17301_rank49.jpg,processed_rep110__cam19_s17301_rank49.jpg,TRUE,rep110,cam19,17301,49,0.998200297355652,899.6563720703125,452.7761535644531,0.1415558010339737,905.8216552734375,409.3048400878906,0.10166122019290924,924.31756591796875,345.9609680175781,0.1434851586818695,907.9401893287436,400.013339070568,2323,1000,1000,FALSE,FALSE,0.2657444330207937,no issue,FALSE
frame50__s17662,C:/R_projects/spat_1f_noise/processed_feed\rep110\processed_rep110__cam19_s17662_rank50.jpg,processed_rep110__cam19_s17662_rank50.jpg,TRUE,rep110,cam19,17662,50,0.9986615180969238,899.50506591796875,452.1525573730469,0.12353180348873138,905.7437744140625,409.89361572265625,0.1348339170217514,924.4600830078125,346.5051574707031,0.15077853202819824,908.0831565549428,399.0161221892236,2356.5,1000,1000,FALSE,FALSE,0.7529802378838147,no issue,FALSE
frame51__s18022,C:/R_projects/spat_1f_noise/processed_feed\rep110\processed_rep110__cam19_s18022_rank51.jpg,processed_rep110__cam19_s18022_rank51.jpg,TRUE,rep110,cam19,18022,51,0.998512089252472,895.175048828125,463.14453125,0.042213913053274155,906.3360595703125,408.31817626953125,0.1178722158074379,923.6976318359375,347.2615966796875,0.13754506409168243,908.0705322371268,398.69320640415407,2310.5,1000,1000,FALSE,FALSE,-0.2116592301559239,no issue,FALSE
frame52__s18382,C:/R_projects/spat_1f_noise/processed_feed\rep110\processed_rep110__cam19_s18382_rank52.jpg,processed_rep110__cam19_s18382_rank52.jpg,TRUE,rep110,cam19,18382,52,0.9984007477760316,893.599853515625,466.580810546875,0.04363751783967018,906.01617431640625,409.506591796875,0.10765960067510605,923.3990478515625,346.2286682128906,0.1505088061094284,907.7920410783055,399.8635002139495,2336.5,1000,1000,FALSE,FALSE,0.2914648050834716,no issue,FALSE
frame53__s18743,C:/R_projects/spat_1f_noise/processed_feed\rep110\processed_rep110__cam19_s18743_rank53.jpg,processed_rep110__cam19_s18743_rank53.jpg,TRUE,rep110,cam19,18743,53,0.998606026172638,893.90087890625,462.51129150390625,0.05172119289636612,906.346435546875,407.7580261230469,0.09929809719324112,922.525634765625,348.0272216796875,0.16838735342025757,907.289925208975,399.64012318521776,2272,1000,1000,FALSE,FALSE,-1.1584257870961812,no issue,FALSE
frame54__s19103,C:/R_projects/spat_1f_noise/processed_feed\rep110\processed_rep110__cam19_s19103_rank54.jpg,processed_rep110__cam19_s19103_rank54.jpg,TRUE,rep110,cam19,19103,54,0.9984779953956604,893.85247802734375,462.9659423828125,0.04577535390853882,906.26214599609375,408.35894775390625,0.1013476699590683,922.3946533203125,347.5466613769531,0.14255118370056152,907.3068131868132,400.3432967032967,2273.5,1000,1000,FALSE,FALSE,-1.218582718167019,no issue,FALSE
frame55__s19464,C:/R_projects/spat_1f_noise/processed_feed\rep110\processed_rep110__cam19_s19464_rank55.jpg,processed_rep110__cam19_s19464_rank55.jpg,TRUE,rep110,cam19,19464,55,0.9983986020088196,893.58953857421875,463.18878173828125,0.046951353549957275,905.7845458984375,409.757080078125,0.10372213274240494,922.857421875,346.3846435546875,0.15052807331085205,907.1993022241605,400.51722634103794,2293.5,1000,1000,FALSE,FALSE,-0.8340343484032604,no issue,FALSE
frame56__s19824,C:/R_projects/spat_1f_noise/processed_feed\rep110\processed_rep110__cam19_s19824_rank56.jpg,processed_rep110__cam19_s19824_rank56.jpg,TRUE,rep110,cam19,19824,56,0.998407542705536,898.359619140625,446.78326416015625,0.06784823536872864,906.9903564453125,405.7519226074219,0.09846135228872299,923.01904296875,346.0699768066406,0.1572854071855545,907.5430549545652,399.1384681955863,2312,1000,1000,FALSE,FALSE,-0.45760700589004827,no issue,FALSE
frame57__s20184,C:/R_projects/spat_1f_noise/processed_feed\rep110\processed_rep110__cam19_s20184_rank57.jpg,processed_rep110__cam19_s20184_rank57.jpg,TRUE,rep110,cam19,20184,57,0.9988868832588196,894.4056396484375,461.86773681640625,0.04427892714738846,906.712158203125,407.3481750488281,0.08794587850570679,922.710693359375,346.6331787109375,0.14983327686786652,907.6672527472527,398.7876923076923,2276,1000,1000,FALSE,FALSE,-1.1946841810703777,no issue,FALSE
frame58__s20545,C:/R_projects/spat_1f_noise/processed_feed\rep110\processed_rep110__cam19_s20545_rank58.jpg,processed_rep110__cam19_s20545_rank58.jpg,TRUE,rep110,cam19,20545,58,0.99871563911438,893.482421875,463.0868225097656,0.045777782797813416,905.980224609375,409.33917236328125,0.11134293675422668,922.2274169921875,346.8419189453125,0.15261246263980865,907.2229020979021,399.9847027972028,2288,1000,1000,FALSE,FALSE,-0.9133391297901946,no issue,FALSE
frame59__s20905,C:/R_projects/spat_1f_noise/processed_feed\rep110\processed_rep110__cam19_s20905_rank59.jpg,processed_rep110__cam19_s20905_rank59.jpg,TRUE,rep110,cam19,20905,59,0.9984536170959472,898.4539794921875,447.69134521484375,0.10038658231496811,905.7945556640625,409.1466979980469,0.103422611951828,922.92242431640625,345.7345275878906,0.16079312562942505,907.4191049913942,399.55120481927713,2325,1000,1000,FALSE,FALSE,-0.13334064470840307,no issue,FALSE
frame60__s21266,C:/R_projects/spat_1f_noise/processed_feed\rep110\processed_rep110__cam19_s21266_rank60.jpg,processed_rep110__cam19_s21266_rank60.jpg,TRUE,rep110,cam19,21266,60,0.998503804206848,893.534912109375,462.3226623535156,0.05119048058986664,906.994873046875,407.32562255859375,0.09444829821586609,922.9019775390625,346.0789489746094,0.15400463342666626,907.5400862068966,398.6034482758621,2320.5,1000,1000,FALSE,FALSE,-0.26696272676660565,no issue,FALSE
frame61__s21626,C:/R_projects/spat_1f_noise/processed_feed\rep110\processed_rep110__cam19_s21626_rank61.jpg,processed_rep110__cam19_s21626_rank61.jpg,TRUE,rep110,cam19,21626,61,0.9987051486968994,893.8721923828125,462.16748046875,0.049710605293512344,906.2833251953125,408.4812927246094,0.1074226051568985,922.417724609375,346.0555419921875,0.15424184501171112,907.4439171699742,399.2182916307161,2318,1000,1000,FALSE,FALSE,-0.26736011064125675,no issue,FALSE
frame62__s21987,C:/R_projects/spat_1f_noise/processed_feed\rep110\processed_rep110__cam19_s21987_rank62.jpg,processed_rep110__cam19_s21987_rank62.jpg,TRUE,rep110,cam19,21987,62,0.9984431862831116,893.726806640625,461.332275390625,0.049837954342365265,905.9952392578125,407.8204345703125,0.10074756294488907,921.94427490234375,346.84185791015625,0.13680152595043182,907.4218818380743,399.12603938730854,2284.5,1000,1000,FALSE,FALSE,-0.9162171766133548,no issue,FALSE
frame63__s22347,C:/R_projects/spat_1f_noise/processed_feed\rep110\processed_rep110__cam19_s22347_rank63.jpg,processed_rep110__cam19_s22347_rank63.jpg,TRUE,rep110,cam19,22347,63,0.9986742734909058,893.89129638671875,463.736328125,0.049085695296525955,906.17425537109375,408.7545166015625,0.11090731620788574,922.14202880859375,346.2751770019531,0.1362193077802658,907.4464594127807,399.18998272884284,2317.5,1000,1000,FALSE,FALSE,-0.21516329207655607,no issue,FALSE
frame64__s22708,C:/R_projects/spat_1f_noise/processed_feed\rep110\processed_rep110__cam19_s22708_rank64.jpg,processed_rep110__cam19_s22708_rank64.jpg,TRUE,rep110,cam19,22708,64,0.9983508586883544,893.27392578125,461.7257995605469,0.04585782438516617,906.69921875,408.1531982421875,0.12670285999774933,922.5654296875,345.85943603515625,0.15536315739154816,907.4167389418907,399.0160450997398,2306,1000,1000,FALSE,FALSE,-0.37160872135357825,no issue,FALSE
frame65__s23068,C:/R_projects/spat_1f_noise/processed_feed\rep110\processed_rep110__cam19_s23068_rank65.jpg,processed_rep110__cam19_s23068_rank65.jpg,TRUE,rep110,cam19,23068,65,0.9989622831344604,899.0604248046875,461.6798095703125,0.47781074047088623,902.7359619140625,415.4351501464844,0.10457916557788849,926.0140380859375,347.9429626464844,0.11651315540075302,907.8146361077604,402.4314435062324,2483.5,1000,1000,FALSE,FALSE,3.0493158634901274,too big,FALSE
frame66__s23428,C:/R_projects/spat_1f_noise/processed_feed\rep110\processed_rep110__cam19_s23428_rank66.jpg,processed_rep110__cam19_s23428_rank66.jpg,TRUE,rep110,cam19,23428,66,0.99879789352417,900.08392333984375,452.7845764160156,0.5217830538749695,906.201171875,410.5076599121094,0.10445286333560944,926.9996337890625,345.8488464355469,0.1296195387840271,909.3675538656528,399.24081115335866,2363.5,1000,1000,FALSE,FALSE,0.7757417120943392,no issue,FALSE
frame67__s23789,C:/R_projects/spat_1f_noise/processed_feed\rep110\processed_rep110__cam19_s23789_rank67.jpg,processed_rep110__cam19_s23789_rank67.jpg,TRUE,rep110,cam19,23789,67,0.9986042380332948,898.3577880859375,450.4253845214844,0.21977825462818146,906.99188232421875,408.18603515625,0.09771423786878586,926.72698974609375,344.8270263671875,0.12667635083198547,909.4991561181434,398.920253164557,2368,1000,1000,FALSE,FALSE,0.8675471403337874,no issue,FALSE
frame68__s24149,C:/R_projects/spat_1f_noise/processed_feed\rep110\processed_rep110__cam19_s24149_rank68.jpg,processed_rep110__cam19_s24149_rank68.jpg,TRUE,rep110,cam19,24149,68,0.9991515874862672,894.70220947265625,465.27081298828125,0.06911127269268036,905.71807861328125,410.50103759765625,0.10391908884048462,931.4217529296875,349.5074462890625,0.16289959847927094,909.1603238866397,399.5854251012146,2470,1000,1000,FALSE,FALSE,2.7237239902015644,too big,FALSE
frame69__s24510,C:/R_projects/spat_1f_noise/processed_feed\rep110\processed_rep110__cam19_s24510_rank69.jpg,processed_rep110__cam19_s24510_rank69.jpg,TRUE,rep110,cam19,24510,69,0.9990608096122742,894.71826171875,463.6656494140625,0.058850985020399094,906.9310302734375,409.12603759765625,0.12164977192878723,930.1351318359375,348.38873291015625,0.15388979017734528,909.5309213294069,399.8481278923012,2375.5,1000,1000,FALSE,FALSE,1.0267898227774763,no issue,FALSE
frame70__s24870,C:/R_projects/spat_1f_noise/processed_feed\rep110\processed_rep110__cam19_s24870_rank70.jpg,processed_rep110__cam19_s24870_rank70.jpg,TRUE,rep110,cam19,24870,70,0.9990580677986144,895.22467041015625,462.7122497558594,0.05626605451107025,907.58251953125,409.2621154785156,0.11523857712745667,929.8267822265625,347.11077880859375,0.12209047377109528,910.4917617237008,397.8998732572877,2368,1000,1000,FALSE,FALSE,0.5723291205843128,no issue,FALSE
frame71__s25231,C:/R_projects/spat_1f_noise/processed_feed\rep110\processed_rep110__cam19_s25231_rank71.jpg,processed_rep110__cam19_s25231_rank71.jpg,TRUE,rep110,cam19,25231,71,0.998789131641388,894.87109375,463.727783203125,0.04606369137763977,907.1060791015625,410.27764892578125,0.11626622080802917,929.12908935546875,346.8832702636719,0.15441997349262238,909.9982891360137,399.05004277159964,2337.5,1000,1000,FALSE,FALSE,0.10457159154570773,no issue,FALSE
frame72__s25591,C:/R_projects/spat_1f_noise/processed_feed\rep110\processed_rep110__cam19_s25591_rank72.jpg,processed_rep110__cam19_s25591_rank72.jpg,TRUE,rep110,cam19,25591,72,0.9987584352493286,895.33697509765625,461.2515563964844,0.06112973764538765,907.82623291015625,408.94573974609375,0.12664829194545746,927.80908203125,346.6768798828125,0.13301226496696472,910.1747116616831,397.82187099530114,2340.5,1000,1000,FALSE,FALSE,0.140490290018474,no issue,FALSE
frame73__s25952,C:/R_projects/spat_1f_noise/processed_feed\rep110\processed_rep110__cam19_s25952_rank73.jpg,processed_rep110__cam19_s25952_rank73.jpg,TRUE,rep110,cam19,25952,73,0.9990886449813844,894.8568115234375,461.9271545410156,0.06064310297369957,908.46282958984375,409.8205261230469,0.1099010780453682,928.25341796875,346.5481872558594,0.17792093753814697,910.5244328097731,398.7587260034904,2291.5,1000,1000,FALSE,FALSE,-0.5827756141240232,no issue,FALSE
frame74__s26312,C:/R_projects/spat_1f_noise/processed_feed\rep110\processed_rep110__cam19_s26312_rank74.jpg,processed_rep110__cam19_s26312_rank74.jpg,TRUE,rep110,cam19,26312,74,0.9989663362503052,894.78955078125,461.24481201171875,0.058349475264549255,908.24127197265625,409.1259765625,0.11011430621147156,927.807373046875,347.07977294921875,0.1382324993610382,909.8475530532698,398.9597228237332,2307.5,1000,1000,FALSE,FALSE,-0.3816242046441942,no issue,FALSE
frame75__s26672,C:/R_projects/spat_1f_noise/processed_feed\rep110\processed_rep110__cam19_s26672_rank75.jpg,processed_rep110__cam19_s26672_rank75.jpg,TRUE,rep110,cam19,26672,75,0.9989782571792604,893.90380859375,461.429443359375,0.05270954221487045,907.3572998046875,411.81329345703125,0.12729021906852722,928.1490478515625,346.07183837890625,0.16100193560123444,910.5019157088122,397.52788420604514,2349,1000,1000,FALSE,FALSE,0.21070822494721428,no issue,FALSE
frame76__s27033,C:/R_projects/spat_1f_noise/processed_feed\rep110\processed_rep110__cam19_s27033_rank76.jpg,processed_rep110__cam19_s27033_rank76.jpg,TRUE,rep110,cam19,27033,76,0.9990670084953308,893.43896484375,460.89373779296875,0.04978733882308006,909.43548583984375,407.2710876464844,0.09546513110399246,927.89300537109375,346.16619873046875,0.12910966575145721,910.1538126361655,398.240522875817,2295,1000,1000,FALSE,FALSE,-0.5509331292898083,no issue,FALSE
frame77__s27393,C:/R_projects/spat_1f_noise/processed_feed\rep110\processed_rep110__cam19_s27393_rank77.jpg,processed_rep110__cam19_s27393_rank77.jpg,TRUE,rep110,cam19,27393,77,0.9991713762283324,893.678955078125,462.4046325683594,0.055184684693813324,908.5750732421875,410.06170654296875,0.0956263467669487,927.1951904296875,346.50244140625,0.18033158779144287,910.225315354502,399.3649412788169,2299,1000,1000,FALSE,FALSE,-0.5024004982791983,no issue,FALSE
frame78__s27754,C:/R_projects/spat_1f_noise/processed_feed\rep110\processed_rep110__cam19_s27754_rank78.jpg,processed_rep110__cam19_s27754_rank78.jpg,TRUE,rep110,cam19,27754,78,0.9990240335464478,894.0760498046875,460.8460998535156,0.05670005455613136,908.8505859375,409.86248779296875,0.09519941359758377,927.318603515625,346.4438171386719,0.13495488464832306,910.6985391766268,398.25630810092963,2258.5,1000,1000,FALSE,FALSE,-1.1166802652594958,no issue,FALSE
frame79__s28114,C:/R_projects/spat_1f_noise/processed_feed\rep110\processed_rep110__cam19_s28114_rank79.jpg,processed_rep110__cam19_s28114_rank79.jpg,TRUE,rep110,cam19,28114,79,0.999037265777588,894.423828125,461.15631103515625,0.05069676414132118,909.249267578125,409.01922607421875,0.09553222358226776,927.78106689453125,345.7099609375,0.16010001301765442,910.5992923485184,398.3604599734631,2261.5,1000,1000,FALSE,FALSE,-1.0730163240298982,no issue,FALSE
frame80__s28475,C:/R_projects/spat_1f_noise/processed_feed\rep110\processed_rep110__cam19_s28475_rank80.jpg,processed_rep110__cam19_s28475_rank80.jpg,TRUE,rep110,cam19,28475,80,0.99890732765197765,893.71026611328125,461.8636474609375,0.05679912492632866,908.70751953125,408.2240295410156,0.09826478362083435,927.4541015625,347.099853515625,0.15236730873584747,910.499786050492,398.1176722293539,2338.5,1000,1000,FALSE,FALSE,0.03756684618235584,no issue,FALSE
frame81__s28835,C:/R_projects/spat_1f_noise/processed_feed\rep110\processed_rep110__cam19_s28835_rank81.jpg,processed_rep110__cam19_s28835_rank81.jpg,TRUE,rep110,cam19,28835,81,0.9990511536598206,894.09228515625,461.6534423828125,0.0532672256231308,909.0596923828125,409.3864440917969,0.07783538103103638,927.76904296875,347.1638488769531,0.1330021172761917,910.6474245115453,398.2615452930728,2252,1000,1000,FALSE,FALSE,-1.2573176574164608,no issue,FALSE
frame82__s29195,C:/R_projects/spat_1f_noise/processed_feed\rep110\processed_rep110__cam19_s29195_rank82.jpg,processed_rep110__cam19_s29195_rank82.jpg,TRUE,rep110,cam19,29195,82,0.9988805651664734,893.43597412109375,462.363525390625,0.06052534282207489,908.40020751953125,412.8001403808594,0.07974645495414734,927.10546875,347.1286315917969,0.15449663996696472,910.9537521815008,398.2089877835951,2293,1000,1000,FALSE,FALSE,-0.5973317179488175,no issue,FALSE
frame83__s29556,C:/R_projects/spat_1f_noise/processed_feed\rep110\processed_rep110__cam19_s29556_rank83.jpg,processed_rep110__cam19_s29556_rank83.jpg,TRUE,rep110,cam19,29556,83,0.9992401599884032,893.661865234375,461.3499450683594,0.052982963621616364,909.8388671875,409.02947998046875,0.09957068413496017,927.26019287109375,345.49749755859375,0.15015558898448944,910.6887892376682,398.3627802690583,2230,1000,1000,FALSE,FALSE,-1.4471236912576029,no issue,FALSE
frame84__s29916,C:/R_projects/spat_1f_noise/processed_feed\rep110\processed_rep110__cam19_s29916_rank84.jpg,processed_rep110__cam19_s29916_rank84.jpg,TRUE,rep110,cam19,29916,84,0.999173939228058,893.33892822265625,462.142333984375,0.053693220019340515,909.3179931640625,411.16595458984375,0.11539734899997711,926.52618408203125,346.5130310058594,0.1118897944688797,910.5147772386414,399.19761799735335,2266.5,1000,1000,FALSE,FALSE,-0.9590725731008723,no issue,FALSE
frame85__s30277,C:/R_projects/spat_1f_noise/processed_feed\rep110\processed_rep110__cam19_s30277_rank85.jpg,processed_rep110__cam19_s30277_rank85.jpg,TRUE,rep110,cam19,30277,85,0.998816728591919,890.817138671875,475.24273681640625,0.04506409168243408,896.9698486328125,413.16461181640625,0.10416554659605026,922.81121826171875,358.535888671875,0.13347022235393524,900.8348946135832,408.90905542544886,2565,1000,1000,FALSE,FALSE,3.164271256345423,too big,FALSE
frame86__s30637,C:/R_projects/spat_1f_noise/processed_feed\rep110\processed_rep110__cam19_s30637_rank86.jpg,processed_rep110__cam19_s30637_rank86.jpg,TRUE,rep110,cam19,30637,86,0.9990146160125732,876.8731689453125,472.11688232421875,0.09159078449010849,886.71881103515625,422.30902099609375,0.10768966376781464,911.33306884765625,358.8040771484375,0.19326859712600708,890.17805907173,409.9662447257384,2372,1000,1000,FALSE,FALSE,0.47290277981325435,no issue,FALSE
frame87__s30998,C:/R_projects/spat_1f_noise/processed_feed\rep110\processed_rep110__cam19_s30998_rank87.jpg,processed_rep110__cam19_s30998_rank87.jpg,TRUE,rep110,cam19,30998,87,0.9988378882408142,880.90283203125,464.88690185546875,0.1470792442560196,887.1114501953125,420.23394775390625,0.08396697789430618,910.703857421875,358.2159729003906,0.12876224517822266,890.4974182444062,408.6389845094664,2326.5,1000,1000,FALSE,FALSE,-0.16199773720644267,no issue,FALSE
frame88__s31358,C:/R_projects/spat_1f_noise/processed_feed\rep110\processed_rep110__cam19_s31358_rank88.jpg,processed_rep110__cam19_s31358_rank88.jpg,TRUE,rep110,cam19,31358,88,0.99902606010437,879.56793212890625,461.5913391113281,0.26460909843444824,886.9248046875,420.3848571777344,0.08419835567474365,910.2215576171875,356.7021179199219,0.13802768290042877,890.5459621993127,408.5966494845361,2329.5,1000,1000,FALSE,FALSE,-0.12431508097109548,no issue,FALSE
frame89__s31718,C:/R_projects/spat_1f_noise/processed_feed\rep110\processed_rep110__cam19_s31718_rank89.jpg,processed_rep110__cam19_s31718_rank89.jpg,TRUE,rep110,cam19,31718,89,0.9989935755729676,882.32635498046875,460.44403076171875,0.08774030953645706,887.3236083984375,419.546142578125,0.1004907637834549,909.8114013671875,357.5796203613281,0.1480962634086609,890.7285164600256,408.20393330483114,2342,1000,1000,FALSE,FALSE,0.005041421145255606,no issue,FALSE
frame90__s32079,C:/R_projects/spat_1f_noise/processed_feed\rep110\processed_rep110__cam19_s32079_rank90.jpg,processed_rep110__cam19_s32079_rank90.jpg,TRUE,rep110,cam19,32079,90,0.999011754989624,878.12835693359375,469.96368408203125,0.056977953761816025,888.0435791015625,417.6007385253906,0.1024746373295784,909.113525390625,356.51068115234375,0.13878114521503448,890.8418345477926,407.5117873981997,2335,1000,1000,FALSE,FALSE,-0.12548269412936064,no issue,FALSE
frame91__s32439,C:/R_projects/spat_1f_noise/processed_feed\rep110\processed_rep110__cam19_s32439_rank91.jpg,processed_rep110__cam19_s32439_rank91.jpg,TRUE,rep110,cam19,32439,91,0.9990142583847046,880.24835205078125,462.7021789550781,0.06784456223249435,887.62744140625,420.2642822265625,0.10907319188117981,908.53466796875,356.6073913574219,0.154820054769516,890.5301047120419,408.48385689354274,2293.5,1000,1000,FALSE,FALSE,-0.6969474157309209,no issue,FALSE
frame92__s32800,C:/R_projects/spat_1f_noise/processed_feed\rep110\processed_rep110__cam19_s32800_rank92.jpg,processed_rep110__cam19_s32800_rank92.jpg,TRUE,rep110,cam19,32800,92,0.9991568326950072,877.720703125,471.4981689453125,0.06474056839942932,887.65631103515625,419.45220947265625,0.09167146682739258,908.7694091796875,356.2535400390625,0.1457081437110901,890.4783725910064,408.39914346895074,2336,1000,1000,FALSE,FALSE,-0.14307624971075347,no issue,FALSE
frame93__s33160,C:/R_projects/spat_1f_noise/processed_feed\rep110\processed_rep110__cam19_s33160_rank93.jpg,processed_rep110__cam19_s33160_rank93.jpg,TRUE,rep110,cam19,33160,93,0.9989219903945924,878.49273681640625,459.0111083984375,0.14063015580177307,887.0189208984375,420.539306640625,0.09062641113996506,907.72528076171875,357.2470397949219,0.1560494601726532,890.1991434689508,408.5216274089936,2337,1000,1000,FALSE,FALSE,-0.1531937982197193,no issue,FALSE
frame94__s33521,C:/R_projects/spat_1f_noise/processed_feed\rep110\processed_rep110__cam19_s33521_rank94.jpg,processed_rep110__cam19_s33521_rank94.jpg,TRUE,rep110,cam19,33521,94,0.9989470839500428,880.56878662109375,457.7186279296875,0.16055957973003387,888.01324462890625,415.4402160644531,0.10638004541397095,909.10589599609375,355.7530212402344,0.16640372574329376,890.4326424870467,407.68955094991367,2317,1000,1000,FALSE,FALSE,-0.5001520307854495,no issue,FALSE
frame95__s33881,C:/R_projects/spat_1f_noise/processed_feed\rep110\processed_rep110__cam19_s33881_rank95.jpg,processed_rep110__cam19_s33881_rank95.jpg,TRUE,rep110,cam19,33881,95,0.9988898634910583,879.0955810546875,458.540283203125,0.24063631892204285,887.7862548828125,417.5623779296875,0.11112599819898605,908.8919677734375,355.47467041015625,0.1721879541873932,890.3350649350649,407.9428571428571,2311,1000,1000,FALSE,FALSE,-0.6598063905166182,no issue,FALSE
frame96__s34241,C:/R_projects/spat_1f_noise/processed_feed\rep110\processed_rep110__cam19_s34241_rank96.jpg,processed_rep110__cam19_s34241_rank96.jpg,TRUE,rep110,cam19,34241,96,0.9987467527389526,877.971435546875,470.91650390625,0.06841050833463669,887.8668212890625,417.46466064453125,0.11313290894031525,908.8944091796875,355.3114013671875,0.14431020617485046,890.4047818791946,407.76174496644296,2386.5,1000,1000,FALSE,FALSE,0.3561896237647695,no issue,FALSE
frame97__s34602,C:/R_projects/spat_1f_noise/processed_feed\rep110\processed_rep110__cam19_s34602_rank97.jpg,processed_rep110__cam19_s34602_rank97.jpg,TRUE,rep110,cam19,34602,97,0.9987630844116212,881.1405029296875,459.3502502441406,0.2622508108615875,887.29241943359375,417.1787109375,0.11578601598739624,908.20892333984375,355.1617431640625,0.13641875982284546,890.0341105354058,407.8998272884283,2316.5,1000,1000,FALSE,FALSE,-0.716649167198213,no issue,FALSE
frame98__s34962,C:/R_projects/spat_1f_noise/processed_feed\rep110\processed_rep110__cam19_s34962_rank98.jpg,processed_rep110__cam19_s34962_rank98.jpg,TRUE,rep110,cam19,34962,98,0.9985920786857604,876.3887939453125,474.15924072265625,0.0800386294722557,888.88665771484375,414.3475036621094,0.1469462364912033,912.63250732421875,350.7974853515625,0.17256981134414673,891.4605367008681,405.88595106550906,2537,1000,1000,FALSE,FALSE,2.4308988312257487,too big,FALSE
frame99__s35323,C:/R_projects/spat_1f_noise/processed_feed\rep110\processed_rep110__cam19_s35323_rank99.jpg,processed_rep110__cam19_s35323_rank99.jpg,TRUE,rep110,cam19,35323,99,0.9989331364631652,875.65496826171875,471.26165771484375,0.07524926215410233,887.98699951171875,417.83843994140625,0.14126275479793549,916.3504638671875,356.9608154296875,0.18258950114250183,892.0155419222904,407.51697341513295,2445.5,1000,1000,FALSE,FALSE,1.0460868323696906,no issue,FALSE
frame100__s35683,C:/R_projects/spat_1f_noise/processed_feed\rep110\processed_rep110__cam19_s35683_rank100.jpg,processed_rep110__cam19_s35683_rank100.jpg,TRUE,rep110,cam19,35683,100,0.9985145926475524,878.80609130859375,457.5951843261719,0.07105962932109833,887.5438232421875,417.6152038574219,0.1458645462989807,916.25341796875,355.1464538574219,0.1826908141374588,892.4983164983165,406.1161616161616,2376,1000,1000,FALSE,FALSE,-0.09586779933272015,no issue,FALSE
frame101__s36044,C:/R_projects/spat_1f_noise/processed_feed\rep110\processed_rep110__cam19_s36044_rank101.jpg,processed_rep110__cam19_s36044_rank101.jpg,TRUE,rep110,cam19,36044,101,0.998773992061615,876.37847900390625,469.28070068359375,0.06510213017463684,888.707763671875,414.6895751953125,0.15498851239681244,917.06494140625,355.1356506347656,0.15113626420497894,892.6517227065173,405.79659609796596,2410,1000,1000,FALSE,FALSE,0.5693272008027745,no issue,FALSE
frame102__s36404,C:/R_projects/spat_1f_noise/processed_feed\rep110\processed_rep110__cam19_s36404_rank102.jpg,processed_rep110__cam19_s36404_rank102.jpg,TRUE,rep110,cam19,36404,102,0.998402178287506,875.6834716796875,471.0873718261719,0.06497132778167725,888.15185546875,416.36761474609375,0.1318325698375702,915.5823974609375,356.67327880859375,0.18248358368873596,892.2897511598482,406.596794601434,2373,1000,1000,FALSE,FALSE,-0.1251512461139282,no issue,FALSE
frame103__s36764,C:/R_projects/spat_1f_noise/processed_feed\rep110\processed_rep110__cam19_s36764_rank103.jpg,processed_rep110__cam19_s36764_rank103.jpg,TRUE,rep110,cam19,36764,103,0.9985197186470032,879.73870849609375,457.0770263671875,0.09213239699602127,888.37335205078125,415.9800720214844,0.1364680826663971,915.5106201171875,354.95733642578125,0.2267547845840454,892.4184064763527,405.7963357477631,2347.5,1000,1000,FALSE,FALSE,-0.6364614683851971,no issue,FALSE
frame104__s37125,C:/R_projects/spat_1f_noise/processed_feed\rep110\processed_rep110__cam19_s37125_rank104.jpg,processed_rep110__cam19_s37125_rank104.jpg,TRUE,rep110,cam19,37125,104,0.9987277388572692,875.11712646484375,471.2066345214844,0.06699345260858536,888.74993896484375,415.4364318847656,0.1427619904279709,914.7762451171875,355.9482116699219,0.1676153987646103,892.1821998320739,406.7115869017632,2383.5,1000,1000,FALSE,FALSE,-0.06227518120724615,no issue,FALSE
frame105__s37485,C:/R_projects/spat_1f_noise/processed_feed\rep110\processed_rep110__cam19_s37485_rank105.jpg,processed_rep110__cam19_s37485_rank105.jpg,TRUE,rep110,cam19,37485,105,0.9982142448425292,875.090087890625,471.1994934082031,0.07057326287031174,888.7135009765625,415.20526123046875,0.13193778693675995,914.721923828125,355.47808837890625,0.17660711705684662,891.9463986599665,406.84966499162476,2389,1000,1000,FALSE,FALSE,-0.016943840678329963,no issue,FALSE
frame106__s37846,C:/R_projects/spat_1f_noise/processed_feed\rep110\processed_rep110__cam19_s37846_rank106.jpg,processed_rep110__cam19_s37846_rank106.jpg,TRUE,rep110,cam19,37846,106,0.998699426651001,875.4383544921875,470.69000244140625,0.06703581660985947,888.96966552734375,414.4910888671875,0.13794511556625366,914.8021240234375,355.79443359375,0.19202466309070587,892.1462900505902,406.8553962900506,2373.5,1000,1000,FALSE,FALSE,-0.3226712353864028,no issue,FALSE
frame107__s38206,C:/R_projects/spat_1f_noise/processed_feed\rep110\processed_rep110__cam19_s38206_rank107.jpg,processed_rep110__cam19_s38206_rank107.jpg,TRUE,rep110,cam19,38206,107,0.9984787106513976,875.8997802734375,470.2520751953125,0.06720324605703354,888.2408447265625,416.54022216796875,0.1348070204257965,914.156982421875,355.3337097167969,0.1602286398410797,892.1269773407439,406.69559640872166,2340,1000,1000,FALSE,FALSE,-1.0609033068893565,no issue,FALSE
frame108__s38567,C:/R_projects/spat_1f_noise/processed_feed\rep110\processed_rep110__cam19_s38567_rank108.jpg,processed_rep110__cam19_s38567_rank108.jpg,TRUE,rep110,cam19,38567,108,0.9984947443008424,875.7757568359375,471.1105651855469,0.06739229708909988,888.14031982421875,416.53973388671875,0.12306912243366241,914.10595703125,354.52734375,0.19807621836662292,891.953171562367,406.6607066836952,2350.5,1000,1000,FALSE,FALSE,-0.9314233577599755,no issue,FALSE
frame109__s38927,C:/R_projects/spat_1f_noise/processed_feed\rep110\processed_rep110__cam19_s38927_rank109.jpg,processed_rep110__cam19_s38927_rank109.jpg,TRUE,rep110,cam19,38927,109,0.9983136653900146,879.9964599609375,459.4374084472656,0.10118191689252853,888.6044921875,415.854736328125,0.12201701104640961,916.887939453125,356.084228515625,0.22060422599315643,892.81875,406.885,2401,1000,1000,FALSE,FALSE,-6.378676487881151e-4,no issue,FALSE
frame110__s39287,C:/R_projects/spat_1f_noise/processed_feed\rep110\processed_rep110__cam19_s39287_rank110.jpg,processed_rep110__cam19_s39287_rank110.jpg,TRUE,rep110,cam19,39287,110,0.9985039234161376,876.19964599609375,470.97589111328125,0.05554342642426491,889.849365234375,412.3188781738281,0.14318878948688507,917.14892578125,354.9099426269531,0.18536466360092163,892.8100208768267,406.38789144050105,2395,1000,1000,FALSE,FALSE,-0.1999139257745676,no issue,FALSE
frame111__s39648,C:/R_projects/spat_1f_noise/processed_feed\rep110\processed_rep110__cam19_s39648_rank111.jpg,processed_rep110__cam19_s39648_rank111.jpg,TRUE,rep110,cam19,39648,111,0.998884618282318,871.52899169921875,468.9334716796875,0.08417510241270065,890.2470703125,415.27191162109375,0.1551874279975891,918.947998046875,356.6186218261719,0.18171538412570953,892.8716381418093,406.4453952730236,2456.5,1000,1000,FALSE,FALSE,0.9854887421677943,no issue,FALSE
frame112__s40008,C:/R_projects/spat_1f_noise/processed_feed\rep110\processed_rep110__cam19_s40008_rank112.jpg,processed_rep110__cam19_s40008_rank112.jpg,TRUE,rep110,cam19,40008,112,0.9988994598388672,872.02752685546875,469.5487976074219,0.0876917764544487,890.70770263671875,417.19110107421875,0.16484571993350983,918.10540771484375,356.1071472167969,0.17266777157783508,893.4723247232472,405.50717507175074,2440,1000,1000,FALSE,FALSE,0.6940523764988359,no issue,FALSE
frame113__s40369,C:/R_projects/spat_1f_noise/processed_feed\rep110\processed_rep110__cam19_s40369_rank113.jpg,processed_rep110__cam19_s40369_rank113.jpg,TRUE,rep110,cam19,40369,113,0.9989074468612672,871.79742431640625,468.93585205078125,0.07815045118331909,890.2427978515625,418.9973449707031,0.14279337227344513,916.0662841796875,354.0772705078125,0.149915874004364,892.8780177890724,406.6306649724693,2362.5,1000,1000,FALSE,FALSE,-0.5427864995059304,no issue,FALSE
frame114__s40729,C:/R_projects/spat_1f_noise/processed_feed\rep110\processed_rep110__cam19_s40729_rank114.jpg,processed_rep110__cam19_s40729_rank114.jpg,TRUE,rep110,cam19,40729,114,0.998196303844452,878.04046630859375,455.6539611816406,0.06264843791723251,887.92529296875,413.3050537109375,0.14829012751579285,922.5220947265625,360.99169921875,0.2408691644668579,892.9739731598211,407.14843432289547,2460,1000,1000,FALSE,FALSE,1.1996255929467905,no issue,FALSE
frame115__s41090,C:/R_projects/spat_1f_noise/processed_feed\rep110\processed_rep110__cam19_s41090_rank115.jpg,processed_rep110__cam19_s41090_rank115.jpg,TRUE,rep110,cam19,41090,115,0.9984143972396852,876.548828125,469.3382263183594,0.05024970695376396,887.7510986328125,413.24847412109375,0.13003288209438324,921.35791015625,360.89801025390625,0.2900587320327759,892.7129363449692,407.61683778234084,2436.5,1000,1000,FALSE,FALSE,0.8385186726253039,no issue,FALSE
frame116__s41450,C:/R_projects/spat_1f_noise/processed_feed\rep110\processed_rep110__cam19_s41450_rank116.jpg,processed_rep110__cam19_s41450_rank116.jpg,TRUE,rep110,cam19,41450,116,0.9983785152435304,876.458251953125,470.7690124511719,0.04863385111093521,888.88311767578125,412.13250732421875,0.15769468247890472,921.1876220703125,360.9814758300781,0.2529613673686981,892.9710558499796,407.6302486750917,2453.5,1000,1000,FALSE,FALSE,1.1437872627303887,no issue,FALSE
frame117__s41811,C:/R_projects/spat_1f_noise/processed_feed\rep110\processed_rep110__cam19_s41811_rank117.jpg,processed_rep110__cam19_s41811_rank117.jpg,TRUE,rep110,cam19,41811,117,0.9984031319618224,876.5594482421875,469.97064208984375,0.045979347079992294,888.9776611328125,411.652587890625,0.14186759293079376,921.264892578125,360.7794189453125,0.25521695613861084,892.7501034340091,407.7691352916839,2418.5,1000,1000,FALSE,FALSE,0.568579887645918,no issue,FALSE
frame118__s42171,C:/R_projects/spat_1f_noise/processed_feed\rep110\processed_rep110__cam19_s42171_rank118.jpg,processed_rep110__cam19_s42171_rank118.jpg,TRUE,rep110,cam19,42171,118,0.9984256029129028,875.6495361328125,470.01007080078125,0.04201914742588997,889.3875732421875,410.1794738769531,0.1775539368391037,920.6103515625,360.3207092285156,0.25902071595191956,892.7900207900208,407.5983367983368,2406.5,1000,1000,FALSE,FALSE,0.36059127852602385,no issue,FALSE
frame119__s42531,C:/R_projects/spat_1f_noise/processed_feed\rep110\processed_rep110__cam19_s42531_rank119.jpg,processed_rep110__cam19_s42531_rank119.jpg,TRUE,rep110,cam19,42531,119,0.998555600643158,876.2073974609375,471.14166259765625,0.04926024377346039,888.695556640625,411.6578674316406,0.22839216887950897,919.91571044921875,359.60955810546875,0.2421134114265442,892.724025974026,407.5669642857143,2467,1000,1000,FALSE,FALSE,1.403070337041041,no issue,FALSE
frame120__s42892,C:/R_projects/spat_1f_noise/processed_feed\rep110\processed_rep110__cam19_s42892_rank120.jpg,processed_rep110__cam19_s42892_rank120.jpg,TRUE,rep110,cam19,42892,120,0.998441755771637,876.15283203125,470.9537353515625,0.0504244789481163,888.4796142578125,412.533447265625,0.15644335746765137,920.529296875,360.32806396484375,0.27429869771003723,892.4560032894736,408.11348684210526,2433.5,1000,1000,FALSE,FALSE,0.8385815691763884,no issue,FALSE
frame121__s43252,C:/R_projects/spat_1f_noise/processed_feed\rep110\processed_rep110__cam19_s43252_rank121.jpg,processed_rep110__cam19_s43252_rank121.jpg,TRUE,rep110,cam19,43252,121,0.9987154006958008,876.2740478515625,471.5810546875,0.04394664987921715,888.68896484375,411.72760009765625,0.19467967748641968,918.48480224609375,360.602783203125,0.28529930114746094,892.2319023569023,407.76809764309763,2378,1000,1000,FALSE,FALSE,-0.08830069648050094,no issue,FALSE
frame122__s43613,C:/R_projects/spat_1f_noise/processed_feed\rep110\processed_rep110__cam19_s43613_rank122.jpg,processed_rep110__cam19_s43613_rank122.jpg,TRUE,rep110,cam19,43613,122,0.9987735152244568,875.96246337890625,471.6173095703125,0.049690939486026764,888.4356689453125,411.80303955078125,0.1590924859046936,918.37127685546875,359.465576171875,0.3005804121494293,892.0344262295082,408.0233606557377,2442,1000,1000,FALSE,FALSE,1.0100554417351806,no issue,FALSE
frame123__s43973,C:/R_projects/spat_1f_noise/processed_feed\rep110\processed_rep110__cam19_s43973_rank123.jpg,processed_rep110__cam19_s43973_rank123.jpg,TRUE,rep110,cam19,43973,123,0.9987049102783204,875.9637451171875,470.96368408203125,0.05161672458052635,888.26904296875,413.9259033203125,0.21799609065055847,919.0323486328125,359.3680419921875,0.28878459334373474,892.4254966887418,407.6316225165563,2418.5,1000,1000,FALSE,FALSE,0.6127264972139399,no issue,FALSE
frame124__s44334,C:/R_projects/spat_1f_noise/processed_feed\rep110\processed_rep110__cam19_s44334_rank124.jpg,processed_rep110__cam19_s44334_rank124.jpg,TRUE,rep110,cam19,44334,124,0.9987971782684326,875.47149658203125,471.5586853027344,0.05133363604545593,887.9256591796875,412.8996276855469,0.14025086164474487,917.81561279296875,359.23284912109375,0.2854368984699249,891.9717255717255,408.14885654885654,2406.5,1000,1000,FALSE,FALSE,0.40024676483436195,no issue,FALSE
frame125__s44694,C:/R_projects/spat_1f_noise/processed_feed\rep110\processed_rep110__cam19_s44694_rank125.jpg,processed_rep110__cam19_s44694_rank125.jpg,TRUE,rep110,cam19,44694,125,0.9987615346908568,875.7037353515625,472.05499267578125,0.048638444393873215,888.072265625,413.5121154785156,0.20844696462154388,918.9935302734375,358.7060241699219,0.29565057158470154,892.3669686985173,407.6383855024712,2429.5,1000,1000,FALSE,FALSE,0.478454170497695,no issue,FALSE
frame126__s45054,C:/R_projects/spat_1f_noise/processed_feed\rep110\processed_rep110__cam19_s45054_rank126.jpg,processed_rep110__cam19_s45054_rank126.jpg,TRUE,rep110,cam19,45054,126,0.9947404265403748,849.47802734375,500.81768798828125,0.058416541665792465,824.7396240234375,461.25177001953125,0.10263292491436005,863.0841064453125,410.55792236328125,0.1738930642604828,837.243170622481,447.8195253022839,2230,1000,1000,FALSE,FALSE,-2.0375108958305814,too small,FALSE
frame127__s45415,C:/R_projects/spat_1f_noise/processed_feed\rep110\processed_rep110__cam19_s45415_rank127.jpg,processed_rep110__cam19_s45415_rank127.jpg,TRUE,rep110,cam19,45415,127,0.99201101064682,850.71630859375,498.0072021484375,0.05354733392596245,822.2161865234375,456.95428466796875,0.09469691663980484,863.1077880859375,409.68115234375,0.2846461236476898,836.92690444738,446.36547776309993,2270,1000,1000,FALSE,FALSE,-1.5007674614157562,no issue,FALSE
frame128__s45775,C:/R_projects/spat_1f_noise/processed_feed\rep110\processed_rep110__cam19_s45775_rank128.jpg,processed_rep110__cam19_s45775_rank128.jpg,TRUE,rep110,cam19,45775,128,0.9905006885528564,815.2955322265625,442.0498962402344,0.039173733443021774,816.5303955078125,392.50811767578125,0.0836963802576065,754.7884521484375,393.7466735839844,0.15222963690757751,802.216240070609,398.9611650485437,2266.5,1000,1000,FALSE,FALSE,-1.521933041609296,no issue,FALSE
frame129__s46136,C:/R_projects/spat_1f_noise/processed_feed\rep110\processed_rep110__cam19_s46136_rank129.jpg,processed_rep110__cam19_s46136_rank129.jpg,TRUE,rep110,cam19,46136,129,0.99877268075943,762.488525390625,336.02325439453125,0.04742943495512009,806.79473876953125,389.242919921875,0.13545595109462738,819.10205078125,436.2742614746094,0.08927024900913239,801.1923240938166,383.31044776119404,2341,1000,1000,FALSE,FALSE,-0.5660469932572291,no issue,FALSE
frame130__s46496,C:/R_projects/spat_1f_noise/processed_feed\rep110\processed_rep110__cam19_s46496_rank130.jpg,processed_rep110__cam19_s46496_rank130.jpg,TRUE,rep110,cam19,46496,130,0.9989895224571228,761.53045654296875,333.0649108886719,0.07591110467910767,807.59735107421875,390.45245361328125,0.1521664261817932,820.04791259765625,427.87908935546875,3.4917776584625244,799.7624424926809,381.8883312421581,2390.5,1000,1000,FALSE,FALSE,0.11825453646539202,no issue,FALSE
frame131__s46857,C:/R_projects/spat_1f_noise/processed_feed\rep110\processed_rep110__cam19_s46857_rank131.jpg,processed_rep110__cam19_s46857_rank131.jpg,TRUE,rep110,cam19,46857,131,0.999015212059021,764.14434814453125,335.2724609375,0.07557633519172668,808.95196533203125,393.65484619140625,0.15005004405975342,818.9091796875,428.43585205078125,11.043984413146973,800.22060709705,382.70371953826424,2338,1000,1000,FALSE,FALSE,-0.44695706525582707,no issue,FALSE
frame132__s47217,C:/R_projects/spat_1f_noise/processed_feed\rep110\processed_rep110__cam19_s47217_rank132.jpg,processed_rep110__cam19_s47217_rank132.jpg,TRUE,rep110,cam19,47217,132,0.9991037249565125,764.700927734375,333.9068908691406,0.07014163583517075,808.1319580078125,393.5469970703125,0.1458020955324173,818.05908203125,429.57952880859375,4.733770847320557,799.7318625371234,382.58930844293593,2353.5,1000,1000,FALSE,FALSE,-0.21610181520890825,no issue,FALSE
frame133__s47577,C:/R_projects/spat_1f_noise/processed_feed\rep110\processed_rep110__cam19_s47577_rank133.jpg,processed_rep110__cam19_s47577_rank133.jpg,TRUE,rep110,cam19,47577,133,0.9989652633666992,763.45404052734375,334.311767578125,0.06511078774929047,805.8262939453125,390.0919189453125,0.1458982676267624,817.0423583984375,424.799560546875,0.24825575947761536,799.9756097560976,383.0328006728343,2375,1000,1000,FALSE,FALSE,0.09344594105048049,no issue,FALSE
frame134__s47938,C:/R_projects/spat_1f_noise/processed_feed\rep110\processed_rep110__cam19_s47938_rank134.jpg,processed_rep110__cam19_s47938_rank134.jpg,TRUE,rep110,cam19,47938,134,0.9991238713264464,764.537841796875,335.12542724609375,0.06903388351202011,806.82037353515625,391.06298828125,0.13659191131591797,816.769287109375,425.86859130859375,1.4587721824645996,800.0629550321199,383.2012847965739,2332,1000,1000,FALSE,FALSE,-0.3844061653025461,no issue,FALSE
frame135__s48298,C:/R_projects/spat_1f_noise/processed_feed\rep110\processed_rep110__cam19_s48298_rank135.jpg,processed_rep110__cam19_s48298_rank135.jpg,TRUE,rep110,cam19,48298,135,0.9986681938171388,763.3076171875,332.722900390625,0.07498237490653992,805.3712158203125,390.0021667480469,0.15821443498134613,817.742919921875,427.35821533203125,3.2634010314941406,799.0296108291033,382.65736040609136,2363,1000,1000,FALSE,FALSE,0.07472882709096854,no issue,FALSE
frame136__s48659,C:/R_projects/spat_1f_noise/processed_feed\rep110\processed_rep110__cam19_s48659_rank136.jpg,processed_rep110__cam19_s48659_rank136.jpg,TRUE,rep110,cam19,48659,136,0.9991046786308287,764.25933837890625,334.7213439941406,0.08103970438241959,805.26220703125,390.4843444824219,0.15601053833961487,816.44482421875,427.65966796875,6.602273941040039,799.5044623884403,383.13982150446236,2350.5,1000,1000,FALSE,FALSE,0.02133747109293947,no issue,FALSE
frame137__s49019,C:/R_projects/spat_1f_noise/processed_feed\rep110\processed_rep110__cam19_s49019_rank137.jpg,processed_rep110__cam19_s49019_rank137.jpg,TRUE,rep110,cam19,49019,137,0.9990344047546388,764.52001953125,335.1372985839844,0.07718589156866074,805.56097412109375,391.06390380859375,0.17479899525642395,816.7540283203125,428.3483581542969,6.902908802032471,799.7023911187019,383.763877028181,2338,1000,1000,FALSE,FALSE,-0.04630815175552917,no issue,FALSE
frame138__s49380,C:/R_projects/spat_1f_noise/processed_feed\rep110\processed_rep110__cam19_s49380_rank138.jpg,processed_rep110__cam19_s49380_rank138.jpg,TRUE,rep110,cam19,49380,138,0.9991208910942078,764.4954833984375,334.59320068359375,0.0785071924328804,805.7081298828125,391.83355712890625,0.176472008228302,815.6990966796875,427.919921875,3.4952821731567383,799.2232637409459,383.3958244567533,2344.5,1000,1000,FALSE,FALSE,0.1000134594083554,no issue,FALSE
frame139__s49740,C:/R_projects/spat_1f_noise/processed_feed\rep110\processed_rep110__cam19_s49740_rank139.jpg,processed_rep110__cam19_s49740_rank139.jpg,TRUE,rep110,cam19,49740,139,0.999230980873108,764.5047607421875,333.56390380859375,0.08101055771112442,805.13494873046875,393.1082458496094,0.15490667521953583,818.6783447265625,427.8424377441406,1.9090903997421265,798.9532434709351,384.0400168491997,2372,1000,1000,FALSE,FALSE,0.44633558468498713,no issue,FALSE
frame140__s50100,C:/R_projects/spat_1f_noise/processed_feed\rep110\processed_rep110__cam19_s50100_rank140.jpg,processed_rep110__cam19_s50100_rank140.jpg,TRUE,rep110,cam19,50100,140,0.9971619844436646,754.6287841796875,323.35009765625,0.06263267248868942,808.9603271484375,374.5609130859375,0.12230362743139267,812.664794921875,428.2698059082031,0.08354288339614868,798.7415856394914,370.5796559461481,2675,1000,1000,FALSE,FALSE,3.6640566920423945,too big,FALSE
frame141__s50461,C:/R_projects/spat_1f_noise/processed_feed\rep110\processed_rep110__cam19_s50461_rank141.jpg,processed_rep110__cam19_s50461_rank141.jpg,TRUE,rep110,cam19,50461,141,0.998354434967041,755.20147705078125,327.70062255859375,0.06983333081007004,807.23907470703125,381.2586975097656,0.12335877865552902,819.62896728515625,413.64263916015625,0.1483531892299652,798.334135579623,373.30726032892096,2489,1000,1000,FALSE,FALSE,1.7947593651024007,no issue,FALSE
frame142__s50821,C:/R_projects/spat_1f_noise/processed_feed\rep110\processed_rep110__cam19_s50821_rank142.jpg,processed_rep110__cam19_s50821_rank142.jpg,TRUE,rep110,cam19,50821,142,0.9988155364990234,755.23828125,328.63238525390625,0.07355062663555145,808.428466796875,382.3733825683594,0.1315111517906189,820.79827880859375,414.867919921875,1.7958101034164429,797.6174210076857,372.33518360375746,2339.5,1000,1000,FALSE,FALSE,0.24153120536529754,no issue,FALSE
frame143__s51182,C:/R_projects/spat_1f_noise/processed_feed\rep110\processed_rep110__cam19_s51182_rank143.jpg,processed_rep110__cam19_s51182_rank143.jpg,TRUE,rep110,cam19,51182,143,0.9989640712738036,756.348876953125,330.2081604003906,0.07637103646993637,808.56048583984375,383.4786376953125,0.16071206331253052,822.2349853515625,416.92755126953125,0.9170540571212769,798.0168847615028,373.2178134233854,2365.5,1000,1000,FALSE,FALSE,0.5220347326645128,no issue,FALSE
frame144__s51542,C:/R_projects/spat_1f_noise/processed_feed\rep110\processed_rep110__cam19_s51542_rank144.jpg,processed_rep110__cam19_s51542_rank144.jpg,TRUE,rep110,cam19,51542,144,0.9987437129020692,763.36865234375,333.9422302246094,0.059240344911813736,800.6181640625,385.9707336425781,0.12778261303901672,819.24285888671875,415.7012939453125,1.313161015510559,796.0738341968912,376.7236614853195,2313,1000,1000,FALSE,FALSE,0.004551220130529052,no issue,FALSE
frame145__s51903,C:/R_projects/spat_1f_noise/processed_feed\rep110\processed_rep110__cam19_s51903_rank145.jpg,processed_rep110__cam19_s51903_rank145.jpg,TRUE,rep110,cam19,51903,145,0.9988759160041808,763.46563720703125,332.7091064453125,0.06217106804251671,800.853271484375,385.87432861328125,0.15427887439727783,819.547119140625,413.07513427734375,0.2519928514957428,795.5549183943538,376.29333921482134,2265,1000,1000,FALSE,FALSE,-0.4220356099607844,no issue,FALSE
frame146__s52263,C:/R_projects/spat_1f_noise/processed_feed\rep110\processed_rep110__cam19_s52263_rank146.jpg,processed_rep110__cam19_s52263_rank146.jpg,TRUE,rep110,cam19,52263,146,0.9990311861038208,759.73785400390625,329.97247314453125,0.04895836114883423,800.65582275390625,386.91632080078125,0.18018577992916107,818.0150146484375,415.38824462890625,0.19861222803592682,795.0933391761613,376.8663453111306,2279.5,1000,1000,FALSE,FALSE,-0.20569577731692648,no issue,FALSE
frame147__s52624,C:/R_projects/spat_1f_noise/processed_feed\rep110\processed_rep110__cam19_s52624_rank147.jpg,processed_rep110__cam19_s52624_rank147.jpg,TRUE,rep110,cam19,52624,147,0.998794436454773,759.1944580078125,328.67657470703125,0.05209456756711006,800.34490966796875,386.84735107421875,0.14236165583133698,819.0496826171875,414.07623291015625,0.18890279531478882,794.9776632302405,376.9398625429553,2326,1000,1000,FALSE,FALSE,0.27877690199793476,no issue,FALSE
frame148__s52984,C:/R_projects/spat_1f_noise/processed_feed\rep110\processed_rep110__cam19_s52984_rank148.jpg,processed_rep110__cam19_s52984_rank148.jpg,TRUE,rep110,cam19,52984,148,0.9988369345664978,759.3980712890625,330.22821044921875,0.05556970462203026,800.478759765625,387.395263671875,0.1688298135995865,817.906982421875,415.978759765625,0.3464169204235077,795.4154991243432,377.47504378283713,2282,1000,1000,FALSE,FALSE,-0.07820062467883981,no issue,FALSE
frame149__s53344,C:/R_projects/spat_1f_noise/processed_feed\rep110\processed_rep110__cam19_s53344_rank149.jpg,processed_rep110__cam19_s53344_rank149.jpg,TRUE,rep110,cam19,53344,149,0.9985467791557312,759.1680908203125,330.3764343261719,0.061278149485588074,800.048828125,388.5156555175781,0.1367059201002121,822.34735107421875,425.62579345703125,0.09582045674324036,794.8053287494628,377.5036527718092,2324,1000,1000,FALSE,FALSE,0.3704670836001686,no issue,FALSE
frame150__s53705,C:/R_projects/spat_1f_noise/processed_feed\rep110\processed_rep110__cam19_s53705_rank150.jpg,processed_rep110__cam19_s53705_rank150.jpg,TRUE,rep110,cam19,53705,150,0.9955149292945862,757.3458251953125,383.35028076171875,0.08706476539373398,807.2698974609375,378.3558349609375,0.06781069189310074,820.99908447265625,424.554443359375,0.08746460825204849,797.5220323741007,382.0818345323741,2223,1000,1000,FALSE,FALSE,-0.5192502024494722,no issue,FALSE
frame151__s54065,C:/R_projects/spat_1f_noise/processed_feed\rep110\processed_rep110__cam19_s54065_rank151.jpg,processed_rep110__cam19_s54065_rank151.jpg,TRUE,rep110,cam19,54065,151,0.9965464472770692,760.4190673828125,381.56085205078125,0.11813828349113464,797.7852783203125,366.73663330078125,0.05358537659049034,825.18707275390625,426.03338623046875,0.09157828986644745,801.8986764034687,384.69694203560016,2185.5,1000,1000,FALSE,FALSE,-0.8158208882667157,no issue,FALSE
frame152__s54426,C:/R_projects/spat_1f_noise/processed_feed\rep110\processed_rep110__cam19_s54426_rank152.jpg,processed_rep110__cam19_s54426_rank152.jpg,TRUE,rep110,cam19,54426,152,0.9960280656814576,760.48529052734375,380.0594482421875,0.12353325635194778,797.43585205078125,365.12274169921875,0.04790957644581795,824.5328369140625,424.8695068359375,0.09677308052778244,802.1710766423357,383.12226277372264,2185.5,1000,1000,FALSE,FALSE,-0.7903089382672117,no issue,FALSE
frame153__s54786,C:/R_projects/spat_1f_noise/processed_feed\rep110\processed_rep110__cam19_s54786_rank153.jpg,processed_rep110__cam19_s54786_rank153.jpg,TRUE,rep110,cam19,54786,153,0.9950975775718688,759.779052734375,381.0072326660156,0.1124713346362114,800.49322509765625,364.9870300292969,0.0460229367017746,825.16845703125,425.3709411621094,0.07543104141950607,802.119477006312,382.92696122633004,2212.5,1000,1000,FALSE,FALSE,-0.5154709374525459,no issue,FALSE
frame154__s55147,C:/R_projects/spat_1f_noise/processed_feed\rep110\processed_rep110__cam19_s55147_rank154.jpg,processed_rep110__cam19_s55147_rank154.jpg,TRUE,rep110,cam19,55147,154,0.995423138141632,759.36468505859375,381.1599426269531,0.10784454643726349,811.5743408203125,377.414306640625,0.03921408951282501,825.24835205078125,423.61029052734375,0.07852920889854431,802.0323725055432,382.58891352549887,2249,1000,1000,FALSE,FALSE,-0.14021298830371332,no issue,FALSE
frame155__s55507,C:/R_projects/spat_1f_noise/processed_feed\rep110\processed_rep110__cam19_s55507_rank155.jpg,processed_rep110__cam19_s55507_rank155.jpg,TRUE,rep110,cam19,55507,155,0.9956966638565063,759.60260009765625,380.0782470703125,0.11116994917392731,810.1500244140625,372.650146484375,0.056674525141716,823.71148681640625,423.40875244140625,0.07451727241277695,802.6282511210762,382.20582959641257,2225.5,1000,1000,FALSE,FALSE,-0.3183407226494765,no issue,FALSE
frame156__s55867,C:/R_projects/spat_1f_noise/processed_feed\rep110\processed_rep110__cam19_s55867_rank156.jpg,processed_rep110__cam19_s55867_rank156.jpg,TRUE,rep110,cam19,55867,156,0.995349109172821,760.5755615234375,378.7452697753906,0.13726438581943512,802.5897216796875,363.78680419921875,0.06682286411523819,823.5968017578125,423.6207580566406,0.07897505909204483,803.0362483008608,381.65745355686454,2202.5,1000,1000,FALSE,FALSE,-0.5729751150487851,no issue,FALSE
frame157__s56228,C:/R_projects/spat_1f_noise/processed_feed\rep110\processed_rep110__cam19_s56228_rank157.jpg,processed_rep110__cam19_s56228_rank157.jpg,TRUE,rep110,cam19,56228,157,0.9950487017631532,759.97503662109375,379.07379150390625,0.10566055774688721,802.26861572265625,363.05517578125,0.051596883684396744,824.6593017578125,424.6651611328125,0.06986133009195328,802.6258960573476,380.9614695340502,2227,1000,1000,FALSE,FALSE,-0.15111278743783396,no issue,FALSE
frame158__s56588,C:/R_projects/spat_1f_noise/processed_feed\rep110\processed_rep110__cam19_s56588_rank158.jpg,processed_rep110__cam19_s56588_rank158.jpg,TRUE,rep110,cam19,56588,158,0.9945021867752076,759.49822998046875,379.4892883300781,0.10044854134321213,803.1097412109375,363.45672607421875,0.07020916789770126,824.29254150390625,425.12042236328125,0.07623368501663208,802.6779127305443,381.2613585245164,2218,1000,1000,FALSE,FALSE,-0.1709839561785053,no issue,FALSE
frame159__s56949,C:/R_projects/spat_1f_noise/processed_feed\rep110\processed_rep110__cam19_s56949_rank159.jpg,processed_rep110__cam19_s56949_rank159.jpg,TRUE,rep110,cam19,56949,159,0.9948188662528992,758.78167724609375,378.7873840332031,0.11828531324863434,803.549072265625,363.8549499511719,0.05315430834889412,824.689208984375,423.5846252441406,0.07055194675922394,802.8126696832579,380.77285067873305,2204,1000,1000,FALSE,FALSE,-0.25629113270692666,no issue,FALSE
frame160__s57309,C:/R_projects/spat_1f_noise/processed_feed\rep110\processed_rep110__cam19_s57309_rank160.jpg,processed_rep110__cam19_s57309_rank160.jpg,TRUE,rep110,cam19,57309,160,0.9936975836753844,759.9979248046875,377.54949951171875,0.14773127436637878,802.4718017578125,362.75830078125,0.05740462616086006,823.708740234375,421.9232482910156,0.08365537971258163,803.0883424408015,380.683970856102,2193,1000,1000,FALSE,FALSE,-0.2765845109780386,no issue,FALSE
frame161__s57670,C:/R_projects/spat_1f_noise/processed_feed\rep110\processed_rep110__cam19_s57670_rank161.jpg,processed_rep110__cam19_s57670_rank161.jpg,TRUE,rep110,cam19,57670,161,0.993798553943634,760.27166748046875,377.38140869140625,0.14322058856487274,803.97210693359375,362.597412109375,0.05273227021098137,822.7008056640625,420.5013427734375,0.07857153564691544,802.4597701149426,379.9825287356322,2171,1000,1000,FALSE,FALSE,-0.44738566058384205,no issue,FALSE
frame162__s58030,C:/R_projects/spat_1f_noise/processed_feed\rep110\processed_rep110__cam19_s58030_rank162.jpg,processed_rep110__cam19_s58030_rank162.jpg,TRUE,rep110,cam19,58030,162,0.9947932362556458,759.25775146484375,377.3863220214844,0.11911681294441223,802.900146484375,362.4615478515625,0.0526309572160244,824.09796142578125,419.6731262207031,0.06916170567274094,802.9152846257284,379.87808157776783,2227,1000,1000,FALSE,FALSE,0.4379519829307242,no issue,FALSE
frame163__s58391,C:/R_projects/spat_1f_noise/processed_feed\rep110\processed_rep110__cam19_s58391_rank163.jpg,processed_rep110__cam19_s58391_rank163.jpg,TRUE,rep110,cam19,58391,163,0.9945809245109558,759.6654052734375,377.218994140625,0.1189468652009964,808.95379638671875,364.7684020996094,0.04033176600933075,822.508056640625,420.7960205078125,0.09068859368562698,802.4932526756631,379.19869706840393,2143.5,1000,1000,FALSE,FALSE,-0.7827415747341098,no issue,FALSE
frame164__s58751,C:/R_projects/spat_1f_noise/processed_feed\rep110\processed_rep110__cam19_s58751_rank164.jpg,processed_rep110__cam19_s58751_rank164.jpg,TRUE,rep110,cam19,58751,164,0.995225429534912,760.40478515625,377.3622131347656,0.11726459115743637,803.831787109375,362.4612121582031,0.05077224224805832,823.68414306640625,419.5817565917969,0.0664742961525917,802.9462414578587,379.3343963553531,2191,1000,1000,FALSE,FALSE,-0.025236839268843025,no issue,FALSE
frame165__s59111,C:/R_projects/spat_1f_noise/processed_feed\rep110\processed_rep110__cam19_s59111_rank165.jpg,processed_rep110__cam19_s59111_rank165.jpg,TRUE,rep110,cam19,59111,165,0.9956660270690918,832.87060546875,428.5959167480469,0.045650579035282135,815.55694580078125,386.3032531738281,0.05609501153230667,752.48583984375,375.10809326171875,0.11199412494897842,800.6489215236347,384.8338687471317,2172.5,1000,1000,FALSE,FALSE,-0.31862933183811576,no issue,FALSE
frame166__s59472,C:/R_projects/spat_1f_noise/processed_feed\rep110\processed_rep110__cam19_s59472_rank166.jpg,processed_rep110__cam19_s59472_rank166.jpg,TRUE,rep110,cam19,59472,166,0.9947068095207214,818.37579345703125,300.7668762207031,0.05068153515458107,814.765869140625,373.8978576660156,4.8401198387146,818.37579345703125,417.2806091308594,0.027145877480506897,817.4539233576643,360.8134124087591,2194,1000,1000,FALSE,FALSE,0.014136523540131589,no issue,FALSE
frame167__s59832,C:/R_projects/spat_1f_noise/processed_feed\rep110\processed_rep110__cam19_s59832_rank167.jpg,processed_rep110__cam19_s59832_rank167.jpg,TRUE,rep110,cam19,59832,167,0.9954240918159484,817.3831787109375,301.80419921875,0.06935049593448639,813.7974853515625,375.25238037109375,3.6011955738067627,817.3831787109375,418.82330322265625,0.04920468106865883,815.4567736185384,362.23039215686276,2244.5,1000,1000,FALSE,FALSE,0.7574510327103507,no issue,FALSE
frame168__s60193,C:/R_projects/spat_1f_noise/processed_feed\rep110\processed_rep110__cam19_s60193_rank168.jpg,processed_rep110__cam19_s60193_rank168.jpg,TRUE,rep110,cam19,60193,168,0.9955718517303468,817.2598876953125,301.86767578125,0.07498998194932938,812.4117431640625,377.69976806640625,2.151247501373291,817.2598876953125,419.966796875,0.047089118510484695,815.06628113879,361.62455516014234,2249,1000,1000,FALSE,FALSE,0.8091290617573142,no issue,FALSE
frame169__s60553,C:/R_projects/spat_1f_noise/processed_feed\rep110\processed_rep110__cam19_s60553_rank169.jpg,processed_rep110__cam19_s60553_rank169.jpg,TRUE,rep110,cam19,60553,169,0.9961686730384828,818.40081787109375,301.12420654296875,0.05400523915886879,808.5396728515625,370.9205322265625,0.04761064052581787,813.47021484375,410.80413818359375,0.15166832506656647,813.8140681003584,362.89426523297493,2231,1000,1000,FALSE,FALSE,0.5011786652125497,no issue,FALSE
frame170__s60914,C:/R_projects/spat_1f_noise/processed_feed\rep110\processed_rep110__cam19_s60914_rank170.jpg,processed_rep110__cam19_s60914_rank170.jpg,TRUE,rep110,cam19,60914,170,0.9961740374565125,816.85693359375,304.5007629394531,0.05029401183128357,816.85693359375,368.9183349609375,0.04266054183244705,821.64501953125,408.5599060058594,8.169246673583984,818.101763907734,358.51605608322023,2213,1000,1000,FALSE,FALSE,0.2453599630940485,no issue,FALSE
frame171__s61274,C:/R_projects/spat_1f_noise/processed_feed\rep110\processed_rep110__cam19_s61274_rank171.jpg,processed_rep110__cam19_s61274_rank171.jpg,TRUE,rep110,cam19,61274,171,0.9954715967178344,816.309326171875,304.400634765625,0.048281461000442505,816.309326171875,378.0432434082031,1.213100790977478,821.25421142578125,414.2404479980469,0.03213173896074295,817.5329067641682,359.8532906764168,2190.5,1000,1000,FALSE,FALSE,-0.10249302853923477,no issue,FALSE
frame172__s61635,C:/R_projects/spat_1f_noise/processed_feed\rep110\processed_rep110__cam19_s61635_rank172.jpg,processed_rep110__cam19_s61635_rank172.jpg,TRUE,rep110,cam19,61635,172,0.996963918209076,815.5230712890625,303.1212158203125,0.04712478443980217,814.3092041015625,372.7929382324219,0.04572497680783272,820.3785400390625,408.8729248046875,1.6971255540847778,816.0967454302274,359.68925546143555,2244,1000,1000,FALSE,FALSE,0.7172849123172206,no issue,FALSE
frame173__s61995,C:/R_projects/spat_1f_noise/processed_feed\rep110\processed_rep110__cam19_s61995_rank173.jpg,processed_rep110__cam19_s61995_rank173.jpg,TRUE,rep110,cam19,61995,173,0.9966326355934144,814.76678466796875,305.97979736328125,0.03338830918073654,823.20404052734375,366.72918701171875,2.955395460128784,825.61468505859375,408.8818359375,0.03262952342629433,822.6472553699284,360.3288782816229,2102,1000,1000,FALSE,FALSE,-1.4503559524057026,no issue,FALSE
frame174__s62355,C:/R_projects/spat_1f_noise/processed_feed\rep110\processed_rep110__cam19_s62355_rank174.jpg,processed_rep110__cam19_s62355_rank174.jpg,TRUE,rep110,cam19,62355,174,0.9960415363311768,814.7711181640625,307.7908935546875,0.03636873513460159,823.22021484375,365.2572937011719,1.1544969081878662,825.63421630859375,408.98175048828125,0.034555621445178986,822.7806171648988,360.8514946962392,2079.5,1000,1000,FALSE,FALSE,-1.79202594975437,no issue,FALSE
frame175__s62716,C:/R_projects/spat_1f_noise/processed_feed\rep110\processed_rep110__cam19_s62716_rank175.jpg,processed_rep110__cam19_s62716_rank175.jpg,TRUE,rep110,cam19,62716,175,0.9969916343688964,816.842041015625,309.6119384765625,0.03851556032896042,820.5526123046875,365.3946228027344,0.050428688526153564,824.26318359375,407.54156494140625,0.1328839212656021,820.9247311827957,360.158357771261,2049.5,1000,1000,FALSE,FALSE,-2.121503541757151,too small,FALSE
frame176__s63076,C:/R_projects/spat_1f_noise/processed_feed\rep110\processed_rep110__cam19_s63076_rank176.jpg,processed_rep110__cam19_s63076_rank176.jpg,TRUE,rep110,cam19,63076,176,0.9970666766166688,816.05377197265625,308.1486511230469,0.03382352367043495,821.0133056640625,365.2215881347656,0.0471552312374115,824.7330322265625,407.40594482421875,0.20177476108074188,820.9885856079404,360.47642679900747,2018,1000,1000,FALSE,FALSE,-2.492822095927121,too small,FALSE
frame177__s63437,C:/R_projects/spat_1f_noise/processed_feed\rep110\processed_rep110__cam19_s63437_rank177.jpg,processed_rep110__cam19_s63437_rank177.jpg,TRUE,rep110,cam19,63437,177,0.9963756203651428,817.064453125,307.7342529296875,0.03681594878435135,819.52337646484375,366.2727355957031,0.04811401665210724,823.2117919921875,407.374267578125,0.2479129284620285,819.9524033930254,360.67577756833174,2128,1000,1000,FALSE,FALSE,-0.8925417045722686,no issue,FALSE
frame178__s63797,C:/R_projects/spat_1f_noise/processed_feed\rep110\processed_rep110__cam19_s63797_rank178.jpg,processed_rep110__cam19_s63797_rank178.jpg,TRUE,rep110,cam19,63797,178,0.9985597729682922,783.6907958984375,314.194580078125,0.09350867569446564,822.00750732421875,362.6864318847656,0.10350252687931061,828.1876220703125,401.2312316894531,0.6927299499511719,815.283044058745,358.1878059635069,2247,1000,1000,FALSE,FALSE,0.8300939377239784,no issue,FALSE
frame179__s64158,C:/R_projects/spat_1f_noise/processed_feed\rep110\processed_rep110__cam19_s64158_rank179.jpg,processed_rep110__cam19_s64158_rank179.jpg,TRUE,rep110,cam19,64158,179,0.9987428784370422,783.04345703125,311.8093566894531,0.08614566922187805,821.55914306640625,361.39990234375,0.11024072021245956,830.25628662109375,410.9904479980469,0.0903506875038147,815.448136506511,358.2146385271666,2226,1000,1000,FALSE,FALSE,0.5401051228126861,no issue,FALSE
frame180__s64518,C:/R_projects/spat_1f_noise/processed_feed\rep110\processed_rep110__cam19_s64518_rank180.jpg,processed_rep110__cam19_s64518_rank180.jpg,TRUE,rep110,cam19,64518,180,0.9985231757164,780.1490478515625,311.388916015625,0.06978686898946762,820.69879150390625,363.40716552734375,0.11615055799484253,830.529052734375,409.2327575683594,0.07563076913356781,814.6733819117017,358.1705957993999,2330.5,1000,1000,FALSE,FALSE,1.9996561918825932,no issue,FALSE
frame181__s64879,C:/R_projects/spat_1f_noise/processed_feed\rep110\processed_rep110__cam19_s64879_rank181.jpg,processed_rep110__cam19_s64879_rank181.jpg,TRUE,rep110,cam19,64879,181,0.9989469647407532,781.6444091796875,314.96832275390625,0.07006668299436569,818.8323974609375,365.7838134765625,0.11593086272478104,825.03045654296875,404.2052917480469,3.293498992919922,812.415770609319,360.038082437276,2232,1000,1000,FALSE,FALSE,0.6398784913752255,no issue,FALSE
frame182__s65239,C:/R_projects/spat_1f_noise/processed_feed\rep110\processed_rep110__cam19_s65239_rank182.jpg,processed_rep110__cam19_s65239_rank182.jpg,TRUE,rep110,cam19,65239,182,0.9987999200820924,778.17816162109375,311.48553466796875,0.0831388607621193,819.041259765625,363.6286926269531,0.12917354702949524,826.470947265625,404.5983581542969,2.1120717525482178,812.3797075764289,358.9198050509526,2256,1000,1000,FALSE,FALSE,0.9218025614011264,no issue,FALSE
frame183__s65599,C:/R_projects/spat_1f_noise/processed_feed\rep110\processed_rep110__cam19_s65599_rank183.jpg,processed_rep110__cam19_s65599_rank183.jpg,TRUE,rep110,cam19,65599,183,0.9988860487937928,779.2669677734375,312.21209716796875,0.07759492844343185,819.83245849609375,364.45355224609375,0.12408331781625748,825.97869873046875,401.76885986328125,0.42194467782974243,812.8328828828829,359.3324324324324,2218.5,1000,1000,FALSE,FALSE,0.4168252081092609,no issue,FALSE
frame184__s65960,C:/R_projects/spat_1f_noise/processed_feed\rep110\processed_rep110__cam19_s65960_rank184.jpg,processed_rep110__cam19_s65960_rank184.jpg,TRUE,rep110,cam19,65960,184,0.9987724423408508,779.217041015625,313.0644836425781,0.08634830266237259,819.965087890625,365.4270935058594,0.1208658441901207,826.13897705078125,404.0756530761719,3.972503185272217,812.2945599292349,358.2945599292349,2260,1000,1000,FALSE,FALSE,1.00632776148157,no issue,FALSE
frame185__s66320,C:/R_projects/spat_1f_noise/processed_feed\rep110\processed_rep110__cam19_s66320_rank185.jpg,processed_rep110__cam19_s66320_rank185.jpg,TRUE,rep110,cam19,66320,185,0.9988131523132324,780.02166748046875,312.8350830078125,0.06834568083286285,819.936767578125,365.0442810058594,0.11378728598356247,826.173583984375,403.57965087890625,7.764090061187744,813.0153222172149,359.66155926092836,2218,1000,1000,FALSE,FALSE,0.4723633682872647,no issue,FALSE
frame186__s66681,C:/R_projects/spat_1f_noise/processed_feed\rep110\processed_rep110__cam19_s66681_rank186.jpg,processed_rep110__cam19_s66681_rank186.jpg,TRUE,rep110,cam19,66681,186,0.9979519248008728,768.193603515625,316.65087890625,0.05265107750892639,814.4136962890625,370.3624267578125,0.14705151319503784,826.90557861328125,405.33740234375,0.13492417335510254,808.6039338399643,365.18283415288334,2233,1000,1000,FALSE,FALSE,0.6924633501573846,no issue,FALSE
frame187__s67041,C:/R_projects/spat_1f_noise/processed_feed\rep110\processed_rep110__cam19_s67041_rank187.jpg,processed_rep110__cam19_s67041_rank187.jpg,TRUE,rep110,cam19,67041,187,0.9975588321685792,768.3616943359375,316.3337097167969,0.05792456120252609,814.3594970703125,369.80889892578125,0.15457463264465332,826.7913818359375,415.8224182128906,0.07417546212673187,808.5709090909091,364.91727272727275,2197.5,1000,1000,FALSE,FALSE,0.22369638350811008,no issue,FALSE
frame188__s67401,C:/R_projects/spat_1f_noise/processed_feed\rep110\processed_rep110__cam19_s67401_rank188.jpg,processed_rep110__cam19_s67401_rank188.jpg,TRUE,rep110,cam19,67401,188,0.9984726309776306,765.51214599609375,319.55389404296875,0.07034337520599365,812.51348876953125,372.88934326171875,0.13862112164497375,821.171630859375,411.34039306640625,0.29780665040016174,805.4554455445544,365.7475247524753,2218.5,1000,1000,FALSE,FALSE,0.5424334362288551,no issue,FALSE
frame189__s67762,C:/R_projects/spat_1f_noise/processed_feed\rep110\processed_rep110__cam19_s67762_rank189.jpg,processed_rep110__cam19_s67762_rank189.jpg,TRUE,rep110,cam19,67762,189,0.998217761516571,766.24322509765625,319.3000793457031,0.07318374514579773,812.1688232421875,371.4017333984375,0.1329512596130371,823.33990478515625,407.376708984375,0.29641225934028625,805.4173297966402,365.57294429708224,2257.5,1000,1000,FALSE,FALSE,1.0605829323144553,no issue,FALSE
frame190__s68122,C:/R_projects/spat_1f_noise/processed_feed\rep110\processed_rep110__cam19_s68122_rank190.jpg,processed_rep110__cam19_s68122_rank190.jpg,TRUE,rep110,cam19,68122,190,0.9991359114646912,768.404296875,329.6474914550781,0.08089820295572281,813.361083984375,379.05145263671875,0.1352871060371399,823.35137939453125,408.69378662109375,0.30480557680130005,806.4571836346337,371.6726926736441,2100,1000,1000,FALSE,FALSE,-1.2184669277410873,no issue,FALSE
frame191__s68483,C:/R_projects/spat_1f_noise/processed_feed\rep110\processed_rep110__cam19_s68483_rank191.jpg,processed_rep110__cam19_s68483_rank191.jpg,TRUE,rep110,cam19,68483,191,0.9990634322166444,765.388671875,330.74212646484375,0.0805356577038765,812.8482666015625,376.72894287109375,0.1577378660440445,825.33758544921875,407.80108642578125,1.5434414148330688,805.2935346861727,370.69749882019823,2116,1000,1000,FALSE,FALSE,-1.1035514941192663,no issue,FALSE
frame192__s68843,C:/R_projects/spat_1f_noise/processed_feed\rep110\processed_rep110__cam19_s68843_rank192.jpg,processed_rep110__cam19_s68843_rank192.jpg,TRUE,rep110,cam19,68843,192,0.9992395639419556,766.77880859375,328.8201599121094,0.07777784019708633,816.5625,376.19488525390625,0.15763823688030243,829.0084228515625,417.33612060546875,0.07490379363298416,807.2595884003741,369.99204864359217,2133.5,1000,1000,FALSE,FALSE,-1.0289438786546525,no issue,FALSE
frame193__s69203,C:/R_projects/spat_1f_noise/processed_feed\rep110\processed_rep110__cam19_s69203_rank193.jpg,processed_rep110__cam19_s69203_rank193.jpg,TRUE,rep110,cam19,69203,193,0.9991869330406188,767.090576171875,328.4791564941406,0.07845642417669296,816.6798095703125,375.6544189453125,0.15079379081726074,824.1181640625,409.17364501953125,0.2798435688018799,807.3780885780885,369.79487179487177,2140.5,1000,1000,FALSE,FALSE,-0.892401460173165,no issue,FALSE
frame194__s69564,C:/R_projects/spat_1f_noise/processed_feed\rep110\processed_rep110__cam19_s69564_rank194.jpg,processed_rep110__cam19_s69564_rank194.jpg,TRUE,rep110,cam19,69564,194,0.9989169836044312,750.95184326171875,338.70013427734375,0.07034675031900406,786.78155517578125,391.1883544921875,0.13140977919101715,804.07867431640625,416.18280029296875,0.11281554400920868,777.8198962753419,378.95756718529,2117.5,1000,1000,FALSE,FALSE,-1.2613997567350812,no issue,FALSE
frame195__s69924,C:/R_projects/spat_1f_noise/processed_feed\rep110\processed_rep110__cam19_s69924_rank195.jpg,processed_rep110__cam19_s69924_rank195.jpg,TRUE,rep110,cam19,69924,195,0.9980996251106262,804.31097412109375,426.6485900878906,0.10250087827444077,766.9058837890625,392.0306396484375,0.22221454977989197,753.19061279296875,335.1583251953125,0.10533355921506882,768.3058340929808,382.4667274384685,2194,1000,1000,FALSE,FALSE,NA,unclear,FALSE
frame196__s70285,C:/R_projects/spat_1f_noise/processed_feed\rep110\processed_rep110__cam19_s70285_rank196.jpg,processed_rep110__cam19_s70285_rank196.jpg,TRUE,rep110,cam19,70285,196,0.9979414343833924,804.30181884765625,426.0998840332031,0.07708150893449783,766.875244140625,393.93658447265625,0.18113279342651367,754.399658203125,335.7952575683594,0.11529772728681564,767.605613701237,383.0528068506185,2104,1000,1000,FALSE,FALSE,NA,unclear,FALSE
frame197__s70645,C:/R_projects/spat_1f_noise/processed_feed\rep110\processed_rep110__cam19_s70645_rank197.jpg,processed_rep110__cam19_s70645_rank197.jpg,TRUE,rep110,cam19,70645,197,0.9978744983673096,805.095703125,425.1425476074219,0.06902997940778732,765.49365234375,395.3660583496094,0.1363685578107834,754.35546875,335.8131103515625,0.13113774359226227,768.8257408226449,385.1649712516586,2262.5,1000,1000,FALSE,FALSE,NA,unclear,FALSE
frame198__s71006,C:/R_projects/spat_1f_noise/processed_feed\rep110\processed_rep110__cam19_s71006_rank198.jpg,processed_rep110__cam19_s71006_rank198.jpg,TRUE,rep110,cam19,71006,198,0.9984995126724244,806.89483642578125,425.4130554199219,0.08777198195457458,765.93756103515625,399.4216613769531,0.12717083096504211,754.76739501953125,335.0619812011719,0.100340336561203,768.4427616926504,386.48730512249443,2245.5,1000,1000,FALSE,FALSE,NA,unclear,FALSE
frame199__s71366,C:/R_projects/spat_1f_noise/processed_feed\rep110\processed_rep110__cam19_s71366_rank199.jpg,processed_rep110__cam19_s71366_rank199.jpg,TRUE,rep110,cam19,71366,199,0.998050332069397,807.08837890625,425.7305603027344,0.08849693834781647,767.11920166015625,398.4167785644531,0.15066148340702057,755.8778076171875,336.340087890625,0.12820635735988617,769.3365122615804,385.12534059945506,2202,1000,1000,FALSE,FALSE,NA,unclear,FALSE
frame200__s71726,C:/R_projects/spat_1f_noise/processed_feed\rep110\processed_rep110__cam19_s71726_rank200.jpg,processed_rep110__cam19_s71726_rank200.jpg,TRUE,rep110,cam19,71726,200,0.9983395338058472,806.96661376953125,425.6097412109375,0.09610231220722198,768.77935791015625,398.2241516113281,0.11929111182689667,755.2291259765625,335.9841613769531,0.1330357789993286,769.4322940902746,385.07445323406233,2149.5,1000,1000,FALSE,FALSE,NA,unclear,FALSE
frame201__s72087,C:/R_projects/spat_1f_noise/processed_feed\rep110\processed_rep110__cam19_s72087_rank201.jpg,processed_rep110__cam19_s72087_rank201.jpg,TRUE,rep110,cam19,72087,201,0.9981834292411804,808.085693359375,425.8695983886719,0.0987917110323906,768.33984375,398.44775390625,0.13195478916168213,754.67718505859375,336.12542724609375,0.07317487895488739,769.65,385.1311926605505,2182,1000,1000,FALSE,FALSE,NA,unclear,FALSE
frame202__s72447,C:/R_projects/spat_1f_noise/processed_feed\rep110\processed_rep110__cam19_s72447_rank202.jpg,processed_rep110__cam19_s72447_rank202.jpg,TRUE,rep110,cam19,72447,202,0.998288094997406,807.30865478515625,426.08782958984375,0.08324810862541199,767.40264892578125,398.6761474609375,0.1268233358860016,754.9320068359375,336.37689208984375,0.10739704966545105,769.4765225476523,385.1715481171548,2151.5,1000,1000,FALSE,FALSE,NA,unclear,FALSE
frame203__s72808,C:/R_projects/spat_1f_noise/processed_feed\rep110\processed_rep110__cam19_s72808_rank203.jpg,processed_rep110__cam19_s72808_rank203.jpg,TRUE,rep110,cam19,72808,203,0.998237371444702,807.6412353515625,424.23309326171875,0.0899372398853302,768.085205078125,399.3731689453125,0.15303991734981537,755.72393798828125,335.98040771484375,0.08353414386510849,769.8092406221409,385.72049405306495,2186,1000,1000,FALSE,FALSE,NA,unclear,FALSE
frame204__s73168,C:/R_projects/spat_1f_noise/processed_feed\rep110\processed_rep110__cam19_s73168_rank204.jpg,processed_rep110__cam19_s73168_rank204.jpg,TRUE,rep110,cam19,73168,204,0.9981895089149476,806.89508056640625,425.6454162597656,0.09143751859664917,768.5394287109375,399.5398254394531,0.13555647432804108,756.16668701171875,337.38372802734375,0.13672590255737305,769.6619589977221,385.4760820045558,2194,1000,1000,FALSE,FALSE,NA,unclear,FALSE
frame205__s73529,C:/R_projects/spat_1f_noise/processed_feed\rep110\processed_rep110__cam19_s73529_rank205.jpg,processed_rep110__cam19_s73529_rank205.jpg,TRUE,rep110,cam19,73529,205,0.9980853796005248,805.464599609375,425.73370361328125,0.07612768560647964,767.267578125,398.28350830078125,0.11637962609529495,754.94598388671875,335.896728515625,0.0997433215379715,769.025269068788,384.67243799719233,2136.5,1000,1000,FALSE,FALSE,NA,unclear,FALSE
frame206__s73889,C:/R_projects/spat_1f_noise/processed_feed\rep110\processed_rep110__cam19_s73889_rank206.jpg,processed_rep110__cam19_s73889_rank206.jpg,TRUE,rep110,cam19,73889,206,0.9980606436729432,807.684814453125,426.2791442871094,0.0879443809390068,768.17236328125,399.00311279296875,0.12390818446874619,755.82470703125,337.0120849609375,0.1177307739853859,769.4230590423059,385.5755462575546,2151.5,1000,1000,FALSE,FALSE,NA,unclear,FALSE
frame207__s74249,C:/R_projects/spat_1f_noise/processed_feed\rep110\processed_rep110__cam19_s74249_rank207.jpg,processed_rep110__cam19_s74249_rank207.jpg,TRUE,rep110,cam19,74249,207,0.9980258941650392,806.71234130859375,425.9383850097656,0.08951464295387268,768.33734130859375,399.88958740234375,0.12786634266376495,755.95831298828125,336.6282653808594,0.1254441738128662,769.3279370952821,385.277058279371,2160.5,1000,1000,FALSE,FALSE,NA,unclear,FALSE
frame208__s74610,C:/R_projects/spat_1f_noise/processed_feed\rep110\processed_rep110__cam19_s74610_rank208.jpg,processed_rep110__cam19_s74610_rank208.jpg,TRUE,rep110,cam19,74610,208,0.9977273344993592,807.6826171875,426.2944030761719,0.08693407475948334,767.9290771484375,400.0993347167969,0.13845746219158173,754.263671875,337.73016357421875,0.13685302436351776,770.1202082347373,387.0615238996687,2117,1000,1000,FALSE,FALSE,NA,unclear,FALSE
