n_keypoints,frames,prop_kp,rep_id,beta,syn_id,cam_id,arena_id,mean_trt,var_trt,low_diet,high_diet,assemble_date,date_start,time_start,cat_pre_wt,date_end_camera,time_end_camera,cat_post_wt,cat_dead_cam_end,pupation_date,pupal_weight,pupated_cam_end,eclosure_date,sex,death_date,deformed_adult,notes,temperature,session_id,error,premature_camera_end,camera_cutoff,exp_start,exp_end,today,exp_time_elapsed,diet_age,surv_time,RGR,dead,pupated,eclosed,pupation_time,eclosure_time,adult_time,repID,toxic,sl,logsl,moved:cos_theta_pi,moved:cos_2theta,shape,scale,kappa1,kappa2,on_toxic,ud_estimate,ud_lower,ud_upper
763,919,0.8302502720348205,2,-5,beta-5_id1,2,2,1 mg/g,high_var,0 mg/g,2 mg/g,2023-11-20T07:00:00.000000Z,2023-11-21T07:00:00.000000Z,16:30:00,0.0023,2023-11-25T07:00:00.000000Z,14:12:00,NA,1,NA,NA,0,NA,NA,2023-11-25T07:00:00.000000Z,0,NA,20,1,0,0,114973,2023-11-21T23:30:00.000000Z,2023-11-25T21:12:00.000000Z,2024-01-17T00:00:00.000000Z,93.7,86400,4,NA,1,0,0,57,57,NA,rep2,0.4197494172291617,0.0025691790925831404,0.7250584320648513,0.3715266308073695,-1.4737154675701114,1.1062480148799265,356.3163121497792,0.3715266308073695,0.16312498514829477,0.572289156626506,348429.207077748,297303.1380537973,403633.4560645841
905,914,0.9901531728665208,3,5,beta5_id6,3,3,1 mg/g,low_var,0.5 mg/g,1.5 mg/g,2023-11-20T07:00:00.000000Z,2023-11-21T07:00:00.000000Z,16:30:00,0.0072,2023-11-25T07:00:00.000000Z,14:12:00,NA,1,NA,NA,0,NA,NA,2023-11-25T07:00:00.000000Z,0,NA,20,1,0,0,109568,2023-11-21T23:30:00.000000Z,2023-11-25T21:12:00.000000Z,2024-01-17T00:00:00.000000Z,93.7,86400,4,NA,1,0,0,57,57,NA,rep3,-0.5714660977929649,-0.0013801809841128905,2.1893603139389577,-2.2829264386499535,0.31739361437368896,2.5757515734318863,94.00965525432272,-1.4554291180353967,0.5693736705174499,0.8623853211009175,360644.3745449907,314232.1341240859,409119.48791661306
905,1131,0.8001768346595933,4,0,beta0_id6,4,4,1 mg/g,high_var,0 mg/g,2 mg/g,2023-11-20T07:00:00.000000Z,2023-11-21T07:00:00.000000Z,16:30:00,0.0027,2023-11-26T07:00:00.000000Z,11:49:00,0.0041,0,NA,NA,0,NA,NA,2023-11-29T07:00:00.000000Z,0,NA,20,1,0,0,411961,2023-11-21T23:30:00.000000Z,2023-11-26T18:49:00.000000Z,2024-01-17T00:00:00.000000Z,115.31666666666666,86400,8,0.0036225049923397494,1,0,0,57,57,NA,rep4,-0.5168012433403932,9.575042446050606e-4,0.899050275318791,0.3244321848951811,-0.5003652007978493,1.2729690273396357,500.57250409472306,0.3244321848951811,0.37351862337801955,0.443952802359882,732432.1064676523,678383.4911569704,788581.8017658305
842,914,0.9212253829321663,7,5,beta5_id5,7,7,1 mg/g,low_var,0.5 mg/g,1.5 mg/g,2023-11-20T07:00:00.000000Z,2023-11-21T07:00:00.000000Z,16:30:00,0.0044,2023-11-25T07:00:00.000000Z,14:12:00,NA,1,NA,NA,0,NA,NA,2023-11-25T07:00:00.000000Z,0,NA,20,1,0,0,21986,2023-11-21T23:30:00.000000Z,2023-11-25T21:12:00.000000Z,2024-01-17T00:00:00.000000Z,93.7,86400,4,NA,1,0,0,57,57,NA,rep7,1.7456976123373935,0.004498744265536422,0.6436471294501496,-3.6534648609991276,-0.07656036808688303,1.180776487394643,6089.787528348734,-1.6355938737140003,-0.07656036808688303,0.967741935483871,51333.25823266449,34610.210053723604,71301.5333096618
745,915,0.8142076502732241,19,-5,beta-5_id7,19,19,1 mg/g,low_var,0.5 mg/g,1.5 mg/g,2023-11-20T07:00:00.000000Z,2023-11-21T07:00:00.000000Z,16:30:00,0.0026,2023-11-25T07:00:00.000000Z,14:12:00,NA,1,NA,NA,0,NA,NA,2023-11-25T07:00:00.000000Z,0,NA,20,1,0,0,147053,2023-11-21T23:30:00.000000Z,2023-11-25T21:12:00.000000Z,2024-01-17T00:00:00.000000Z,93.7,86400,4,NA,1,0,0,57,57,NA,rep19,-0.5148981283941765,0.003575477174048599,1.0015311224413659,-0.33633276327033523,-1.5917514940899393,1.3615608513471027,299.83786162561586,-0.33633276327033523,-0.4501502961085442,0.3225806451612903,215227.6623377074,185391.14914954727,247207.08250261284
805,1144,0.7036713286713286,23,5,beta5_id1,23,23,1 mg/g,high_var,0 mg/g,2 mg/g,2023-11-20T07:00:00.000000Z,2023-11-21T07:00:00.000000Z,16:30:00,0.0029,2023-11-26T07:00:00.000000Z,11:49:00,0.0068,0,2023-12-09T07:00:00.000000Z,0.2526,0,2023-12-28T07:00:00.000000Z,male,2024-01-07T07:00:00.000000Z,0,NA,20,1,0,0,411969,2023-11-21T23:30:00.000000Z,2023-11-26T18:49:00.000000Z,2024-01-17T00:00:00.000000Z,115.31666666666666,86400,47,0.007390188251391526,1,1,1,18,37,10,rep23,-0.41141677719822756,0.0011247520448109988,0.9404248514936794,0.18723205219475877,-1.4344908749062382,1.312287162626419,297.32231901408966,0.18723205219475877,0.6445129673678862,0.5391566265060241,305061.5286646798,282384.03638120386,329054.5301420878
1133,1149,0.9860748476936466,24,0,beta0_id8,24,24,1 mg/g,high_var,0 mg/g,2 mg/g,2023-11-20T07:00:00.000000Z,2023-11-21T07:00:00.000000Z,16:30:00,0.0057,2023-11-26T07:00:00.000000Z,11:49:00,0.0283,0,2023-12-09T07:00:00.000000Z,0.2268,0,NA,NA,2024-01-07T07:00:00.000000Z,0,failed pupation,20,1,0,0,413774,2023-11-21T23:30:00.000000Z,2023-11-26T18:49:00.000000Z,2024-01-17T00:00:00.000000Z,115.31666666666666,86400,47,0.013895611763046864,1,1,0,18,NA,NA,rep24,-0.47221798789711095,0.004525828077717155,0.7194810187106416,0.11273400301066194,-0.18438743286244777,1.1067802088542722,269.9988823116336,0.11273400301066194,0.15244808604687768,0.42962962962962964,512419.6229115197,480643.9719473662,544610.5407971712
798,1126,0.7087033747779752,26,NA,NA,26,26,0.5 mg/g,constant,0.5 mg/g,0.5 mg/g,2023-11-20T07:00:00.000000Z,2023-11-21T07:00:00.000000Z,16:30:00,0.0096,2023-11-26T07:00:00.000000Z,11:49:00,0.0046,0,NA,NA,0,NA,NA,2023-11-27T07:00:00.000000Z,0,has mold growing on its body,20,1,0,0,411596,2023-11-21T23:30:00.000000Z,2023-11-26T18:49:00.000000Z,2024-01-17T00:00:00.000000Z,115.31666666666666,86400,6,-0.006379882598457071,1,0,0,57,57,NA,rep26,NA,0.0032526644891253224,0.6210492957863537,-0.11513700568231451,-0.8561652942866105,0.9635082391226591,708.8554356558421,-0.11513700568231451,0.3743928784202104,NA,903846.6737690557,834731.6714239765,975430.997220326
909,915,0.9934426229508196,27,NA,NA,27,27,1 mg/g,constant,1 mg/g,1 mg/g,2023-11-20T07:00:00.000000Z,2023-11-21T07:00:00.000000Z,16:30:00,0.0099,2023-11-25T07:00:00.000000Z,14:12:00,NA,1,NA,NA,0,NA,NA,2023-11-25T07:00:00.000000Z,0,NA,20,1,0,0,282207,2023-11-21T23:30:00.000000Z,2023-11-25T21:12:00.000000Z,2024-01-17T00:00:00.000000Z,93.7,86400,4,NA,1,0,0,57,57,NA,rep27,NA,0.0031848483698489437,1.0129172408507054,-0.2641985727925707,-0.36641392979096515,1.4314995283484193,113.36942003715671,-0.2641985727925707,0.2838673256890914,NA,630717.2372911281,580819.4149437707,682344.5799962427
1130,1149,0.9834638816362054,29,NA,NA,29,29,1.5 mg/g,constant,1.5 mg/g,1.5 mg/g,2023-11-20T07:00:00.000000Z,2023-11-21T07:00:00.000000Z,16:30:00,0.0116,2023-11-26T07:00:00.000000Z,11:49:00,0.0468,0,2023-12-06T07:00:00.000000Z,0.2083,0,2023-12-24T07:00:00.000000Z,male,2024-01-07T07:00:00.000000Z,0,NA,20,1,0,0,413771,2023-11-21T23:30:00.000000Z,2023-11-26T18:49:00.000000Z,2024-01-17T00:00:00.000000Z,115.31666666666666,86400,47,0.012096066814377358,1,1,1,15,33,14,rep29,NA,0.002824263268560105,1.1197887846829149,0.2691480617749958,-0.5795464080117637,1.5913870206123533,90.57598645146996,0.2691480617749958,0.42268298495286716,NA,867616.0010535956,812772.0990095153,922909.3553051463
1164,1168,0.9965753424657534,31,-5,beta-5_id5,14,14,1 mg/g,high_var,0 mg/g,2 mg/g,2023-11-20T07:00:00.000000Z,2023-11-22T07:00:00.000000Z,16:30:00,0.0118,2023-11-27T07:00:00.000000Z,09:01:00,0.0556,0,2023-12-04T07:00:00.000000Z,0.2261,0,2023-12-20T07:00:00.000000Z,female,2024-01-01T07:00:00.000000Z,0,replaced rep 14,20,1,0,0,417329,2023-11-22T23:30:00.000000Z,2023-11-27T16:01:00.000000Z,2024-01-17T00:00:00.000000Z,112.51666666666667,172800,40,0.013776480549117917,1,1,1,12,28,12,rep31,-0.5206142820452484,0.002596572423670127,1.799855556448753,0.17302563136287466,-0.23816174566797987,2.2574694847695618,53.41568821017527,0.17302563136287466,-0.23816174566797987,0.07731434384537131,680827.9989005539,638727.9140123166,724333.1522475479
905,919,0.984766050054407,32,0,beta0_id13,1,1,1 mg/g,high_var,0 mg/g,2 mg/g,2023-11-27T07:00:00.000000Z,2023-11-27T07:00:00.000000Z,16:37:00,0.0333,2023-12-01T07:00:00.000000Z,13:49:00,NA,1,NA,NA,0,NA,NA,2023-12-01T07:00:00.000000Z,0,NA,24,2,0,0,321494,2023-11-27T23:37:00.000000Z,2023-12-01T20:49:00.000000Z,2024-01-17T00:00:00.000000Z,93.2,0,4,NA,1,0,0,51,51,NA,rep32,-0.11045898696322501,0.004898897921847743,0.8616212253052596,-0.04940833230719076,-0.13634667122311983,1.2735088509324948,130.11189044966966,-0.04940833230719076,0.2765383767630444,0.6739446870451238,651573.2031327288,603885.6626218241,701154.5637948279
356,356,1,33,0,beta0_id15,2,2,1 mg/g,low_var,0.5 mg/g,1.5 mg/g,2023-11-27T07:00:00.000000Z,2023-11-27T07:00:00.000000Z,16:37:00,0.0532,2023-11-30T07:00:00.000000Z,10:40:00,NA,1,NA,NA,0,NA,NA,2023-11-30T07:00:00.000000Z,0,NA,24,2,0,0,114613,2023-11-27T23:37:00.000000Z,2023-11-30T17:40:00.000000Z,2024-01-17T00:00:00.000000Z,66.05,0,3,NA,1,0,0,51,51,NA,rep33,-0.495745035592655,0.0042041965877187715,0.8151484956144583,-0.26549093477660407,-0.13192671591567046,1.1421219010052814,275.4143131982091,-0.26549093477660407,-0.0624892534945697,0.32764505119453924,822092.5123537418,728949.4913905617,917521.8191587599
1182,1182,1,34,5,beta5_id11,3,3,1 mg/g,low_var,0.5 mg/g,1.5 mg/g,2023-11-27T07:00:00.000000Z,2023-11-27T07:00:00.000000Z,16:37:00,0.0287,2023-12-02T07:00:00.000000Z,16:10:00,0.1683,0,2023-12-07T07:00:00.000000Z,0.2408,0,2023-12-23T07:00:00.000000Z,female,2024-01-07T07:00:00.000000Z,0,NA,24,2,0,0,429981,2023-11-27T23:37:00.000000Z,2023-12-02T23:10:00.000000Z,2024-01-17T00:00:00.000000Z,119.55,0,41,0.014795909480812924,1,1,1,10,26,15,rep34,-0.4866583913475189,-1.1745875302178513e-4,2.5622888173667144,0.4849027778128482,-0.6194624332522233,3.054676782105325,38.072980967990134,0.4849027778128482,0.15561379583064572,0.01858736059479554,62681.64765397184,59010.495828356055,66521.2089239914
919,919,1,35,-5,beta-5_id10,4,4,1 mg/g,low_var,0.5 mg/g,1.5 mg/g,2023-11-27T07:00:00.000000Z,2023-11-27T07:00:00.000000Z,17:42:00,0.097,2023-12-01T07:00:00.000000Z,13:49:00,0.2171,0,2023-12-01T07:00:00.000000Z,0.1975,1,NA,NA,2023-12-16T07:00:00.000000Z,0,NA,24,2,0,0,299871,2023-11-28T00:42:00.000000Z,2023-12-01T20:49:00.000000Z,2024-01-17T00:00:00.000000Z,92.11666666666666,0,19,0.008745942808549265,1,1,0,4,NA,NA,rep35,-0.5646014341282626,0.006758080184062,1.4111293030704457,-0.020606488667115765,0.034630162358487544,2.0105529848064925,45.59199162885221,-0.020606488667115765,0.034630162358487544,0.3757725587144623,370038.5868664913,344807.2517158409,396109.17693147075
919,919,1,36,-5,beta-5_id14,5,5,1 mg/g,low_var,0.5 mg/g,1.5 mg/g,2023-11-27T07:00:00.000000Z,2023-11-27T07:00:00.000000Z,17:42:00,0.0711,2023-12-01T07:00:00.000000Z,13:49:00,0.2196,0,2023-12-01T07:00:00.000000Z,0.2002,1,2023-12-20T07:00:00.000000Z,female,2024-12-27T07:00:00.000000Z,1,NA,24,2,0,0,302031,2023-11-28T00:42:00.000000Z,2023-12-01T20:49:00.000000Z,2024-01-17T00:00:00.000000Z,92.11666666666666,0,396,0.012242305476672847,1,1,1,4,23,373,rep36,-0.4671870226400707,0.0025216073266717673,2.1473058283065543,0.04930787588995517,-0.648285512458437,2.728852034829824,47.250768336404136,0.04930787588995517,0.109372175677236,0.34108527131782945,577786.2828479081,537881.477638593,619114.5730004727
700,700,1,37,-5,beta-5_id16,6,6,1 mg/g,high_var,0 mg/g,2 mg/g,2023-11-27T07:00:00.000000Z,2023-11-27T07:00:00.000000Z,17:42:00,0.1526,2023-11-30T07:00:00.000000Z,16:24:00,0.1978,0,2023-11-30T07:00:00.000000Z,NA,1,NA,NA,2023-12-04T07:00:00.000000Z,0,NA,24,2,0,0,185976,2023-11-28T00:42:00.000000Z,2023-11-30T23:24:00.000000Z,2024-01-17T00:00:00.000000Z,70.7,0,7,0.0036695374871040308,1,1,0,3,NA,NA,rep37,-0.03635648104353443,0.0033153693957852165,1.1097854910684262,0.16506977021923971,-2.8815087982486247,1.4087052492436185,1523.9640034326485,0.16506977021923971,0.016930957709969885,0.1759656652360515,530925.9677825749,484765.3885676325,581228.2880884367
1186,1186,1,38,-5,beta-5_id13,7,7,1 mg/g,high_var,0 mg/g,2 mg/g,2023-11-27T07:00:00.000000Z,2023-11-27T07:00:00.000000Z,17:42:00,0.079,2023-12-02T07:00:00.000000Z,16:22:00,0.3138,0,2023-12-04T07:00:00.000000Z,0.2324,0,2023-12-22T07:00:00.000000Z,female,2024-01-02T07:00:00.000000Z,0,NA,24,2,0,0,427103,2023-11-28T00:42:00.000000Z,2023-12-02T23:22:00.000000Z,2024-01-17T00:00:00.000000Z,118.66666666666667,0,36,0.011623381919931832,1,1,1,7,25,11,rep38,-0.1935513287506901,-2.5407359816040956e-4,2.71443885879451,0.01780403521342967,-0.8930899200710857,3.3421023399828838,29.05087994783712,0.01780403521342967,0.291228317998112,0.4934579439252336,172721.05675465614,162474.9825187676,183155.65602281655
1114,1114,1,39,0,beta0_id14,8,8,1 mg/g,low_var,0.5 mg/g,1.5 mg/g,2023-11-27T07:00:00.000000Z,2023-11-27T07:00:00.000000Z,17:42:00,0.1168,2023-12-02T07:00:00.000000Z,15:26:00,0.2215,0,2023-12-02T07:00:00.000000Z,0.2111,1,2023-12-19T07:00:00.000000Z,female,2024-01-07T07:00:00.000000Z,0,NA,24,2,0,0,338793,2023-11-28T00:42:00.000000Z,2023-12-02T22:26:00.000000Z,2024-01-17T00:00:00.000000Z,117.73333333333333,0,41,0.0054356697544541074,1,1,1,5,22,19,rep39,-0.33302209305051084,0.0037221098758559567,0.9612822289851339,-0.1928982603222096,-0.008324875734777346,1.384110882548861,155.2794178586576,-0.1928982603222096,0.11309374959094698,0.39436619718309857,1090918.0058009676,1018699.7246307358,1166010.2788516504
640,640,1,40,0,beta0_id9,9,9,1 mg/g,high_var,0 mg/g,2 mg/g,2023-11-27T07:00:00.000000Z,2023-11-27T07:00:00.000000Z,17:42:00,0.2104,2023-11-30T07:00:00.000000Z,10:40:00,0.2481,0,2023-11-30T07:00:00.000000Z,0.2254,1,2023-12-20T07:00:00.000000Z,male,2024-01-01T07:00:00.000000Z,0,NA,24,2,0,0,173362,2023-11-28T00:42:00.000000Z,2023-11-30T17:40:00.000000Z,2024-01-17T00:00:00.000000Z,64.96666666666667,0,35,0.0025370150307983653,1,1,1,3,23,12,rep40,-0.7634899656424675,0.0017890286338001647,2.2806474335389373,0.09714498518207457,-0.094476861796219,2.8507402048067703,47.991656991904634,0.09714498518207457,0.3333299577593497,0.16808510638297872,413920.7676220261,376765.4197973428,451811.945549517
1182,1182,1,41,0,beta0_id16,10,10,1 mg/g,high_var,0 mg/g,2 mg/g,2023-11-27T07:00:00.000000Z,2023-11-27T07:00:00.000000Z,16:37:00,0.0617,2023-12-02T07:00:00.000000Z,15:26:00,0.268,0,2023-12-02T07:00:00.000000Z,0.2041,1,2023-12-24T07:00:00.000000Z,male,2024-01-01T07:00:00.000000Z,1,NA,24,2,0,0,373043,2023-11-27T23:37:00.000000Z,2023-12-02T22:26:00.000000Z,2024-01-17T00:00:00.000000Z,118.81666666666666,0,35,0.012361086123715932,1,1,1,5,27,8,rep41,-0.7755362378574375,-0.004168125815483805,3.522893872157987,0.4308903274528252,-0.3160356062527416,4.18168531777936,19.70361590605527,0.4308903274528252,-0.02979359225847872,0.20969337289812068,257585.77311714343,242509.08009230142,273753.8461851252
1179,1179,1,42,5,beta5_id9,11,11,1 mg/g,high_var,0 mg/g,2 mg/g,2023-11-27T07:00:00.000000Z,2023-11-27T07:00:00.000000Z,16:37:00,0.0641,2023-12-02T07:00:00.000000Z,15:26:00,0.2726,0,2023-12-02T07:00:00.000000Z,0.205,1,2023-12-22T07:00:00.000000Z,male,2024-01-07T07:00:00.000000Z,0,NA,24,2,0,0,384928,2023-11-27T23:37:00.000000Z,2023-12-02T22:26:00.000000Z,2024-01-17T00:00:00.000000Z,118.81666666666666,0,41,0.012183149013907768,1,1,1,5,25,16,rep42,-0.08086929314409114,-0.022541945781863557,5.168633720403664,0.2848864449008325,-0.24127553292413242,6.082259298846354,10.193476527747102,0.2848864449008325,0.045525270076593266,0.0029154518950437317,38656.35659112569,36326.92377788043,41053.99449429624
1186,1186,1,44,5,beta5_id10,13,13,1 mg/g,low_var,0.5 mg/g,1.5 mg/g,2023-11-27T07:00:00.000000Z,2023-11-27T07:00:00.000000Z,17:42:00,0.0613,2023-12-02T07:00:00.000000Z,16:10:00,0.2326,0,2023-12-06T07:00:00.000000Z,0.2173,0,2023-12-23T07:00:00.000000Z,female,2024-01-07T07:00:00.000000Z,0,NA,24,2,0,0,427101,2023-11-28T00:42:00.000000Z,2023-12-02T23:10:00.000000Z,2024-01-17T00:00:00.000000Z,118.46666666666667,0,41,0.011256671894842979,1,1,1,9,26,15,rep44,-0.4713279198979986,-0.007246661556346887,6.041749786507748,0.1334099278624679,-4.734113768159929,6.659721047777769,19.991953364984965,0.1334099278624679,-1.6278423591115456,0.1203281677301732,73589.209427225,69326.33303846119,78007.6579817255
918,919,0.998911860718172,45,-5,beta-5_id11,14,14,1 mg/g,high_var,0 mg/g,2 mg/g,2023-11-27T07:00:00.000000Z,2023-11-27T07:00:00.000000Z,17:42:00,0.1095,2023-12-01T07:00:00.000000Z,13:49:00,0.2499,0,2023-12-01T07:00:00.000000Z,0.232,1,2023-12-19T07:00:00.000000Z,male,2024-01-01T07:00:00.000000Z,0,NA,24,2,0,0,281849,2023-11-28T00:42:00.000000Z,2023-12-01T20:49:00.000000Z,2024-01-17T00:00:00.000000Z,92.11666666666666,0,35,0.008957513536287511,1,1,1,4,22,13,rep45,-0.047309243716891276,0.005497258750659896,0.9907319297177235,0.06008938013419494,-0.046724953507143126,1.4480425660393847,163.41314772215995,0.06008938013419494,0.12152218192772193,0.2136986301369863,602878.6770173059,560004.4211549779,646917.6456866104
1173,1174,0.9991482112436116,46,0,beta0_id11,15,15,1 mg/g,low_var,0.5 mg/g,1.5 mg/g,2023-11-27T07:00:00.000000Z,2023-11-27T07:00:00.000000Z,17:42:00,0.0952,2023-12-02T07:00:00.000000Z,15:26:00,NA,1,NA,NA,0,NA,NA,2023-12-02T07:00:00.000000Z,0,NA,24,2,0,0,360422,2023-11-28T00:42:00.000000Z,2023-12-02T22:26:00.000000Z,2024-01-17T00:00:00.000000Z,117.73333333333333,0,5,NA,1,0,0,51,51,NA,rep46,0.12188323606179213,0.0028662526565701387,0.9389967878238779,-0.32176411526479165,0.05163907445337513,1.2516099089227943,339.4317791378306,-0.32176411526479165,0.16363536692275182,0.5028376844494892,1580798.2072887118,1478290.0155511005,1686853.7442503183
640,640,1,47,-5,beta-5_id9,16,16,1 mg/g,high_var,0 mg/g,2 mg/g,2023-11-27T07:00:00.000000Z,2023-11-27T07:00:00.000000Z,17:42:00,0.2016,2023-11-30T07:00:00.000000Z,10:40:00,0.1938,0,2023-11-30T07:00:00.000000Z,0.1764,1,2023-12-17T07:00:00.000000Z,female,2024-12-27T07:00:00.000000Z,0,NA,24,2,0,0,139845,2023-11-28T00:42:00.000000Z,2023-11-30T17:40:00.000000Z,2024-01-17T00:00:00.000000Z,64.96666666666667,0,396,-6.073704988283377e-4,1,1,1,3,20,376,rep47,0.04095328867115828,0.0024519037917061174,1.1946245538063207,0.19293755843963048,-0.062415543704842605,1.691919046798028,76.02455703424985,0.19293755843963048,0.022858808051335028,0.324468085106383,463500.99268125667,417951.39651432296,512356.455294441
244,245,0.9959183673469387,48,5,beta5_id14,17,17,1 mg/g,high_var,0 mg/g,2 mg/g,2023-11-27T07:00:00.000000Z,2023-11-27T07:00:00.000000Z,17:42:00,0.1625,2023-11-30T07:00:00.000000Z,10:40:00,0.2416,0,2023-11-30T07:00:00.000000Z,0.208,1,NA,NA,2023-12-16T07:00:00.000000Z,0,NA,24,2,0,0,87943,2023-11-28T00:42:00.000000Z,2023-11-30T17:40:00.000000Z,2024-01-17T00:00:00.000000Z,64.96666666666667,0,19,0.006104753170203197,1,1,0,3,NA,NA,rep48,-0.3588993427014221,0.0012526759667871976,1.0126048760381985,0.16352728014516138,-0.4187535625513772,1.4856117267746383,103.67913090417531,0.16352728014516138,0.23785835437854408,0.30638297872340425,115718.71575411463,101374.57440712916,131201.819934852
929,929,1,49,5,beta5_id15,18,18,1 mg/g,high_var,0 mg/g,2 mg/g,2023-11-27T07:00:00.000000Z,2023-11-27T07:00:00.000000Z,16:37:00,0.0552,2023-12-01T07:00:00.000000Z,13:49:00,0.2455,0,2023-12-01T07:00:00.000000Z,0.1711,1,NA,NA,2024-01-07T07:00:00.000000Z,0,failed pupation,24,2,0,0,318257,2023-11-27T23:37:00.000000Z,2023-12-01T20:49:00.000000Z,2024-01-17T00:00:00.000000Z,93.2,0,41,0.016012167317076456,1,1,0,4,NA,NA,rep49,-0.39965934400889963,0.006628828742426338,1.1105765992776326,-0.5580683776045703,-0.012808081464249393,1.6544995997642933,68.00828356979919,-0.1974827424513465,-0.012808081464249393,0.060714285714285714,308012.11716666806,287562.2975927996,328907.2107258886
1191,1203,0.9900249376558603,50,-5,beta-5_id15,19,19,1 mg/g,low_var,0.5 mg/g,1.5 mg/g,2023-11-27T07:00:00.000000Z,2023-11-27T07:00:00.000000Z,16:37:00,0.0549,2023-12-02T07:00:00.000000Z,16:49:00,0.2454,0,2023-12-04T07:00:00.000000Z,0.2195,0,NA,NA,2023-12-09T07:00:00.000000Z,0,NA,24,2,0,0,433231,2023-11-27T23:37:00.000000Z,2023-12-02T23:49:00.000000Z,2024-01-17T00:00:00.000000Z,120.2,0,12,0.012457372577049302,1,1,0,7,NA,NA,rep50,0.30760600047977144,0.0033801875963524568,1.7166104276926097,0.04910690717892955,-0.3680188801283299,2.2412029102341497,60.144274838161955,0.04910690717892955,0.08417537280250592,0.5529739776951673,614622.2451077804,578178.4222713382,651826.9280415237
1200,1203,0.9975062344139651,51,-5,beta-5_id12,20,20,1 mg/g,low_var,0.5 mg/g,1.5 mg/g,2023-11-27T07:00:00.000000Z,2023-11-27T07:00:00.000000Z,16:37:00,0.0365,2023-12-02T07:00:00.000000Z,16:49:00,0.1977,0,2023-12-06T07:00:00.000000Z,0.2365,0,2023-12-23T07:00:00.000000Z,female,2024-01-03T07:00:00.000000Z,0,NA,24,2,0,0,433232,2023-11-27T23:37:00.000000Z,2023-12-02T23:49:00.000000Z,2024-01-17T00:00:00.000000Z,120.2,0,37,0.014055228532347133,1,1,1,9,26,11,rep51,-0.12629941292309926,0.0037193712421143745,1.3579040269302765,-0.14597807867877663,-0.8832130749149979,1.7650247929073917,98.42382550464357,-0.14597807867877663,0.16743145132336024,0.13663366336633664,129242.97286355567,121330.18077210283,137336.7228199008
917,919,0.9978237214363439,52,5,beta5_id12,21,21,1 mg/g,high_var,0 mg/g,2 mg/g,2023-11-27T07:00:00.000000Z,2023-11-27T07:00:00.000000Z,17:42:00,0.0814,2023-12-01T07:00:00.000000Z,13:49:00,0.1861,0,2023-12-01T07:00:00.000000Z,0.1771,1,NA,NA,2024-01-07T07:00:00.000000Z,0,failed pupation,24,2,0,0,246169,2023-11-28T00:42:00.000000Z,2023-12-01T20:49:00.000000Z,2024-01-17T00:00:00.000000Z,92.11666666666666,0,41,0.008976756547563348,1,1,0,4,NA,NA,rep52,-0.6375656921931186,0.0016644686040032544,2.268036695785093,0.5896742885984125,-1.5812191677323968,2.852150220361058,49.82114506684072,0.5896742885984125,0.6448982655912916,0.08609271523178808,22693.548755820102,20926.95044860224,24532.225840332496
939,939,1,53,0,beta0_id10,22,22,1 mg/g,high_var,0 mg/g,2 mg/g,2023-11-27T07:00:00.000000Z,2023-11-27T07:00:00.000000Z,17:42:00,0.0704,2023-12-01T07:00:00.000000Z,13:49:00,0.1987,0,2023-12-01T07:00:00.000000Z,NA,1,NA,NA,2023-12-04T07:00:00.000000Z,0,NA,24,2,0,0,266717,2023-11-28T00:42:00.000000Z,2023-12-01T20:49:00.000000Z,2024-01-17T00:00:00.000000Z,92.11666666666666,0,7,0.011264008175072636,1,1,0,4,NA,NA,rep53,-0.5987735669363786,0.0056712291940413965,2.376044810471048,0.22248676767774542,-0.03406778824288845,2.992186520004507,38.19830070594813,0.22248676767774542,-0.03406778824288845,0.15789473684210525,132617.1376968566,122840.02264008697,142744.8456341397
863,868,0.9942396313364056,54,5,beta5_id13,23,23,1 mg/g,low_var,0.5 mg/g,1.5 mg/g,2023-11-27T07:00:00.000000Z,2023-11-27T07:00:00.000000Z,17:42:00,0.0926,2023-12-01T07:00:00.000000Z,13:49:00,0.246,0,2023-12-01T07:00:00.000000Z,0.2267,1,NA,NA,2024-01-07T07:00:00.000000Z,0,failed pupation,24,2,0,0,284380,2023-11-28T00:42:00.000000Z,2023-12-01T20:49:00.000000Z,2024-01-17T00:00:00.000000Z,92.11666666666666,0,41,0.01060657565710399,1,1,0,4,NA,NA,rep54,-0.4941024375444823,0.008338266543984566,1.093452688864574,-0.24804040122185234,-0.014698175168983184,1.5058070179052896,286.5618540889384,-0.24804040122185234,0.16381226831495185,0.05436337625178827,499059.7154477729,462355.97154313023,536448.928594264
1155,1159,0.996548748921484,55,0,beta0_id12,24,24,1 mg/g,low_var,0.5 mg/g,1.5 mg/g,2023-11-27T07:00:00.000000Z,2023-11-27T07:00:00.000000Z,17:42:00,0.0936,2023-12-02T07:00:00.000000Z,15:26:00,0.2365,0,2023-12-02T07:00:00.000000Z,0.2264,1,2023-12-19T07:00:00.000000Z,female,2024-01-01T07:00:00.000000Z,0,NA,24,2,0,0,332314,2023-11-28T00:42:00.000000Z,2023-12-02T22:26:00.000000Z,2024-01-17T00:00:00.000000Z,117.73333333333333,0,35,0.007873027953978833,1,1,1,5,22,13,rep55,-0.02757483753683425,0.0037713452611583174,1.1216334081643757,0.13147860467668077,-0.28594108958114206,1.7341177892627733,66.652214265141,0.13147860467668077,0.1736034411101955,0.4787234042553192,749664.4330022266,699789.2798130224,801336.0843120109
400,400,1,56,NA,NA,25,25,0.5 mg/g,constant,0.5 mg/g,0.5 mg/g,2023-11-27T07:00:00.000000Z,2023-11-27T07:00:00.000000Z,16:37:00,0.0287,2023-11-29T07:00:00.000000Z,09:14:00,NA,1,NA,NA,0,NA,NA,2023-11-29T07:00:00.000000Z,0,NA,24,2,0,0,73888,2023-11-27T23:37:00.000000Z,2023-11-29T16:14:00.000000Z,2024-01-17T00:00:00.000000Z,40.61666666666667,0,2,NA,1,0,0,51,51,NA,rep56,NA,0.005200097728854593,1.6132630019091434,-0.679091794558958,-0.3170366573559196,2.1126993631920294,59.67178781626358,-0.38789458334969434,0.14252128438848521,NA,568288.5244069856,489906.51844544243,650892.1157547774
1184,1186,0.9983136593591906,57,NA,NA,26,26,0 mg/g,constant,0 mg/g,0 mg/g,2023-11-27T07:00:00.000000Z,2023-11-27T07:00:00.000000Z,16:37:00,0.0377,2023-12-02T07:00:00.000000Z,16:49:00,0.0709,0,NA,NA,0,NA,NA,2023-12-08T07:00:00.000000Z,0,NA,24,2,0,0,433220,2023-11-27T23:37:00.000000Z,2023-12-02T23:49:00.000000Z,2024-01-17T00:00:00.000000Z,120.2,0,11,0.00525466172282959,1,0,0,51,51,NA,rep57,NA,-0.030136836527987525,4.4626608742551825,0.22804371852519184,-0.3448289498746612,5.377073747195686,11.811329867991812,0.22804371852519184,0.12590500463105037,NA,84660.94787044416,79676.52787265326,89785.3568062965
875,1193,0.7334450963956413,58,NA,NA,27,27,2 mg/g,constant,2 mg/g,2 mg/g,2023-11-27T07:00:00.000000Z,2023-11-27T07:00:00.000000Z,17:42:00,0.0107,2023-12-02T07:00:00.000000Z,16:40:00,0.0324,0,2023-12-14T07:00:00.000000Z,0.2418,0,2023-12-31T07:00:00.000000Z,female,2024-01-08T07:00:00.000000Z,0,escaped and returned by itself between s2523 - s59830,24,2,0,0,429620,2023-11-28T00:42:00.000000Z,2023-12-02T23:40:00.000000Z,2024-01-17T00:00:00.000000Z,118.96666666666667,0,42,0.009312816038081451,1,1,1,17,34,8,rep58,NA,-3.91773059016573e-4,2.2403050718981024,0.05325824415813965,-0.6173484173865661,2.8456491311244516,28.29136093196,0.05325824415813965,0.08558165059463274,NA,1125905.322264878,1045384.332236219,1209592.4621030535
919,919,1,59,NA,NA,28,28,1.5 mg/g,constant,1.5 mg/g,1.5 mg/g,2023-11-27T07:00:00.000000Z,2023-11-27T07:00:00.000000Z,17:42:00,0.1493,2023-12-01T07:00:00.000000Z,13:49:00,0.1955,0,2023-12-01T07:00:00.000000Z,0.179,1,2023-12-20T07:00:00.000000Z,female,2024-01-07T07:00:00.000000Z,0,NA,24,2,0,0,269237,2023-11-28T00:42:00.000000Z,2023-12-01T20:49:00.000000Z,2024-01-17T00:00:00.000000Z,92.11666666666666,0,41,0.002926752396022536,1,1,1,4,23,18,rep59,NA,0.002837357862687346,1.8958269038624316,0.07365596821416383,-0.4016989627154659,2.4171507926187243,62.30244686459246,0.07365596821416383,0.05107005761787209,NA,431033.03768591426,397393.2209988808,465749.63046673645
919,919,1,60,NA,NA,29,29,1 mg/g,constant,1 mg/g,1 mg/g,2023-11-27T07:00:00.000000Z,2023-11-27T07:00:00.000000Z,17:42:00,0.0664,2023-12-01T07:00:00.000000Z,13:49:00,NA,1,NA,NA,0,NA,NA,2023-12-01T07:00:00.000000Z,0,NA,24,2,0,0,291224,2023-11-28T00:42:00.000000Z,2023-12-01T20:49:00.000000Z,2024-01-17T00:00:00.000000Z,92.11666666666666,0,4,NA,1,0,0,51,51,NA,rep60,NA,0.001200233667343153,2.45338251237167,0.23877792598121328,-1.0156084901469742,3.045329894370841,30.61824970455953,0.23877792598121328,0.018466509351141136,NA,1026281.978085914,951120.2295665392,1104276.3417555275
1193,1194,0.9991624790619765,61,NA,NA,30,30,1 mg/g,constant,1 mg/g,1 mg/g,2023-11-27T07:00:00.000000Z,2023-11-27T07:00:00.000000Z,17:42:00,0.0579,2023-12-02T07:00:00.000000Z,16:33:00,0.2429,0,2023-12-06T07:00:00.000000Z,0.2258,0,2023-12-23T07:00:00.000000Z,female,2024-01-07T07:00:00.000000Z,0,NA,24,2,0,0,429982,2023-11-28T00:42:00.000000Z,2023-12-02T23:33:00.000000Z,2024-01-17T00:00:00.000000Z,118.85,0,41,0.012065060592588788,1,1,1,9,26,15,rep61,NA,0.003051653805213031,2.12973775078704,0.29909767454091096,-1.1294059281565891,2.578819842818196,64.18810827954053,0.29909767454091096,-0.0012723263126350748,NA,126494.47032090048,118904.30512864747,134290.3914318773
1224,1224,1,62,0,beta0_id21,1,1,1 mg/g,high_var,0 mg/g,2 mg/g,2023-12-04T07:00:00.000000Z,2023-12-04T07:00:00.000000Z,16:30:00,0.0643,2023-12-09T07:00:00.000000Z,18:47:00,0.2622,0,2023-12-10T07:00:00.000000Z,0.2239,0,NA,female,2024-01-07T07:00:00.000000Z,0,failed pupation,22,3,0,0,440791,2023-12-04T23:30:00.000000Z,2023-12-10T01:47:00.000000Z,2024-01-17T00:00:00.000000Z,122.28333333333333,0,34,0.011494190596314782,1,1,0,6,NA,NA,rep62,-0.19418090499787188,0.00806240941405282,1.32179908470589,-0.20988336256773507,0.003954878936203367,1.9095808148048934,50.484387425970326,-0.20988336256773507,0.15306015471988857,0.2881818181818182,402268.3785529258,378906.60693552264,426238.6276132269
1220,1224,0.9967320261437909,63,-5,beta-5_id21,2,2,1 mg/g,high_var,0 mg/g,2 mg/g,2023-12-04T07:00:00.000000Z,2023-12-04T07:00:00.000000Z,16:30:00,0.0428,2023-12-09T07:00:00.000000Z,18:47:00,0.0339,0,NA,NA,0,NA,NA,2023-12-16T07:00:00.000000Z,0,NA,22,3,0,0,440793,2023-12-04T23:30:00.000000Z,2023-12-10T01:47:00.000000Z,2024-01-17T00:00:00.000000Z,122.28333333333333,0,12,-0.0019064175128909347,1,0,0,44,44,NA,rep63,0.022990276975793058,0.005864713164935727,1.1788579880428414,-0.05066333351795024,-0.26828028872631593,1.6175819761918167,98.77592011743866,-0.05066333351795024,-0.1255079979934923,0.4432809773123909,963727.1585167529,908706.6786338452,1020586.320510679
1194,1220,0.978688524590164,64,-5,beta-5_id18,3,3,1 mg/g,low_var,0.5 mg/g,1.5 mg/g,2023-12-04T07:00:00.000000Z,2023-12-04T07:00:00.000000Z,16:30:00,0.054,2023-12-09T07:00:00.000000Z,18:47:00,0.2063,0,2023-12-13T07:00:00.000000Z,0.2338,0,2023-12-31T07:00:00.000000Z,male,2024-01-07T07:00:00.000000Z,0,NA,22,3,0,0,439353,2023-12-04T23:30:00.000000Z,2023-12-10T01:47:00.000000Z,2024-01-17T00:00:00.000000Z,122.28333333333333,0,34,0.010960998011554575,1,1,1,9,27,7,rep64,-0.21636316308589174,0.0036122712516057907,1.2952647230682321,-0.27404062250600714,0.07586597035789419,1.7092162443306267,95.3546092370018,-0.27404062250600714,0.1871324997995077,0.3135593220338983,1341347.5408971938,1262765.3018089607,1423292.9834422092
1220,1220,1,65,0,beta0_id24,4,4,1 mg/g,low_var,0.5 mg/g,1.5 mg/g,2023-12-04T07:00:00.000000Z,2023-12-04T07:00:00.000000Z,16:30:00,0.0133,2023-12-09T07:00:00.000000Z,18:47:00,0.1387,0,2023-12-14T07:00:00.000000Z,0.2597,0,2023-12-31T07:00:00.000000Z,male,2024-01-08T07:00:00.000000Z,0,NA,22,3,0,0,439354,2023-12-04T23:30:00.000000Z,2023-12-10T01:47:00.000000Z,2024-01-17T00:00:00.000000Z,122.28333333333333,0,35,0.019173089481475353,1,1,1,10,27,8,rep65,0.35476363897771157,0.004631879128382445,1.074786055620244,0.18517487562145038,-1.3547655020027716,1.4087023061869046,1336.8797674897735,0.18517487562145038,0.26404140178207625,0.4247871333964049,293484.09095659084,276125.28912997944,311430.0164723908
1181,1219,0.9688269073010665,66,-5,beta-5_id17,5,5,1 mg/g,high_var,0 mg/g,2 mg/g,2023-12-04T07:00:00.000000Z,2023-12-04T07:00:00.000000Z,16:30:00,0.0108,2023-12-09T07:00:00.000000Z,18:47:00,0.1323,0,2023-12-15T07:00:00.000000Z,0.2516,0,2024-01-03T07:00:00.000000Z,male,2024-01-09T07:00:00.000000Z,0,NA,22,3,0,0,438989,2023-12-04T23:30:00.000000Z,2023-12-10T01:47:00.000000Z,2024-01-17T00:00:00.000000Z,122.28333333333333,0,36,0.020489512909832926,1,1,1,11,30,6,rep66,-1.3490541375984912,0.0034567725944078713,1.6348686480794181,0.3573850752116254,-1.7076946524553702,2.0681421638618698,68.62080259467518,0.3573850752116254,0.2658943865676042,0.09046692607003891,285625.75337348663,268494.22497644473,303442.0504094865
1219,1219,1,68,5,beta5_id19,7,7,1 mg/g,high_var,0 mg/g,2 mg/g,2023-12-04T07:00:00.000000Z,2023-12-04T07:00:00.000000Z,16:30:00,0.0716,2023-12-09T07:00:00.000000Z,18:47:00,0.2628,0,2023-12-09T07:00:00.000000Z,0.235,1,2023-12-27T07:00:00.000000Z,female,2024-01-07T07:00:00.000000Z,0,NA,22,3,0,0,354662,2023-12-04T23:30:00.000000Z,2023-12-10T01:47:00.000000Z,2024-01-17T00:00:00.000000Z,122.28333333333333,0,34,0.010633486814587886,1,1,1,5,23,11,rep68,-0.4700070594164113,-0.0024332747848490282,3.458794629347146,0.2695074400840059,-0.855751690334964,4.2400192326833945,19.415708702998103,0.2695074400840059,0.12898862382369303,0.37613636363636366,340613.6163197207,318490.4262167274,363685.62252323545
891,891,1,69,5,beta5_id21,8,8,1 mg/g,high_var,0 mg/g,2 mg/g,2023-12-04T07:00:00.000000Z,2023-12-04T07:00:00.000000Z,16:30:00,0.0595,2023-12-08T07:00:00.000000Z,10:00:00,NA,1,NA,NA,0,NA,NA,2023-12-08T07:00:00.000000Z,0,NA,22,3,0,0,320770,2023-12-04T23:30:00.000000Z,2023-12-08T17:00:00.000000Z,2024-01-17T00:00:00.000000Z,89.5,0,4,NA,1,0,0,44,44,NA,rep69,0.2504397473544052,-0.006064413933044884,2.381768626160912,0.31247011246115924,0.001191021193363055,2.9172291544685165,30.377327810482942,0.31247011246115924,0.001191021193363055,0.5847133757961783,278334.92140865367,259234.56755794375,298340.5402043958
513,578,0.8875432525951558,70,0,beta0_id19,9,9,1 mg/g,high_var,0 mg/g,2 mg/g,2023-12-04T07:00:00.000000Z,2023-12-04T07:00:00.000000Z,16:30:00,0.0697,2023-12-08T07:00:00.000000Z,10:00:00,NA,1,NA,NA,0,NA,NA,2023-12-08T07:00:00.000000Z,0,NA,22,3,0,0,192464,2023-12-04T23:30:00.000000Z,2023-12-08T17:00:00.000000Z,2024-01-17T00:00:00.000000Z,89.5,0,4,NA,1,0,0,44,44,NA,rep70,-0.31369790523657004,0.002381748642744884,0.6113186322977613,-0.005861573222198913,-0.04121605453463464,0.9649878167109152,1486.9131229894535,-0.005861573222198913,0.3221934362268196,0.20855614973262032,897454.5893847484,809682.0571720623,989170.9407709346
1220,1224,0.9967320261437909,71,-5,beta-5_id23,10,10,1 mg/g,high_var,0 mg/g,2 mg/g,2023-12-04T07:00:00.000000Z,2023-12-04T07:00:00.000000Z,16:30:00,0.0092,2023-12-09T07:00:00.000000Z,18:47:00,0.0696,0,NA,NA,0,NA,NA,2023-12-11T07:00:00.000000Z,0,NA,22,3,0,0,440796,2023-12-04T23:30:00.000000Z,2023-12-10T01:47:00.000000Z,2024-01-17T00:00:00.000000Z,122.28333333333333,0,7,0.01654813479584609,1,0,0,44,44,NA,rep71,-0.15012672579929784,0.002014306177482781,0.7825313693834477,-0.10359436541603152,-0.08387623190586455,1.1399082301527124,433.37707869434297,-0.10359436541603152,0.21299437549217717,0.38200339558573854,919553.1225340511,868065.2049936868,972835.2419678583
1224,1224,1,72,5,beta5_id17,11,11,1 mg/g,high_var,0 mg/g,2 mg/g,2023-12-04T07:00:00.000000Z,2023-12-04T07:00:00.000000Z,16:30:00,0.0634,2023-12-09T07:00:00.000000Z,18:47:00,0.2534,0,2023-12-09T07:00:00.000000Z,0.2185,1,2023-12-27T07:00:00.000000Z,female,2024-01-07T07:00:00.000000Z,0,NA,22,3,0,0,415925,2023-12-04T23:30:00.000000Z,2023-12-10T01:47:00.000000Z,2024-01-17T00:00:00.000000Z,122.28333333333333,0,34,0.011330288181359073,1,1,1,5,23,11,rep72,-1.9436684530717712,7.001164898690842e-4,3.3615006456942007,0.11442381565569136,0.043142355429939085,4.054771275518374,20.327387029612865,0.11442381565569136,0.04449793340370612,0.011607142857142858,121768.3409308375,114733.42025915007,129011.306277122
1220,1220,1,73,5,beta5_id22,12,12,1 mg/g,low_var,0.5 mg/g,1.5 mg/g,2023-12-04T07:00:00.000000Z,2023-12-04T07:00:00.000000Z,16:30:00,0.0638,2023-12-09T07:00:00.000000Z,18:47:00,0.0816,0,NA,NA,0,NA,NA,2023-12-11T07:00:00.000000Z,0,NA,22,3,0,0,439350,2023-12-04T23:30:00.000000Z,2023-12-10T01:47:00.000000Z,2024-01-17T00:00:00.000000Z,122.28333333333333,0,7,0.002012343505132757,1,0,0,44,44,NA,rep73,-0.8406230746896198,0.001297797753061584,1.7082527168016832,0.09301883587037664,-0.326245758132657,2.1490775141803935,66.23734697683258,0.09301883587037664,0.18141348158558412,0.19652173913043477,988309.8791575902,931322.3245813345,1045950.1857860016
443,554,0.7996389891696751,75,0,beta0_id23,14,14,1 mg/g,high_var,0 mg/g,2 mg/g,2023-12-04T07:00:00.000000Z,2023-12-04T07:00:00.000000Z,16:30:00,0.0061,2023-12-08T07:00:00.000000Z,10:00:00,NA,1,NA,NA,0,NA,NA,2023-12-08T07:00:00.000000Z,0,NA,22,3,0,0,186338,2023-12-04T23:30:00.000000Z,2023-12-08T17:00:00.000000Z,2024-01-17T00:00:00.000000Z,89.5,0,4,NA,1,0,0,44,44,NA,rep75,-0.8120624127623514,0.002910626515171141,0.7850919139869417,0.17662865576568595,-1.000958488210148,1.1364769541182511,377.7608844540919,0.17662865576568595,0.618277818157678,0.1746031746031746,1091978.5119332857,972578.0060599241,1215643.075055245
1218,1219,0.9991796554552912,77,0,beta0_id17,16,16,1 mg/g,low_var,0.5 mg/g,1.5 mg/g,2023-12-04T07:00:00.000000Z,2023-12-04T07:00:00.000000Z,16:30:00,0.0649,2023-12-09T07:00:00.000000Z,18:47:00,0.6974,0,2023-12-11T07:00:00.000000Z,0.2246,0,2023-12-27T07:00:00.000000Z,female,2024-01-07T07:00:00.000000Z,0,NA,22,3,0,0,437896,2023-12-04T23:30:00.000000Z,2023-12-10T01:47:00.000000Z,2024-01-17T00:00:00.000000Z,122.28333333333333,0,34,0.01941811239360643,1,1,1,7,23,11,rep77,0.1342406617123269,0.003285869228482366,0.6611319342913649,0.10714474052968276,-0.6263948919497409,1.025649677260199,303.4668526292461,0.10714474052968276,0.2494887390426479,0.5104261106074343,476693.83527227654,449099.4937723615,505463.44428644364
1184,1224,0.9673202614379085,78,5,beta5_id23,17,17,1 mg/g,high_var,0 mg/g,2 mg/g,2023-12-04T07:00:00.000000Z,2023-12-04T07:00:00.000000Z,16:30:00,0.0346,2023-12-09T07:00:00.000000Z,18:47:00,0.2499,0,2023-12-13T07:00:00.000000Z,0.2811,0,2023-12-31T07:00:00.000000Z,male,2024-01-13T07:00:00.000000Z,1,NA,22,3,0,0,440800,2023-12-04T23:30:00.000000Z,2023-12-10T01:47:00.000000Z,2024-01-17T00:00:00.000000Z,122.28333333333333,0,40,0.016169064923897192,1,1,1,9,27,13,rep78,-1.317318481262406,0.0055965860301244305,0.7142832210860761,0.07249911919781689,-0.22900674570416474,1.1171019124459882,316.22782588992317,0.07249911919781689,0.08976290847051088,0.058485139022051776,456433.9226342219,429123.36642283667,484479.6702387903
1145,1225,0.9346938775510204,79,0,beta0_id18,18,18,1 mg/g,low_var,0.5 mg/g,1.5 mg/g,2023-12-04T07:00:00.000000Z,2023-12-04T07:00:00.000000Z,16:30:00,0.0662,2023-12-09T07:00:00.000000Z,18:47:00,0.2692,0,2023-12-10T07:00:00.000000Z,0.2319,0,2023-12-29T07:00:00.000000Z,male,2024-01-07T07:00:00.000000Z,0,NA,22,3,0,0,441151,2023-12-04T23:30:00.000000Z,2023-12-10T01:47:00.000000Z,2024-01-17T00:00:00.000000Z,122.28333333333333,0,34,0.011471507167732944,1,1,1,6,25,9,rep79,-0.31728591420759844,0.004085420049149306,0.9678174105578609,0.008333760168590453,-1.1995549893368,1.3511722906910866,227.95276443313386,0.008333760168590453,0.29031699102359676,0.17359187442289936,455561.904353862,428904.23694629763,483042.9130653086
1223,1225,0.9983673469387755,81,5,beta5_id24,20,20,1 mg/g,low_var,0.5 mg/g,1.5 mg/g,2023-12-04T07:00:00.000000Z,2023-12-04T07:00:00.000000Z,16:30:00,0.0362,2023-12-09T07:00:00.000000Z,18:47:00,0.2476,0,2023-12-11T07:00:00.000000Z,0.2152,0,2023-12-27T07:00:00.000000Z,female,2024-01-07T07:00:00.000000Z,0,NA,22,3,0,0,441162,2023-12-04T23:30:00.000000Z,2023-12-10T01:47:00.000000Z,2024-01-17T00:00:00.000000Z,122.28333333333333,0,34,0.015723773384042922,1,1,1,7,23,11,rep81,-0.22792491021901015,0.005454472084818383,1.9071667168841355,0.030239832584130384,-0.482894220660532,2.4406898715258527,49.69796953404151,0.030239832584130384,0.0329549147586643,0.32189239332096475,395887.67837431864,372593.3334039869,419816.42319356557
1224,1224,1,82,-5,beta-5_id20,21,21,1 mg/g,low_var,0.5 mg/g,1.5 mg/g,2023-12-04T07:00:00.000000Z,2023-12-04T07:00:00.000000Z,16:30:00,0.0291,2023-12-09T07:00:00.000000Z,18:47:00,0.2168,0,2023-12-12T07:00:00.000000Z,NA,0,NA,NA,2023-12-16T07:00:00.000000Z,0,failed pupation,22,3,0,0,440794,2023-12-04T23:30:00.000000Z,2023-12-10T01:47:00.000000Z,2024-01-17T00:00:00.000000Z,122.28333333333333,0,12,0.016422819370762256,1,1,0,8,NA,NA,rep82,0.00813972572242769,0.011452187821234186,1.0069057189008919,-0.3636972160062038,-0.08209352588053029,1.4383419733543654,188.84895529559893,-0.24979695234727456,-0.08209352588053029,0.44502164502164504,883553.7621986222,834346.843208095,936463.752477335
1225,1225,1,83,0,beta0_id20,22,22,1 mg/g,high_var,0 mg/g,2 mg/g,2023-12-04T07:00:00.000000Z,2023-12-04T07:00:00.000000Z,16:30:00,0.0313,2023-12-09T07:00:00.000000Z,18:47:00,0.2534,0,2023-12-10T07:00:00.000000Z,0.2335,0,2023-12-30T07:00:00.000000Z,male,2024-01-08T07:00:00.000000Z,1,NA,22,3,0,0,441165,2023-12-04T23:30:00.000000Z,2023-12-10T01:47:00.000000Z,2024-01-17T00:00:00.000000Z,122.28333333333333,0,35,0.017102503778173076,1,1,1,6,26,9,rep83,1.230641785279831,-0.021953667498188924,7.228922327064139,0.36288373343259217,-0.11583025727638564,7.999651163289841,9.85265871808381,0.36288373343259217,0.2505631319711074,0.27313167259786475,418315.4159153963,394056.8142693953,443815.42799496243
1225,1225,1,84,-5,beta-5_id24,23,23,1 mg/g,low_var,0.5 mg/g,1.5 mg/g,2023-12-04T07:00:00.000000Z,2023-12-04T07:00:00.000000Z,16:30:00,0.0457,2023-12-09T07:00:00.000000Z,18:47:00,0.2018,0,2023-12-13T07:00:00.000000Z,0.2397,0,2023-12-30T07:00:00.000000Z,male,2024-01-07T07:00:00.000000Z,0,NA,22,3,0,0,441154,2023-12-04T23:30:00.000000Z,2023-12-10T01:47:00.000000Z,2024-01-17T00:00:00.000000Z,122.28333333333333,0,34,0.012145390295919448,1,1,1,9,26,8,rep84,-0.37747219785662545,0.00353029314582742,0.9732942619713404,-0.03877198365118526,-0.8883643171934704,1.2972930787198589,1716.068304370215,-0.03877198365118526,0.7998419152123636,0.3321616871704745,1070099.2159508704,1008828.4622294172,1132467.399477072
887,1225,0.7240816326530612,86,NA,NA,25,25,0 mg/g,constant,0 mg/g,0 mg/g,2023-12-04T07:00:00.000000Z,2023-12-04T07:00:00.000000Z,16:30:00,0.0242,2023-12-09T07:00:00.000000Z,18:47:00,0.3127,0,2023-12-11T07:00:00.000000Z,0.2879,0,2023-12-30T07:00:00.000000Z,female,2024-01-17T07:00:00.000000Z,0,NA,22,3,0,0,441155,2023-12-04T23:30:00.000000Z,2023-12-10T01:47:00.000000Z,2024-01-17T00:00:00.000000Z,122.28333333333333,0,44,0.020925923112725814,1,1,1,7,26,18,rep86,NA,-0.00443680595847936,3.3096787189671057,0.07005895837958527,-0.5211716853063604,4.072056317218009,16.431802645956402,0.07005895837958527,-0.31854849921477024,NA,52687.75081706249,48860.230512726426,56596.519102652725
1225,1225,1,88,NA,NA,27,27,0.5 mg/g,constant,0.5 mg/g,0.5 mg/g,2023-12-04T07:00:00.000000Z,2023-12-04T07:00:00.000000Z,16:30:00,0.0668,2023-12-09T07:00:00.000000Z,18:47:00,0.2569,0,2023-12-09T07:00:00.000000Z,0.2297,1,2023-12-26T07:00:00.000000Z,female,2024-01-07T07:00:00.000000Z,0,NA,22,3,0,0,369433,2023-12-04T23:30:00.000000Z,2023-12-10T01:47:00.000000Z,2024-01-17T00:00:00.000000Z,122.28333333333333,0,34,0.011015269103774605,1,1,1,5,22,12,rep88,NA,0.004534283191451336,1.440191385026556,0.24298328850196654,-0.1251015034992376,2.00787214464557,56.17665778764733,0.24298328850196654,0.19113187135706472,NA,355732.0693847285,332803.36308150657,379326.0664850302
1215,1225,0.9918367346938776,89,NA,NA,28,28,1 mg/g,constant,1 mg/g,1 mg/g,2023-12-04T07:00:00.000000Z,2023-12-04T07:00:00.000000Z,16:30:00,0.018,2023-12-09T07:00:00.000000Z,18:47:00,0.0958,0,2023-12-15T07:00:00.000000Z,0.2822,0,2024-01-03T07:00:00.000000Z,female,2024-01-09T07:00:00.000000Z,0,NA,22,3,0,0,441157,2023-12-04T23:30:00.000000Z,2023-12-10T01:47:00.000000Z,2024-01-17T00:00:00.000000Z,122.28333333333333,0,36,0.013672271449480581,1,1,1,11,30,6,rep89,NA,0.0051640748863557495,0.7978724542173744,0.0175898758286924,-0.143053401986516,1.1693367625393556,303.25016976083816,0.0175898758286924,0.46465716798154394,NA,768402.383168174,722334.4932960175,817014.9789150273
1209,1225,0.986938775510204,90,NA,NA,29,29,2 mg/g,constant,2 mg/g,2 mg/g,2023-12-04T07:00:00.000000Z,2023-12-04T07:00:00.000000Z,16:30:00,0.0347,2023-12-09T07:00:00.000000Z,18:47:00,0.1504,0,2023-12-14T07:00:00.000000Z,0.2432,0,2023-12-31T07:00:00.000000Z,male,2024-01-07T07:00:00.000000Z,0,NA,22,3,0,0,441163,2023-12-04T23:30:00.000000Z,2023-12-10T01:47:00.000000Z,2024-01-17T00:00:00.000000Z,122.28333333333333,0,34,0.011993120277194434,1,1,1,10,27,7,rep90,NA,0.004431123320131277,0.9751793612346482,-0.0636129267320761,-0.15476405696174383,1.3415753713913117,172.07359352142925,-0.0636129267320761,0.3006449943805332,NA,574135.0229665637,540674.2110562824,608411.4234398097
74,75,0.9866666666666667,91,NA,NA,30,30,1.5 mg/g,constant,1.5 mg/g,1.5 mg/g,2023-12-04T07:00:00.000000Z,2023-12-04T07:00:00.000000Z,16:30:00,0.0466,2023-12-09T07:00:00.000000Z,18:47:00,0.2046,0,2023-12-13T07:00:00.000000Z,0.1904,0,NA,NA,2024-01-07T07:00:00.000000Z,0,"camera stopped prematurely, failed pupation",22,3,0,1,26671,2023-12-04T23:30:00.000000Z,2023-12-10T01:47:00.000000Z,2024-01-17T00:00:00.000000Z,122.28333333333333,0,34,0.012098593259255221,1,1,0,9,NA,NA,rep91,NA,0.00152031688013996,0.5718848260290551,-0.4985598266877187,-0.24139607737769583,0.9454628875961713,436.0887838885686,-0.2463855706821917,0.1187367974729894,NA,810350.4026199009,631901.7867640046,1010343.0001533749
1204,1213,0.9925803792250618,92,5,beta5_id28,1,1,1 mg/g,high_var,0 mg/g,2 mg/g,2023-12-11T07:00:00.000000Z,2023-12-11T07:00:00.000000Z,16:38:00,0.0197,2023-12-16T07:00:00.000000Z,18:00:00,0.144,0,2023-12-21T07:00:00.000000Z,0.2387,0,2024-01-07T07:00:00.000000Z,female,2024-01-17T07:00:00.000000Z,1,NA,21,4,0,0,436829,2023-12-11T23:38:00.000000Z,2023-12-17T01:00:00.000000Z,2024-01-17T00:00:00.000000Z,121.36666666666666,0,37,0.016389958779171033,1,1,1,10,27,10,rep92,-0.7151033947660931,0.009838757949800216,1.446495383621542,0.18011980532317662,-0.3068118857638058,2.008332705423562,60.00860561147842,0.18011980532317662,-0.3068118857638058,0.228515625,472579.49323416804,444960.2884642517,502813.4483487463
1171,1213,0.9653751030502885,93,0,beta0_id25,2,2,1 mg/g,high_var,0 mg/g,2 mg/g,2023-12-11T07:00:00.000000Z,2023-12-11T07:00:00.000000Z,16:38:00,0.0167,2023-12-16T07:00:00.000000Z,18:00:00,0.1083,0,2023-12-21T07:00:00.000000Z,0.2847,0,2024-01-07T07:00:00.000000Z,NA,NA,0,NA,21,4,0,0,436826,2023-12-11T23:38:00.000000Z,2023-12-17T01:00:00.000000Z,2024-01-17T00:00:00.000000Z,121.36666666666666,0,NA,0.015403705860348,0,1,1,10,27,NA,rep93,-0.23137401444259126,0.003434843730267365,1.0248352419354403,-0.06194056980675982,-0.08641592190387361,1.3927264657227036,161.8979291161061,-0.06194056980675982,0.06496865971870892,0.3931707317073171,878516.0015157989,825463.5620579488,933218.6556184924
1203,1213,0.9917559769167353,94,0,beta0_id27,3,3,1 mg/g,high_var,0 mg/g,2 mg/g,2023-12-11T07:00:00.000000Z,2023-12-11T07:00:00.000000Z,16:38:00,0.006,2023-12-16T07:00:00.000000Z,18:00:00,0.0681,0,2023-12-23T07:00:00.000000Z,0.2691,0,2024-01-14T07:00:00.000000Z,female,NA,1,NA,21,4,0,0,436834,2023-12-11T23:38:00.000000Z,2023-12-17T01:00:00.000000Z,2024-01-17T00:00:00.000000Z,121.36666666666666,0,NA,0.020015526590997625,0,1,1,12,34,NA,rep94,-0.3882589008647113,0.003996794170260195,0.6975544885042976,-0.18596512573524626,-0.6531961423784554,1.0231110124414187,711.3631340745706,-0.18596512573524626,0.8107612463776854,0.27495107632093935,559375.7756118072,524562.4816102016,594411.3618328872
893,893,1,95,0,beta0_id32,4,4,1 mg/g,high_var,0 mg/g,2 mg/g,2023-12-11T07:00:00.000000Z,2023-12-11T07:00:00.000000Z,16:38:00,0.1344,2023-12-15T07:00:00.000000Z,10:04:00,0.2732,0,2023-12-15T07:00:00.000000Z,0.2499,1,2024-01-04T07:00:00.000000Z,female,2024-01-09T07:00:00.000000Z,0,NA,21,4,0,0,265631,2023-12-11T23:38:00.000000Z,2023-12-15T17:04:00.000000Z,2024-01-17T00:00:00.000000Z,89.43333333333334,0,29,0.007931983223342369,1,1,1,4,24,5,rep95,-0.7063988830528009,0.005699672743479054,0.678174432659276,-0.016798033189505783,-0.21509571226674196,1.0637730159351935,354.5580528337358,-0.016798033189505783,0.14928444638482002,0.10614525139664804,310420.4541988781,288577.4268610526,334096.7270300607
893,893,1,97,-5,beta-5_id27,6,6,1 mg/g,high_var,0 mg/g,2 mg/g,2023-12-11T07:00:00.000000Z,2023-12-11T07:00:00.000000Z,16:38:00,0.1237,2023-12-15T07:00:00.000000Z,10:04:00,0.2465,0,2023-12-15T07:00:00.000000Z,0.2093,1,2024-01-03T07:00:00.000000Z,male,2024-01-08T07:00:00.000000Z,0,NA,21,4,0,0,265628,2023-12-11T23:38:00.000000Z,2023-12-15T17:04:00.000000Z,2024-01-17T00:00:00.000000Z,89.43333333333334,0,28,0.007709683720659365,1,1,1,4,23,5,rep97,0.026708785941863458,0.012632177219436621,2.9571984100521407,0.019324210808529772,-0.4021437754006288,3.6600106940729265,27.613443581532312,0.019324210808529772,-0.29755325005527283,0.12518853695324283,193087.60900111235,178611.94846513236,208254.85255695626
1213,1213,1,99,5,beta5_id25,8,8,1 mg/g,high_var,0 mg/g,2 mg/g,2023-12-11T07:00:00.000000Z,2023-12-11T07:00:00.000000Z,16:38:00,0.0591,2023-12-16T07:00:00.000000Z,18:00:00,0.2713,0,2023-12-17T07:00:00.000000Z,0.2178,0,2024-01-03T07:00:00.000000Z,female,2024-01-11T07:00:00.000000Z,0,NA,21,4,0,0,436825,2023-12-11T23:38:00.000000Z,2023-12-17T01:00:00.000000Z,2024-01-17T00:00:00.000000Z,121.36666666666666,0,31,0.01255694283372288,1,1,1,6,23,8,rep99,0.15398806046766111,0.007458421621520701,2.2599017475440344,-0.6586523827277354,-0.11125498584282287,2.852347954861229,32.86725914262692,-0.46819976453127776,0.07207300894360363,0.3321554770318021,627418.821522087,591592.2548282074,665119.4375371234
1168,1168,1,100,0,beta0_id28,9,9,1 mg/g,high_var,0 mg/g,2 mg/g,2023-12-11T07:00:00.000000Z,2023-12-11T07:00:00.000000Z,16:38:00,0.0661,2023-12-16T07:00:00.000000Z,13:40:00,0.2769,0,2023-12-16T07:00:00.000000Z,0.237,1,2024-01-03T07:00:00.000000Z,male,2024-01-13T07:00:00.000000Z,0,NA,21,4,0,0,406914,2023-12-11T23:38:00.000000Z,2023-12-16T20:40:00.000000Z,2024-01-17T00:00:00.000000Z,117.03333333333333,0,33,0.012239997294098052,1,1,1,5,23,10,rep100,-0.06136079094137895,-0.0012433587767217665,2.8730308051742317,0.01162852525937693,-0.5599433011844908,3.592512361760514,24.374823641493016,0.01162852525937693,0.0584043222324333,0.2495201535508637,76406.28666011732,71861.37219316945,81100.42374134925
960,1213,0.7914262159934048,101,5,beta5_id27,10,10,1 mg/g,high_var,0 mg/g,2 mg/g,2023-12-11T07:00:00.000000Z,2023-12-11T07:00:00.000000Z,16:38:00,0.0113,2023-12-16T07:00:00.000000Z,18:00:00,0.051,0,2023-12-23T07:00:00.000000Z,0.2895,0,NA,NA,NA,NA,NA,21,4,0,0,436831,2023-12-11T23:38:00.000000Z,2023-12-17T01:00:00.000000Z,2024-01-17T00:00:00.000000Z,121.36666666666666,0,NA,0.012417107171156532,0,1,NA,12,NA,NA,rep101,-0.14242435246890586,0.0027725569333246483,0.9076783725154411,0.2711596608684013,-0.5220061566811617,1.2831806117694506,164.2710703491928,0.2711596608684013,0.3702397364308614,0.36996336996337,676209.963206143,630852.9827726407,723342.9991885168
1213,1213,1,102,5,beta5_id31,11,11,1 mg/g,high_var,0 mg/g,2 mg/g,2023-12-11T07:00:00.000000Z,2023-12-11T07:00:00.000000Z,16:38:00,0.0556,2023-12-16T07:00:00.000000Z,18:00:00,0.2509,0,2023-12-16T07:00:00.000000Z,0.2188,0,2024-01-03T07:00:00.000000Z,female,2024-01-15T07:00:00.000000Z,0,NA,21,4,0,0,436831,2023-12-11T23:38:00.000000Z,2023-12-17T01:00:00.000000Z,2024-01-17T00:00:00.000000Z,121.36666666666666,0,35,0.012415857611501017,1,1,1,5,23,12,rep102,0.22871159207114422,-0.021381137603655793,5.827418150289565,-0.0051238689618505594,-0.505639836231981,6.6763943371286505,10.548285105218156,-0.0051238689618505594,-0.09805142519026522,0.10614035087719298,155331.57737686325,146452.79527237074,164474.88546502497
1211,1213,0.998351195383347,103,5,beta5_id26,12,12,1 mg/g,low_var,0.5 mg/g,1.5 mg/g,2023-12-11T07:00:00.000000Z,2023-12-11T07:00:00.000000Z,16:38:00,0.0213,2023-12-16T07:00:00.000000Z,18:00:00,0.0458,0,NA,NA,0,NA,NA,2023-12-18T07:00:00.000000Z,0,NA,21,4,0,0,436834,2023-12-11T23:38:00.000000Z,2023-12-17T01:00:00.000000Z,2024-01-17T00:00:00.000000Z,121.36666666666666,0,7,0.006307967742966986,1,0,0,37,37,NA,rep103,-0.020172863492592646,0.0033086505519901895,0.7888624756711289,0.07189212848749021,-0.27569693202921436,1.137128496486922,345.6684957604969,0.07189212848749021,0.17682774191266187,0.47910295616717635,479619.9183076162,450008.8960144788,509998.46760296676
1165,1168,0.997431506849315,104,0,beta0_id31,13,13,1 mg/g,low_var,0.5 mg/g,1.5 mg/g,2023-12-11T07:00:00.000000Z,2023-12-11T07:00:00.000000Z,16:38:00,0.066,2023-12-16T07:00:00.000000Z,13:40:00,0.2553,0,2023-12-16T07:00:00.000000Z,0.2196,1,2024-01-03T07:00:00.000000Z,male,2024-01-07T07:00:00.000000Z,0,NA,21,4,0,0,368716,2023-12-11T23:38:00.000000Z,2023-12-16T20:40:00.000000Z,2024-01-17T00:00:00.000000Z,117.03333333333333,0,27,0.011558968233161602,1,1,1,5,23,4,rep104,-0.5563774368796867,-0.003635710614527149,4.276664581304251,0.022132056655384043,-0.9285963861870495,4.906563952999438,27.282822506586662,0.022132056655384043,0.10372002575113648,0.18070953436807094,364464.2191676799,341217.36105983413,388917.4518589042
1213,1213,1,105,0,beta0_id26,14,14,1 mg/g,low_var,0.5 mg/g,1.5 mg/g,2023-12-11T07:00:00.000000Z,2023-12-11T07:00:00.000000Z,16:38:00,0.0749,2023-12-16T07:00:00.000000Z,18:00:00,0.242,0,2023-12-17T07:00:00.000000Z,0.2011,0,2024-01-03T07:00:00.000000Z,female,2024-01-11T07:00:00.000000Z,0,NA,21,4,0,0,436825,2023-12-11T23:38:00.000000Z,2023-12-17T01:00:00.000000Z,2024-01-17T00:00:00.000000Z,121.36666666666666,0,31,0.009663146132657343,1,1,1,6,23,8,rep105,0.17708033896641476,0.011507525891831238,1.2715154107578048,0.08366090613341817,-0.30280709990021004,1.7988241369685551,85.74678517039015,0.08366090613341817,-0.03904881551782596,0.5198915009041591,1085613.6287890894,1022675.7281153928,1151683.3863331822
1185,1213,0.9769167353668591,107,-5,beta-5_id32,16,16,1 mg/g,low_var,0.5 mg/g,1.5 mg/g,2023-12-11T07:00:00.000000Z,2023-12-11T07:00:00.000000Z,16:38:00,0.0148,2023-12-16T07:00:00.000000Z,18:00:00,0.0897,0,2023-12-22T07:00:00.000000Z,0.2618,0,2024-01-11T07:00:00.000000Z,NA,NA,1,NA,21,4,0,0,436820,2023-12-11T23:38:00.000000Z,2023-12-17T01:00:00.000000Z,2024-01-17T00:00:00.000000Z,121.36666666666666,0,NA,0.014846280595671639,0,1,1,11,31,NA,rep107,0.045768723720653645,0.003396208893981557,0.8833814311469268,0.35976456905042553,-0.7402641943260432,1.2944117146191745,129.4286006644044,0.35976456905042553,0.3004680984863989,0.7358695652173913,539957.3699069327,504985.05338601925,575894.6213642405
1119,1120,0.9991071428571429,108,5,beta5_id29,17,17,1 mg/g,low_var,0.5 mg/g,1.5 mg/g,2023-12-11T07:00:00.000000Z,2023-12-11T07:00:00.000000Z,17:00:00,0.0468,2023-12-16T07:00:00.000000Z,18:00:00,0.1933,0,2023-12-21T07:00:00.000000Z,0.2924,0,2024-01-08T07:00:00.000000Z,NA,NA,0,escaped retreived 10:30 12-13-2023 (deleted s120022 - s150298 frames when the cats is outside of the arena),21,4,0,0,433951,2023-12-12T00:00:00.000000Z,2023-12-17T01:00:00.000000Z,2024-01-17T00:00:00.000000Z,121,0,NA,0.011721984985873422,0,1,1,10,28,NA,rep108,0.04116249658108958,0.0036066617663943396,0.8061663999259917,-0.1912816376541374,-0.07309610339961578,1.1850253282482777,324.92037306650536,-0.1912816376541374,0.06895192621117552,0.5734870317002881,834865.9776574229,783940.8026798519,885955.5093505636
208,208,1,110,5,beta5_id30,19,19,1 mg/g,low_var,0.5 mg/g,1.5 mg/g,2023-12-11T07:00:00.000000Z,2023-12-11T07:00:00.000000Z,17:00:00,0.0597,2023-12-13T07:00:00.000000Z,10:43:00,NA,1,NA,NA,NA,NA,NA,2023-12-13T07:00:00.000000Z,0,NA,21,4,0,0,73529,2023-12-12T00:00:00.000000Z,2023-12-13T17:43:00.000000Z,2024-01-17T00:00:00.000000Z,41.71666666666667,0,2,NA,1,0,0,37,37,NA,rep110,-1.0011982651037639,0.0074639114853163055,2.8324814798217184,0.19184809983329845,-1.02062779338216,3.2754079802964555,31.605834223667955,0.19184809983329845,0.20048519280459987,0.0049261083743842365,35312.733118825985,30627.35987928744,40400.26414537775
1207,1207,1,114,-5,beta-5_id25,23,23,1 mg/g,low_var,0.5 mg/g,1.5 mg/g,2023-12-11T07:00:00.000000Z,2023-12-11T07:00:00.000000Z,17:00:00,0.0095,2023-12-16T07:00:00.000000Z,18:00:00,0.0471,0,2023-12-23T07:00:00.000000Z,0.2981,0,2024-01-14T07:00:00.000000Z,NA,NA,1,NA,21,4,0,0,434677,2023-12-12T00:00:00.000000Z,2023-12-17T01:00:00.000000Z,2024-01-17T00:00:00.000000Z,121,0,NA,0.013231249606742787,0,1,1,12,34,NA,rep114,-0.039847180938244166,0.004378387087448772,0.6266120061953717,0.11709271885509606,-0.5429917540717324,0.9385961982563102,1582.3541912624053,0.11709271885509606,0.3820628479264877,0.31958762886597936,1060947.2258374484,997504.078889225,1125211.1635077759
1188,1188,1,115,-5,beta-5_id29,24,24,1 mg/g,low_var,0.5 mg/g,1.5 mg/g,2023-12-11T07:00:00.000000Z,2023-12-11T07:00:00.000000Z,17:00:00,0.0705,2023-12-16T07:00:00.000000Z,15:58:00,0.3088,0,2023-12-16T07:00:00.000000Z,0.2557,1,2024-01-03T07:00:00.000000Z,male,2024-01-17T07:00:00.000000Z,0,NA,21,4,0,0,421340,2023-12-12T00:00:00.000000Z,2023-12-16T22:58:00.000000Z,2024-01-17T00:00:00.000000Z,118.96666666666667,0,37,0.012415924138406264,1,1,1,5,23,14,rep115,0.588520460093303,0.004854042451711049,0.6179665585251721,-0.12540331950876482,-0.3134737491431058,0.9716012063086288,3170.9290890616007,-0.12540331950876482,0.24005443838994245,0.5316091954022989,873916.7150187482,821601.3899141627,927726.4210549963
1033,1209,0.8544251447477254,116,NA,NA,25,25,1.5 mg/g,constant,1.5 mg/g,1.5 mg/g,2023-12-11T07:00:00.000000Z,2023-12-11T07:00:00.000000Z,17:00:00,0.0095,2023-12-16T07:00:00.000000Z,18:00:00,0.0346,0,2023-12-26T07:00:00.000000Z,0.3183,0,NA,NA,NA,NA,NA,21,4,0,0,435391,2023-12-12T00:00:00.000000Z,2023-12-17T01:00:00.000000Z,2024-01-17T00:00:00.000000Z,121,0,NA,0.010682329615348622,0,1,NA,15,NA,NA,rep116,NA,0.003866956596960849,0.7844664999972298,0.02170934478027159,-0.3519005547213065,1.1382559558956966,282.34249090697773,0.02170934478027159,0.31492211035612355,NA,831854.6582526718,779578.0969735762,886496.9353140207
1164,1164,1,117,NA,NA,26,26,0 mg/g,constant,0 mg/g,0 mg/g,2023-12-11T07:00:00.000000Z,2023-12-11T07:00:00.000000Z,17:00:00,0.0671,2023-12-16T07:00:00.000000Z,13:37:00,0.3157,0,2023-12-16T07:00:00.000000Z,0.2757,1,2024-01-03T07:00:00.000000Z,female,2024-01-13T07:00:00.000000Z,0,actually really big,21,4,0,0,388542,2023-12-12T00:00:00.000000Z,2023-12-16T20:37:00.000000Z,2024-01-17T00:00:00.000000Z,116.61666666666666,0,33,0.013279477075200597,1,1,1,5,23,10,rep117,NA,0.0017797760430967057,3.0818239680913653,0.17618517348241133,-0.7354527400495654,3.7432147178720228,25.54411313927579,0.17618517348241133,-0.0022257579498123903,NA,327403.79681916675,307629.73465995316,347453.0332829261
1205,1205,1,120,NA,NA,29,29,1 mg/g,constant,1 mg/g,1 mg/g,2023-12-11T07:00:00.000000Z,2023-12-11T07:00:00.000000Z,17:00:00,0.0584,2023-12-16T07:00:00.000000Z,18:00:00,0.2854,0,2023-12-17T07:00:00.000000Z,0.2105,0,2024-01-03T07:00:00.000000Z,female,2024-01-13T07:00:00.000000Z,0,NA,21,4,0,0,434677,2023-12-12T00:00:00.000000Z,2023-12-17T01:00:00.000000Z,2024-01-17T00:00:00.000000Z,121,0,33,0.013112196819905409,1,1,1,6,23,10,rep120,NA,0.006757594271198694,1.318594889726099,-0.10205324734491611,-0.17947415948570233,1.755618895971037,105.15628346267474,-0.10205324734491611,-0.17947415948570233,NA,892530.8604177637,841682.7905581931,945400.7179382137
1206,1206,1,121,NA,NA,30,30,2 mg/g,constant,2 mg/g,2 mg/g,2023-12-11T07:00:00.000000Z,2023-12-11T07:00:00.000000Z,17:00:00,0.0564,2023-12-16T07:00:00.000000Z,18:00:00,0.2509,0,2023-12-18T07:00:00.000000Z,0.2527,0,2024-01-04T07:00:00.000000Z,female,2024-01-17T07:00:00.000000Z,0,NA,21,4,0,0,434678,2023-12-12T00:00:00.000000Z,2023-12-17T01:00:00.000000Z,2024-01-17T00:00:00.000000Z,121,0,37,0.01233541566006912,1,1,1,7,24,13,rep121,NA,0.0023934328194453094,1.6153933468574129,0.27260043218049085,-0.09623062778584607,2.050723168919152,60.454747093315156,0.27260043218049085,0.06269620000191597,NA,441239.2635361788,414030.90208070667,469054.0470073369
1144,1205,0.9493775933609958,129,-5,beta-5_id37,1,1,1 mg/g,low_var,0.5 mg/g,1.5 mg/g,2023-12-18T07:00:00.000000Z,2023-12-18T07:00:00.000000Z,16:35:00,0.028,2023-12-23T07:00:00.000000Z,17:14:00,0.1286,0,2023-12-27T07:00:00.000000Z,0.2414,0,NA,NA,NA,NA,NA,21,5,0,0,433945,2023-12-18T23:35:00.000000Z,2023-12-24T00:14:00.000000Z,2024-01-17T00:00:00.000000Z,120.65,0,NA,0.01263574224308591,0,1,NA,9,NA,NA,rep129,0.47376110901945606,0.002693725683543573,1.9769029206878157,0.013546393508473548,-0.5575142697860384,2.450397237181446,56.073130301511725,0.013546393508473548,0.06579345075045884,0.6385658914728682,1076464.9510700833,1011313.8222363617,1142863.2036876746
1178,1206,0.9767827529021559,130,0,beta0_id36,2,2,1 mg/g,high_var,0 mg/g,2 mg/g,2023-12-18T07:00:00.000000Z,2023-12-18T07:00:00.000000Z,16:35:00,0.0277,2023-12-23T07:00:00.000000Z,17:19:00,0.1775,0,2023-12-27T07:00:00.000000Z,0.2696,0,NA,NA,NA,NA,NA,21,5,0,0,434306,2023-12-18T23:35:00.000000Z,2023-12-24T00:19:00.000000Z,2024-01-17T00:00:00.000000Z,120.73333333333333,0,NA,0.01538546269234272,0,1,NA,9,NA,NA,rep130,0.05930067250676834,0.005125187426821472,0.7373302694873747,0.12943455825455966,-0.3971876130171979,1.110652705098159,409.48174587292516,0.12943455825455966,0.16699581829400106,0.4254302103250478,1111765.7407805643,1045974.7360285071,1180292.114767979
1205,1206,0.9991708126036484,132,5,beta5_id36,4,4,1 mg/g,low_var,0.5 mg/g,1.5 mg/g,2023-12-18T07:00:00.000000Z,2023-12-18T07:00:00.000000Z,16:35:00,0.0302,2023-12-23T07:00:00.000000Z,17:22:00,0.0873,0,2023-12-28T07:00:00.000000Z,0.2935,0,2024-01-15T07:00:00.000000Z,NA,NA,0,NA,21,5,0,0,434308,2023-12-18T23:35:00.000000Z,2023-12-24T00:22:00.000000Z,2024-01-17T00:00:00.000000Z,120.78333333333333,0,NA,0.00878853488448792,0,1,1,10,28,NA,rep132,0.05735054773929671,0.0032079807556516502,0.9377466124392064,-0.020641065472570008,-0.07637306744038426,1.3155269391649456,161.554012830372,-0.020641065472570008,0.17177863493438839,0.8130081300813008,876576.9464172357,822142.7419157384,933439.9391661084
1147,1206,0.951077943615257,133,0,beta0_id37,5,5,1 mg/g,low_var,0.5 mg/g,1.5 mg/g,2023-12-18T07:00:00.000000Z,2023-12-18T07:00:00.000000Z,16:35:00,0.0126,2023-12-23T07:00:00.000000Z,17:25:00,0.0992,0,2023-12-28T07:00:00.000000Z,0.3033,0,2024-01-17T07:00:00.000000Z,NA,NA,0,NA,21,5,0,0,434302,2023-12-18T23:35:00.000000Z,2023-12-24T00:25:00.000000Z,2024-01-17T00:00:00.000000Z,120.83333333333333,0,NA,0.01707675476137982,0,1,1,10,30,NA,rep133,-0.2775038739007574,0.004070384712817009,1.0399286096898945,-0.06910302856417258,-0.9172558636775897,1.4368792703502007,145.59323235351397,-0.06910302856417258,0.006772304095401305,0.23896663078579117,813265.1863902956,761795.1257924403,866393.528443411
1203,1206,0.9975124378109452,134,5,beta5_id34,6,6,1 mg/g,low_var,0.5 mg/g,1.5 mg/g,2023-12-18T07:00:00.000000Z,2023-12-18T07:00:00.000000Z,16:35:00,0.0135,2023-12-23T07:00:00.000000Z,17:27:00,0.0864,0,2023-12-28T07:00:00.000000Z,0.2953,0,2024-01-17T07:00:00.000000Z,NA,NA,0,NA,21,5,0,0,434305,2023-12-18T23:35:00.000000Z,2023-12-24T00:27:00.000000Z,2024-01-17T00:00:00.000000Z,120.86666666666666,0,NA,0.01535822937423298,0,1,1,10,30,NA,rep134,-0.29094995129201606,0.004670726863770703,0.5878550565926765,-0.093754816849336,-0.4073988238892352,0.8836808118048631,5241.367383259098,-0.093754816849336,0.28637810712615275,0.5104895104895105,762823.7110520091,715211.0994674963,810605.5819281477
1202,1207,0.995857497928749,135,-5,beta-5_id35,7,7,1 mg/g,low_var,0.5 mg/g,1.5 mg/g,2023-12-18T07:00:00.000000Z,2023-12-18T07:00:00.000000Z,16:35:00,0.0497,2023-12-23T07:00:00.000000Z,17:29:00,0.2166,0,2023-12-26T07:00:00.000000Z,0.2074,0,2024-01-11T07:00:00.000000Z,NA,NA,1,NA,21,5,0,0,434676,2023-12-18T23:35:00.000000Z,2023-12-24T00:29:00.000000Z,2024-01-17T00:00:00.000000Z,120.9,0,NA,0.012175743601855311,0,1,1,8,24,NA,rep135,0.32210873353212793,0.002898610479359313,1.3366251276500833,0.17718273272846308,-0.46754609257218793,1.783165674913311,80.91909636216172,0.17718273272846308,0.055327055321188534,0.6855813953488372,517453.1493231211,487023.8173123034,549375.226516669
1204,1207,0.9975144987572494,136,-5,beta-5_id40,8,8,1 mg/g,high_var,0 mg/g,2 mg/g,2023-12-18T07:00:00.000000Z,2023-12-18T07:00:00.000000Z,16:35:00,0.0109,2023-12-23T07:00:00.000000Z,17:31:00,0.0691,0,2023-12-30T07:00:00.000000Z,0.2733,0,2024-01-17T07:00:00.000000Z,NA,NA,0,NA,21,5,0,0,434663,2023-12-18T23:35:00.000000Z,2023-12-24T00:31:00.000000Z,2024-01-17T00:00:00.000000Z,120.93333333333334,0,NA,0.01527115717920501,0,1,1,12,30,NA,rep136,-1.587713882217763,0.0029923507532982224,0.7632635199959328,0.6135154221971533,-0.6468537454797496,1.1039254591387586,2389.5138713981924,0.6135154221971533,0.49019205815514133,0.13960396039603962,822887.4195559036,772532.1418515154,874250.2471770534
1048,1205,0.8697095435684647,137,0,beta0_id38,9,9,1 mg/g,low_var,0.5 mg/g,1.5 mg/g,2023-12-18T07:00:00.000000Z,2023-12-18T07:00:00.000000Z,16:35:00,0.0119,2023-12-23T07:00:00.000000Z,17:15:00,0.1029,0,2023-12-27T07:00:00.000000Z,0.2206,0,2024-01-15T07:00:00.000000Z,NA,NA,1,NA,21,5,0,0,433950,2023-12-18T23:35:00.000000Z,2023-12-24T00:15:00.000000Z,2024-01-17T00:00:00.000000Z,120.66666666666667,0,NA,0.017877507536374477,0,1,1,9,28,NA,rep137,-0.489594732400597,0.0032385489068565585,0.9059541850406415,-0.13359072203598163,-0.2796712430039239,1.2488968393689326,339.41869340571793,-0.13359072203598163,0.08416681292760736,0.3344262295081967,770332.9312194289,721756.9330423273,820236.7465047323
1206,1206,1,138,-5,beta-5_id34,10,10,1 mg/g,low_var,0.5 mg/g,1.5 mg/g,2023-12-18T07:00:00.000000Z,2023-12-18T07:00:00.000000Z,16:35:00,0.0274,2023-12-23T07:00:00.000000Z,17:18:00,0.1298,0,2023-12-27T07:00:00.000000Z,0.2491,0,2024-01-15T07:00:00.000000Z,male,2024-01-17T07:00:00.000000Z,0,NA,21,5,0,0,434312,2023-12-18T23:35:00.000000Z,2023-12-24T00:18:00.000000Z,2024-01-17T00:00:00.000000Z,120.71666666666667,0,30,0.012885145306165665,1,1,1,9,28,2,rep138,-0.023381371211775265,0.0038928284570721528,1.1010340643822627,0.20304502935717633,-0.07000479444896934,1.4841936432555491,150.29131882426117,0.20304502935717633,0.20012279422115425,0.6118951612903226,466824.55084899033,438302.21789949515,496090.39104064653
1181,1206,0.9792703150912107,139,5,beta5_id39,11,11,1 mg/g,high_var,0 mg/g,2 mg/g,2023-12-18T07:00:00.000000Z,2023-12-18T07:00:00.000000Z,16:35:00,0.0236,2023-12-23T07:00:00.000000Z,17:21:00,0.238,0,2023-12-26T07:00:00.000000Z,0.2475,0,2024-01-15T07:00:00.000000Z,NA,NA,1,NA,21,5,0,0,434305,2023-12-18T23:35:00.000000Z,2023-12-24T00:21:00.000000Z,2024-01-17T00:00:00.000000Z,120.76666666666667,0,NA,0.019136273488599864,0,1,1,8,28,NA,rep139,-0.20272156094300878,0.002722845763455247,1.6823096201352388,0.021987035246630735,-0.080811613065301,2.1903477187174962,58.15019970660418,0.021987035246630735,0.20151974715032644,0.2626953125,582385.1114926194,546809.8128257467,618351.0715704149
1205,1206,0.9991708126036484,140,-5,beta-5_id38,12,12,1 mg/g,high_var,0 mg/g,2 mg/g,2023-12-18T07:00:00.000000Z,2023-12-18T07:00:00.000000Z,16:35:00,0.0345,2023-12-23T07:00:00.000000Z,17:24:00,0.1807,0,2023-12-29T07:00:00.000000Z,0.2945,0,NA,NA,NA,NA,NA,21,5,0,0,434314,2023-12-18T23:35:00.000000Z,2023-12-24T00:24:00.000000Z,2024-01-17T00:00:00.000000Z,120.81666666666666,0,NA,0.013705715604035332,0,1,NA,11,NA,NA,rep140,0.7912427864435037,0.005664381946295518,0.669891136573428,0.17291681993777977,-1.271067665017606,1.0498947738815825,591.2936285526902,0.17291681993777977,0.3289478615471888,0.6490683229813664,247638.38810195742,231916.1217187446,263510.38304728153
1207,1207,1,141,5,beta5_id38,13,13,1 mg/g,low_var,0.5 mg/g,1.5 mg/g,2023-12-18T07:00:00.000000Z,2023-12-18T07:00:00.000000Z,16:35:00,0.05,2023-12-23T07:00:00.000000Z,17:26:00,0.1585,0,2023-12-26T07:00:00.000000Z,0.2299,0,2024-01-15T07:00:00.000000Z,NA,NA,0,NA,21,5,0,0,434668,2023-12-18T23:35:00.000000Z,2023-12-24T00:26:00.000000Z,2024-01-17T00:00:00.000000Z,120.85,0,NA,0.00954680668505742,0,1,1,8,28,NA,rep141,-0.6545589442731751,0.004332241650684524,1.122213457788338,-0.2549153843574724,-0.22816695097162804,1.5262016707572625,150.53805653953017,-0.1675385294435929,0.18322029740145912,0.1245136186770428,735488.8168284213,691673.4861595669,780701.5354620403
1207,1207,1,143,0,beta0_id35,15,15,1 mg/g,high_var,0 mg/g,2 mg/g,2023-12-18T07:00:00.000000Z,2023-12-18T07:00:00.000000Z,16:35:00,0.051,2023-12-23T07:00:00.000000Z,17:30:00,0.2898,0,2023-12-25T07:00:00.000000Z,0.2746,0,NA,NA,NA,NA,NA,21,5,0,0,434667,2023-12-18T23:35:00.000000Z,2023-12-24T00:30:00.000000Z,2024-01-17T00:00:00.000000Z,120.91666666666667,0,NA,0.014368287226703703,0,1,NA,7,NA,NA,rep143,-0.44177040045105026,-0.006720889568594195,3.8189385344762994,0.21780445419064043,-0.45394950941730206,4.452133938202381,21.666614385353466,0.21780445419064043,-0.02605701454476378,0.3654390934844193,66238.40122960744,62308.757659459065,70300.24337024346
1181,1207,0.9784589892294946,144,5,beta5_id35,16,16,1 mg/g,high_var,0 mg/g,2 mg/g,2023-12-18T07:00:00.000000Z,2023-12-18T07:00:00.000000Z,16:35:00,0.0185,2023-12-23T07:00:00.000000Z,17:33:00,0.237,0,2023-12-26T07:00:00.000000Z,0.2727,0,NA,NA,2024-01-07T07:00:00.000000Z,0,failed pupation,21,5,0,0,434665,2023-12-18T23:35:00.000000Z,2023-12-24T00:33:00.000000Z,2024-01-17T00:00:00.000000Z,120.96666666666667,0,20,0.021082579848863477,1,1,0,8,NA,NA,rep144,-0.34929165457087513,-0.0018105332596570639,2.7718600933248467,0.17051744264022348,-0.5524316333974276,3.306067190299361,35.09717909946902,0.17051744264022348,0.08564448047065698,0.33582787652011226,1049028.7013594536,986889.0620460771,1112640.059226648
1202,1202,1,147,5,beta5_id37,19,19,1 mg/g,high_var,0 mg/g,2 mg/g,2023-12-18T07:00:00.000000Z,2023-12-18T07:00:00.000000Z,16:35:00,0.0698,2023-12-23T07:00:00.000000Z,16:52:00,0.3006,0,2023-12-23T07:00:00.000000Z,0.265,1,2024-01-09T07:00:00.000000Z,male,NA,0,NA,21,5,0,0,371959,2023-12-18T23:35:00.000000Z,2023-12-23T23:52:00.000000Z,2024-01-17T00:00:00.000000Z,120.28333333333333,0,NA,0.012139225170158354,0,1,1,5,22,NA,rep147,0.16231489024916892,0.010059732264770178,1.6293910402082463,0.1296042070711235,-0.46340172783521905,2.2072061355707917,57.256957739551915,0.1296042070711235,0.08297441810541373,0.15384615384615385,449667.19565043773,420977.22964229906,477789.7208397516
1202,1203,0.999168744804655,149,5,beta5_id33,21,21,1 mg/g,low_var,0.5 mg/g,1.5 mg/g,2023-12-18T07:00:00.000000Z,2023-12-18T07:00:00.000000Z,16:35:00,0.0529,2023-12-23T07:00:00.000000Z,16:55:00,0.3451,0,2023-12-25T07:00:00.000000Z,0.29,0,NA,NA,NA,NA,NA,21,5,0,0,433234,2023-12-18T23:35:00.000000Z,2023-12-23T23:55:00.000000Z,2024-01-17T00:00:00.000000Z,120.33333333333333,0,NA,0.015585298265149894,0,1,NA,7,NA,NA,rep149,0.17331969551040224,-0.0024773818749743355,2.9235621734528316,0.275090372000435,-0.45441467185273393,3.6439208098814526,21.200854309692975,0.275090372000435,0.20006363793544485,0.21869488536155202,480476.82197826204,453116.07850195677,508864.04369380814
1180,1203,0.9808811305070657,150,0,beta0_id33,22,22,1 mg/g,low_var,0.5 mg/g,1.5 mg/g,2023-12-18T07:00:00.000000Z,2023-12-18T07:00:00.000000Z,16:35:00,0.0189,2023-12-23T07:00:00.000000Z,16:59:00,0.1104,0,2023-12-27T07:00:00.000000Z,0.251,0,NA,NA,NA,NA,NA,21,5,0,0,433236,2023-12-18T23:35:00.000000Z,2023-12-23T23:59:00.000000Z,2024-01-17T00:00:00.000000Z,120.4,0,NA,0.014659038303798989,0,1,NA,9,NA,NA,rep150,0.4027937801997958,0.001732942130564207,1.197633955637716,0.24453707146774228,-0.5475807227853224,1.6653290790174342,77.26475836139379,0.24453707146774228,0.42399020808537646,0.7194473963868225,496531.4588130432,465542.6209750811,529027.9416970835
1180,1203,0.9808811305070657,151,5,beta5_id40,23,23,1 mg/g,high_var,0 mg/g,2 mg/g,2023-12-18T07:00:00.000000Z,2023-12-18T07:00:00.000000Z,16:35:00,0.0327,2023-12-23T07:00:00.000000Z,17:03:00,0.3116,0,2023-12-26T07:00:00.000000Z,0.2942,0,NA,NA,NA,NA,NA,21,5,0,0,433237,2023-12-18T23:35:00.000000Z,2023-12-24T00:03:00.000000Z,2024-01-17T00:00:00.000000Z,120.46666666666667,0,NA,0.01871343582811333,0,1,NA,8,NA,NA,rep151,-1.312456622251859,0.0021601135332002886,1.26870148187954,0.4050674068508327,-1.0385181328060673,1.7291694454438304,87.7440526205694,0.4050674068508327,0.47331740934089206,0.16684266103484688,135731.64605685257,127225.82693889926,144518.04246340762
1184,1200,0.9866666666666667,152,0,beta0_id39,24,24,1 mg/g,high_var,0 mg/g,2 mg/g,2023-12-18T07:00:00.000000Z,2023-12-18T07:00:00.000000Z,16:35:00,0.033,2023-12-23T07:00:00.000000Z,16:47:00,0.1711,0,2023-12-27T07:00:00.000000Z,0.2366,0,2024-01-15T07:00:00.000000Z,NA,NA,0,NA,21,5,0,0,432155,2023-12-18T23:35:00.000000Z,2023-12-23T23:47:00.000000Z,2024-01-17T00:00:00.000000Z,120.2,0,NA,0.013691685685787583,0,1,1,9,28,NA,rep152,-1.0747158890283284,-0.004003872165961046,2.9207054510807007,0.18308334806229848,-2.236225074818613,3.4946429394002294,31.32014134024392,0.18308334806229848,-0.24770758030489537,0.33547008547008544,65950.20070031764,61709.353148547954,70224.59368615666
1202,1202,1,153,NA,NA,25,25,0 mg/g,constant,0 mg/g,0 mg/g,2023-12-18T07:00:00.000000Z,2023-12-18T07:00:00.000000Z,16:35:00,0.02,2023-12-23T07:00:00.000000Z,16:51:00,0.2702,0,2023-12-25T07:00:00.000000Z,0.2691,0,2024-01-15T07:00:00.000000Z,NA,NA,0,NA,21,5,0,0,432869,2023-12-18T23:35:00.000000Z,2023-12-23T23:51:00.000000Z,2024-01-17T00:00:00.000000Z,120.26666666666667,0,NA,0.021647146496442133,0,1,1,7,28,NA,rep153,NA,-0.00607020325375447,3.3664696529993923,0.3848235782986229,-0.592951731238665,4.070637689241739,16.907318734277737,0.3848235782986229,0.01000546046034867,NA,70139.84351128037,66083.41022437735,74351.74768060977
1188,1201,0.9891756869275604,154,-5,beta-5_id26,26,26,1 mg/g,high_var,0 mg/g,2 mg/g,2023-12-18T07:00:00.000000Z,2023-12-18T07:00:00.000000Z,16:35:00,0.0217,2023-12-23T07:00:00.000000Z,16:54:00,0.1644,0,2023-12-26T07:00:00.000000Z,0.2533,0,2024-01-15T07:00:00.000000Z,NA,NA,1,NA,21,5,0,0,432519,2023-12-18T23:35:00.000000Z,2023-12-23T23:54:00.000000Z,2024-01-17T00:00:00.000000Z,120.31666666666666,0,NA,0.016830504685488287,0,1,1,8,28,NA,rep154,0.09555469721866257,0.0031441948251057466,0.7687988575922808,-0.040863932272278476,-0.45628075158311227,1.125646986841183,236.50836629265933,-0.040863932272278476,0.056197409803766585,0.30009871668311944,868212.943842245,817024.402024057,924412.2630973697
1059,1203,0.8802992518703242,155,NA,NA,27,27,2 mg/g,constant,2 mg/g,2 mg/g,2023-12-18T07:00:00.000000Z,2023-12-18T07:00:00.000000Z,16:35:00,0.0259,2023-12-23T07:00:00.000000Z,16:57:00,0.0956,0,2023-12-30T07:00:00.000000Z,0.2739,0,2024-01-17T07:00:00.000000Z,NA,NA,0,NA,21,5,0,0,433239,2023-12-18T23:35:00.000000Z,2023-12-23T23:57:00.000000Z,2024-01-17T00:00:00.000000Z,120.36666666666666,0,NA,0.010849597214222075,0,1,1,12,30,NA,rep155,NA,0.004114144113751033,1.516615906227096,-0.2889803452572283,-0.9957037084058329,1.9640239543945168,88.28686076220605,-0.2889803452572283,0.07896697832240585,NA,695941.0391686676,649506.126608292,746057.9753051889
1203,1203,1,156,5,beta5_id18,28,28,1 mg/g,low_var,0.5 mg/g,1.5 mg/g,2023-12-18T07:00:00.000000Z,2023-12-18T07:00:00.000000Z,16:35:00,0.0339,2023-12-23T07:00:00.000000Z,17:01:00,0.1311,0,2023-12-27T07:00:00.000000Z,0.2148,0,NA,NA,NA,NA,NA,21,5,0,0,433233,2023-12-18T23:35:00.000000Z,2023-12-24T00:01:00.000000Z,2024-01-17T00:00:00.000000Z,120.43333333333334,0,NA,0.011230656322030857,0,1,NA,9,NA,NA,rep156,0.1609707470977279,0.0017386199005596094,1.864982758960319,-0.026494579108387716,-0.12490208227486677,2.3170685708507177,60.199785592540216,-0.026494579108387716,0.24754530639367267,0.8238532110091743,1133810.034391503,1067637.7711744644,1201941.935850107
1146,1203,0.9526184538653366,157,NA,NA,29,29,1 mg/g,constant,1 mg/g,1 mg/g,2023-12-18T07:00:00.000000Z,2023-12-18T07:00:00.000000Z,16:35:00,0.0223,2023-12-23T07:00:00.000000Z,17:07:00,0.1385,0,2023-12-26T07:00:00.000000Z,0.2561,0,2024-01-15T07:00:00.000000Z,NA,NA,1,NA,21,5,0,0,433241,2023-12-18T23:35:00.000000Z,2023-12-24T00:07:00.000000Z,2024-01-17T00:00:00.000000Z,120.53333333333333,0,NA,0.01515168955056405,0,1,1,8,28,NA,rep157,NA,-0.010138331467988801,4.259485890203381,0.6183481582084278,-2.878238727959263,4.959864706059963,18.308625794190295,0.6183481582084278,-0.510922573070824,NA,15337.696382894963,14272.106268514162,16402.35289492271
