n_keypoints,frames,prop_kp,rep_id,toxic,sl,logsl,moved:cos_theta_pi,moved:cos_2theta,shape,scale,kappa1,kappa2,on_toxic,ava_mean_toxin,ava_switch_toxin,var_toxic_12,var_toxic_24,sl_mean_obs,sl_kurt_obs,prob_move_obs,n_valid_frames
249,1149,0.21671018276762402,1,-0.019364742315105727,0.005523699917134678,0.5261781457940656,-0.6927311360572804,-0.4127207744703054,0.8108540121376282,870.7061774539891,0.005116130476464087,0.5242743857119567,0.8835341365461847,0.47626731831561925,0.12298511101708814,0.06844138927026627,0.0972236063126096,42.657987053858236,30.405566144587215,0.04417670682730924,249
174,914,0.19037199124726478,3,-0.9233000930650138,6.095189510401745e-4,1.6944546115110257,-1.2351572173504572,-0.20047120992401124,2.0808458710039544,115.64028718686998,-1.2351572173504572,0.2051902046173496,0.8390804597701149,0.3543251902051718,0.0631669627142456,0.06132982719759579,NA,41.74532170176243,33.2567948175335,0.08045977011494253,174
472,1131,0.41732979664014147,4,-0.5310152824088262,0.001060555842407804,0.9711935493936473,-1.0881067932368123,-0.09133810502089953,1.345112301414492,527.7989030280846,0.31475535984923964,0.41012614357250976,0.4555084745762712,0.4138744845737385,0.2297775228515151,0.9105819960086673,0.9474944675089609,126.52805898202867,10.539040009261477,0.2669491525423729,472
208,1149,0.18102697998259357,5,-1.1032115892802143,0.0032390878313018037,0.6207410084242854,-1.6771958061501164,-0.8537024107591054,0.9767549472569057,-538.574588257062,0.0749361563791835,1.006267800141609,0.19230769230769232,0.2591663355097904,0.20307163738167477,0.1925412852484294,NA,257.3959489950101,2.685142364139256,0.3125,208
290,922,0.31453362255965295,6,0.7928575524562005,0.006690718992514772,0.09941642432421367,-2.080024581250054,-0.2904981574109447,0.4359808374238283,-175.2327532863222,-0.5913562715546383,0.3800572888926234,0.7379310344827587,0.5935989431587557,0.27758604601606063,0.8487578666863778,0.8392083048373548,342.225277175767,1.536132254615209,0.3931034482758621,290
761,1144,0.6652097902097902,8,-0.14043171129945403,0.003672192992598191,0.37420493697773916,-1.0465447781719281,-0.10920381683877593,0.6898685299839252,-442.2278973597019,-0.15724486939061233,1.1943022311173759,0.6123521681997371,0.47202337749582846,0.23426355742788485,0.7683422762787049,0.8938946425452567,223.7660931780825,4.069602340008894,0.24178712220762155,761
846,1153,0.7337380745880312,9,-1.3549051085776664,0.007035447125933731,0.26246136116134156,-3.0482489253143483,0.12312545470958942,0.5987215283988698,-160.56728421229357,-1.4321529317904815,1.217867059880244,0.12056737588652482,0.33658526505396,0.27282118209976447,0.08973135663714484,0.10493208782216658,416.5454704770847,1.1938011721078556,0.46217494089834515,846
751,1149,0.6536118363794604,10,-0.4581454976867109,9.051279058651463e-4,2.400493642054514,-1.814428299530282,-0.7365435042988113,2.8130537695859825,7295.75570646504,-0.7795607660817565,1.489589916777851,0.5033288948069241,0.5402109358445377,0.21847476202485533,0.8911511633631379,0.9273254436564292,395.86860484098054,1.941573818445132,0.5725699067909454,751
578,1131,0.51105216622458,11,-0.1856898444343513,0.003186141476115813,0.7525018738689843,-1.744681411458688,-0.5424417193163598,1.133094738599046,-543.5964310752214,-0.6170146317038294,1.0235321627796412,0.4826989619377163,0.44706093552411735,0.31948217630689735,0.2238117026100669,0.23565333551742293,282.7561011374932,2.331497012481766,0.4204152249134948,578
544,1149,0.4734551784160139,12,-0.37165653119725195,0.0036434248186115892,0.5238226012723786,-1.1375436399807883,-0.37702117918785527,0.8274253235967364,-491.13399881228946,-0.5437018609829395,0.3283423118584582,0.5404411764705882,0.46561848361636415,0.16048204803797436,0.6025528297852928,0.7821218938132369,188.86600360893397,4.089361338169025,0.2757352941176471,544
722,1154,0.6256499133448874,13,-0.22262646517092258,0.004228374990119136,0.734136898777184,-1.3663803794538087,-1.0133989156187062,1.032164368564605,-406.807943567905,-0.193555255327444,0.973528859965769,0.26454293628808867,0.4392669531346632,0.20813890719713124,0.13841319979878525,0.16470448362731932,168.35566858200403,4.7212177329017715,0.23407202216066483,722
96,160,0.6,14,0.2639145792807433,0.002806652525126921,1.4980527473183403,-1.821634182555736,-2.3408381905604494,1.9272175284586122,-668.9152874427187,-0.5804014352745834,0.9597353451099577,0.5,0.5355869060601498,0.3091837374590936,NA,NA,327.1126694294562,1.202572711705211,0.5,96
553,1117,0.495076096687556,15,-1.8697243466131548,0.004734914954604819,0.5712095015502037,-1.7344072249656906,-0.42196892814204084,0.8630494286301229,-292.9525982709507,-0.5469591557568396,0.7796636994337669,0.05605786618444846,0.27617215568578596,0.23588876331720887,0.21010492173408954,0.19645551466101252,220.880590829579,3.652119317721236,0.2911392405063291,553
568,1149,0.49434290687554394,16,0.8459654937893357,0.003992497049712609,0.4275742726312699,-1.199792909037118,-0.0600424618248372,0.7342801521040222,-388.46172267403955,-0.31137165761231256,0.8146716407527715,0.5316901408450704,0.601460241050292,0.22750433373434606,0.1770615269981062,0.22132307072446677,216.20769080857647,3.598780280600156,0.28169014084507044,568
564,1149,0.4908616187989556,18,-1.5732248736753167,0.006560091161152581,0.3029968094657863,-2.6987592033406687,-0.02818886877970644,0.5859167498152968,-171.6849684266567,-1.1894405253391085,1.1181378001099351,0.08865248226950355,0.34053777410966674,0.27300842586703156,0.17350689927749352,0.16878368881938388,384.87837770791555,1.902971016934765,0.36347517730496454,564
728,1144,0.6363636363636364,20,0.960764954478494,0.0017227536388749814,1.593187253052723,-1.3132380024326968,-1.7108770033355913,1.8694282566906049,1999.0805784451084,-0.24307379477939772,0.7656596022348228,0.7142857142857143,0.5619555694673262,0.180684470659415,0.141681683597729,0.18019352439313371,124.2523467460834,7.811602036297682,0.22527472527472528,728
424,914,0.4638949671772429,21,-0.3472746875730073,0.005051380798232897,0.4213798071967132,-2.249291787878911,0.11957979539001529,0.7598098356875591,-252.31854289743683,-1.1729335835330856,0.5147413450245735,0.3466981132075472,0.4367651815641311,0.24707451752240486,0.20269033748169366,0.24356520164498602,310.9073357212821,1.9268755366553203,0.4056603773584906,424
590,1144,0.5157342657342657,22,0.643361251978879,0.004213353924040971,0.7505636161026527,-1.7717067437370726,-0.06975462805474829,1.0367075656057976,-356.0778044521063,-0.5988097167263806,0.33023150908508403,0.35423728813559324,0.6144171174148872,0.14491036963099524,0.7009470707621189,0.7378319836360195,203.78576957328772,3.031549221357788,0.3050847457627119,590
459,1144,0.4012237762237762,23,-0.39195521519419146,0.0016429823650898265,0.9012800653034979,-0.5306491693487833,-1.2401952048028069,1.2731423764362375,351.4786567965126,0.11890101327738556,0.7418827057744739,0.5816993464052288,0.44655294262171424,0.23377460622967175,0.6609694504928856,0.8548729578638518,82.86912878127619,14.160986518816363,0.15250544662309368,459
812,1149,0.7067014795474326,24,-0.4181233757608332,0.005589253657304076,0.6411768576008068,-0.5611596948186885,-0.09065376672718561,1.0284760477444372,378.7457783278769,0.03785671128785961,0.161601963496937,0.42857142857142855,0.4454344057660174,0.15532279815594285,0.5542381707670964,0.8149225496681581,47.04821108656784,24.414214310262714,0.08374384236453201,812
894,1168,0.7654109589041096,31,-0.48263058344678694,0.005982809297056056,1.505043003539298,-0.13526177511633808,-0.12141435874990775,1.9626569318601068,65.21092034387989,0.03278810050608913,-0.12141435874990775,0.07606263982102908,0.3828625327349993,0.09890487871888667,0.2349844485914867,0.30116171484281934,21.473581774716454,72.15457419354348,0.035794183445190156,894
568,919,0.6180631120783461,32,-0.23099413665240615,0.00772827179246131,0.7134940445997898,-0.7383821686617192,-0.1444201060615058,1.125381670227025,205.917289534914,-0.0456130477864235,0.15748130920186737,0.647887323943662,0.6010272500001621,0.08283924331974751,0.3531428886966445,0.6469646903521716,32.73362378105712,35.06899697790549,0.03697183098591549,568
275,356,0.7724719101123596,33,-0.29487033847853944,0.006003361015366187,0.6756582906727221,-0.6275961024053129,-0.20752535261494995,1.0026316960635453,545.9323071224454,-0.1745129811859924,-0.1877241755854903,0.3236363636363636,0.4110616045390777,0.1502439679629358,0.23827262680872308,0.23334482723143984,41.745031973406896,32.31786352813277,0.07272727272727272,275
1004,1182,0.8494077834179357,34,-1.1231738027503135,0.0047607015661148685,2.2543205318524127,-0.5638905134412168,-0.23661467478143355,2.7467084965910233,46.75697108954915,0.21581582341130945,0.40109175448647255,0.018924302788844622,0.11497655156962759,0.014697508148718744,0.014781559820080621,0.009447744058434808,18.832766803669138,78.39057384635413,0.022908366533864542,1004
792,919,0.8618063112078346,35,-0.5436235889928427,0.009710457882190217,1.2400098142918234,-0.27793151898670054,-0.11577384992774062,1.83943349602787,52.68343357833979,-0.07252807355737775,-0.11577384992774062,0.37626262626262624,0.3828901774585915,0.16523250320787944,0.16427391152204623,0.18244615848190135,20.8880993197778,89.36779118309249,0.022727272727272728,792
726,919,0.7899891186071817,36,-0.3808393536923038,0.006890647553568167,1.6800266266396742,-0.20049254306020914,-0.502157097873599,2.261572833162944,59.542817885406336,0.08273703216219869,0.23573373270354114,0.3305785123966942,0.42204185727699844,0.1721006214531108,0.1868306893604447,0.20229645915476968,24.54430649118498,66.76089810760007,0.03581267217630854,726
435,700,0.6214285714285714,37,-0.21091732693438253,0.0057996681144389306,0.7389183946153608,-0.5202056867377901,-2.4042904787593806,1.0378381527905531,-547.011467176222,0.0015868297289075572,0.4301467983927316,0.1724137931034483,0.34856081546102746,0.19670939943788074,0.4528100653379879,0.4679606366583509,75.28560495901552,14.482707165284792,0.08505747126436781,435
990,1186,0.8347386172006745,38,-0.025732396724250182,0.00419257068625756,2.4236105539141053,-0.4587154020286452,-0.7214800859769828,3.051274035102479,33.36033190346404,-0.08552370100905032,0.42892024292699427,0.498989898989899,0.5074335028875518,0.08644950837135722,0.5665718270874309,0.6779185102764497,18.37237490804632,183.94226423166427,0.01919191919191919,990
781,1114,0.7010771992818672,39,-0.19599605425283412,0.005154212816806733,0.8331188900837811,-0.21236894337908374,-0.0660249996299868,1.2559475436475083,199.68447478542436,-0.1810174661760044,0.055147905215064325,0.3892445582586428,0.4562518193294415,0.181064060743076,0.1718141258900504,0.2131870004896858,41.60780794997581,33.42176938500638,0.07426376440460948,781
461,640,0.7203125,40,-0.7416699833116056,0.0010544526241603313,2.323208133633161,-0.5282105715094412,-0.17911541144002927,2.893300904900994,46.35739562329128,0.21179680703948944,0.12334940216786103,0.1648590021691974,0.322509988257041,0.16563654382739168,0.3532481679540503,0.33105428819850946,25.19670364850043,70.02013931913199,0.05422993492407809,461
991,1182,0.8384094754653131,41,-0.5482925628010762,0.0017813807994165318,3.35988129908791,-0.8111320979314826,0.14870976392758634,4.018672744709283,22.32013358994203,0.2597012595223439,0.19248813252922642,0.20887991927346114,0.33166538194466705,0.08865719174852081,0.42617458993605783,0.5380435022512581,14.138163407865013,140.4169532155647,0.015136226034308779,991
995,1179,0.8439355385920272,42,-0.018877068802190228,0.002869864232234235,4.307605046857314,-0.8128806520166627,-0.09915042972313562,5.221230625300005,13.75702259624097,0.16195043682706112,-0.018393095137234514,0.003015075376884422,0.06494736842105263,0.021228070175438596,0.0024186130167376963,0.0014170590820503724,12.092191049829578,114.29012863268775,0.009045226130653266,995
1035,1186,0.872681281618887,44,-0.16372024958330927,-0.0035387238515804526,4.863865312653604,-1.2194159079692761,-3.3237748219191237,5.4818365739236246,21.592588586695825,-0.28298473465239804,-0.3999863656639291,0.12077294685990338,0.29011156560670986,0.032114894636611,0.050221949547078565,0.046740944522057036,14.449596321173344,66.77913700584674,0.018357487922705314,1035
698,919,0.7595212187159956,45,0.043876090683240665,0.005564012988547423,0.9368616950493549,-0.31736444082378473,-0.08535127828701997,1.3941723313710161,165.21540327573499,-0.01261249055964242,0.06003595880315954,0.20916905444126074,0.4812154139358627,0.18287440198064192,0.36001421450979515,0.3489054865001275,39.36824330281748,37.515031921407825,0.07306590257879657,698
808,1174,0.6882453151618398,46,0.07961251106595686,0.003666419376530159,0.8458101076474962,-0.5060409630155044,0.04027563693518004,1.1584232287464127,465.9976899509837,-0.34024953321016843,0.1454319081140763,0.5074257425742574,0.49824384671647065,0.1555572298200086,0.1949116719220644,0.21589369007547515,53.76031081395985,20.944052507939872,0.0891089108910891,808
365,640,0.5703125,47,0.0428973167751583,0.0043491382130317075,1.0859402615212246,-0.15039005077666667,-0.0483909548073104,1.5832347545129322,88.83826983194734,0.12378097710420127,0.018324269407842222,0.3232876712328767,0.48508052844374144,0.2027397348954931,0.7643069537161098,0.8287672588745524,31.869996491926734,51.16608136121064,0.06575342465753424,365
229,245,0.9346938775510204,48,-0.2790395971038473,0.0027906020021619886,0.8824552983976719,-0.5011916258354768,-0.2765360308053007,1.355462149134112,123.34689651666143,0.17400877511510482,0.2744945661155283,0.30131004366812225,0.39545852023824407,0.17824557389300874,0.8520960209778877,NA,43.418221191533874,43.973072000168784,0.0611353711790393,229
808,929,0.8697524219590959,49,-0.049606647928618935,0.008672073919128708,0.9503368668677354,-0.18736637766835534,-0.03568558142015386,1.494259867354396,78.98366371138765,-0.18736637766835534,-0.015732355610763873,0.06188118811881188,0.2402425800042767,0.03937002293985183,0.17334752490639888,0.18723910193267712,25.498201292357123,97.91668658439647,0.0297029702970297,808
992,1203,0.8246051537822111,50,0.4105207755344685,0.006901025237559107,1.4667719091970501,-0.383969976538441,-0.22601339713495708,1.99136439173859,76.30181104260845,0.138210115483983,0.16107341862118765,0.5483870967741935,0.5573006951289349,0.14391980817576458,0.17622370324972453,0.19908795952148628,26.219502097247958,59.36245650412458,0.046370967741935484,992
893,1203,0.742310889443059,51,-0.16115859130808238,0.006465121432879082,1.1474477206438456,-0.35312129593689684,-0.6638956219428975,1.5545684866209606,134.87283718994,-0.222686413909908,0.3825090426016964,0.12430011198208286,0.3595382690605046,0.1333220672734571,0.05645005882849435,0.047909700422013285,29.333360615365773,49.70371270939434,0.040313549832026875,893
544,919,0.5919477693144722,52,-0.31622201180528725,0.004725702302922489,2.0350152772731955,-0.3041396947672225,-1.352415691079116,2.6191288018491603,58.78699465791508,0.6568912514701883,0.6797569457671242,0.07720588235294118,0.3469055229734171,0.04877995531757368,0.2025080990101437,0.1649761157245349,26.878382646873995,43.7365944568914,0.04411764705882353,544
645,939,0.6869009584664537,53,-0.38863268559728953,0.006885401480594643,2.2868400151204598,-0.3378532655855311,-0.18373631740650734,2.9029817246539187,40.0560741093259,0.20227218483456844,-0.18373631740650734,0.15193798449612403,0.38336171008491365,0.10378044602991096,0.3828019716198078,0.37750617762674965,19.34959613768694,49.461928588414466,0.03875968992248062,645
643,868,0.7407834101382489,54,-0.6570486495974889,0.007344611753861685,0.9859982966854857,-0.6967359680572985,-0.07628766034770987,1.3983526257262013,223.04984686283254,-0.16404919171434373,0.03448562368827103,0.05598755832037325,0.26314727368420093,0.04923398498695698,0.02165636237461359,0.015478513618996754,34.867560280458136,37.73689092027056,0.049766718506998445,643
781,1159,0.6738567730802416,55,-0.02713718451709934,0.00614148961895563,0.9866105507185144,-0.22491202061364868,-0.2850462263686015,1.599094931816912,79.15708383912329,0.08020614586480301,0.15159717734514067,0.47759282970550576,0.4729004135075604,0.16948429397724787,0.22729116752191375,0.24140986364094616,32.63372338824659,49.20566717244942,0.04353393085787452,781
1031,1224,0.8423202614379085,62,-0.27908478024804195,0.011882816565716563,1.1343810125120923,-0.1823260367461324,0.04404676806600444,1.7221627426110957,62.54809589912809,-0.15676556806503084,0.19298868076989478,0.26867119301648884,0.3870271303022641,0.09674360421658829,0.5171001509201621,0.5186279505852112,21.09335453741459,91.18559824532402,0.026188166828322017,1031
1089,1224,0.8897058823529411,63,-0.06085318344366393,0.007203736543694671,1.0599939619532264,-0.24334776897275595,-0.10682720977948854,1.4987179501022017,113.83166838606601,-0.07682332823520899,0.029044990533246162,0.44352617079889806,0.5238476699580885,0.16136087011637185,0.6333251211364669,0.7612882549363432,27.431474038477695,48.2669902021153,0.04040404040404041,1089
969,1220,0.7942622950819672,64,-0.07858250414387098,0.005404978353880375,1.1481220180082923,-0.43457574443947883,0.10499288402031752,1.5620735392706868,115.01572996160957,-0.3331370823872659,0.21369129531280434,0.29721362229102166,0.4050495048150822,0.14226927668680034,0.10870849895621837,0.12076331996900948,29.365185933039072,47.6071621724662,0.04437564499484004,969
956,1220,0.7836065573770492,65,0.36125199512341355,0.0041089062772504655,1.2279344072445104,-1.1174021725285337,-0.8806784244351082,1.561850657811171,786.79241542867,0.040722787687111905,0.46974663916843595,0.4382845188284519,0.5744062519250446,0.1401240406696124,0.1394279221014314,0.1887928035395392,62.052631149401456,13.281678660870504,0.10774058577405858,956
901,1219,0.7391304347826086,66,-1.5774618833542944,0.006029911668556843,1.7178015103021262,-0.6020286285894543,-1.568521807658165,2.1510750260845777,83.33540794942546,0.48886142158028933,0.16394214056536116,0.08879023307436182,0.17165903218031212,0.10021496393230497,0.25157785715795483,0.3412090701858617,24.029837603377747,40.632652401554395,0.03107658157602664,901
513,1221,0.4201474201474201,67,-0.6540207714954985,0.0038160762435598384,0.7142017707429432,-1.232519441247333,-0.014023573132369526,1.0519515523706742,-887.0317831314495,-0.6235370661222235,0.27732946443825535,0.14814814814814814,0.3224878601641557,0.14261565020970604,0.10715134734516368,0.0979917967537031,125.64733164113544,5.970298330379363,0.2046783625730994,513
813,1219,0.6669401148482362,68,-0.3537765730418824,0.002348320837399058,3.4062381417604173,-0.42417240261243894,-0.6724834402869334,4.187462745096665,21.402693402892186,0.15002686125073228,0.2345255645983697,0.35547355473554737,0.5426916865413098,0.0737400515726409,0.7092873751305843,0.7761456067187578,15.922418465298367,29.30376220727413,0.01968019680196802,813
723,891,0.8114478114478114,69,0.21197745985474564,-0.004807968081345169,2.3946364525345736,-0.681005067702298,0.0029414315764778533,2.930096980842178,31.5827618472657,0.3029028587440751,0.0029414315764778533,0.6016597510373444,0.4067324817166103,0.05864876615894754,0.41634912407303243,0.6168382845881785,19.936044491387463,121.49220607438176,0.029045643153526972,723
292,578,0.5051903114186851,70,-0.23055163607034554,0.0029262826559349987,0.5467194690208178,-0.5031324137376442,-0.004523136517574426,0.9003886534339717,7812.485627773483,-0.14366634070154533,0.32728660647827373,0.24315068493150685,0.4562143595942573,0.18830684253121482,0.5569499514323476,0.7492323362095407,115.83524538529896,8.47282963569522,0.1815068493150685,292
1142,1224,0.9330065359477124,71,-0.15984959917236136,0.002403742468144955,0.7498327536448772,-0.4051934444846767,-0.06195555992401871,1.107209614414142,521.3701607386255,-0.08789761901352233,0.21017284746261436,0.38353765323992994,0.48264118249246196,0.22815037059119175,0.7914596477693377,0.8362724243647564,82.66707873564178,12.251564317011823,0.1646234676007005,1142
1092,1224,0.8921568627450981,72,-1.3294454540828453,0.0024888764333427103,3.242083703025568,-0.5030333057283308,-0.06402832890600327,3.9353543328497413,21.09439649222202,0.1848172936453053,-0.06402832890600327,0.011904761904761904,0.02540218598087161,0.011587752991180887,0.01753912100543886,0.01823293100922705,13.895612558334486,95.95181732773669,0.015567765567765568,1092
1101,1220,0.9024590163934426,73,-0.8244039936357246,0.0034431172825368523,1.5266545938862799,-0.2864274262152274,-0.30470997634500874,1.9674793912649902,77.20872844840521,0.06540103142364384,0.1726618067671602,0.20072661217075385,0.22366247825409016,0.050611973813326765,0.11867413180282801,0.13430150305992547,26.881294947139256,65.284246984315,0.05086285195277021,1101
632,1220,0.5180327868852459,74,0.19948757825579835,0.0027105683891901038,0.6633487303904618,-0.8494833340218011,-0.0463518814480828,0.9977836791636596,-3450.927328870308,-0.6061575417365865,0.2175590538229075,0.5316455696202531,0.5719422945615281,0.21015140074295943,0.24241933833124377,0.24832606937134502,138.12954111978104,6.512602085838002,0.22626582278481014,632
219,554,0.3953068592057762,75,-0.5977817457852191,0.004156583712936894,0.6837013131914342,-0.43247239300735796,-0.856324579633753,1.0350863533227437,713.6638066263321,0.12819295764650862,0.6889451770319986,0.1917808219178082,0.3317461224789139,0.1390852428139089,0.381896497441952,NA,63.20806269499596,17.90888246954421,0.0867579908675799,219
1031,1219,0.8457752255947498,77,0.03765521864799586,0.0048484955230828995,0.5559476663479244,-0.5401115684445402,-0.5214641578869746,0.9204654093167587,577.1584291016313,0.10243975087273272,0.2583297210819401,0.518913676042677,0.5006774249828421,0.1889481523630225,0.16055534182645076,0.18715243654126057,55.39980315394313,26.010674893427606,0.06304558680892337,1031
923,1224,0.7540849673202614,78,-1.1385471862379601,0.006774150856619979,0.5946118784745688,-0.5201382520354744,-0.08223910981848677,0.9974305698344808,503.85138076663156,0.141388643117193,0.1345988506505575,0.05742145178764897,0.20828018114874475,0.04214440563946814,0.17821018872579253,0.21224207938010078,45.97818729546684,24.18049462389113,0.05742145178764897,923
985,1225,0.8040816326530612,79,-0.49344547404747524,0.005579494741668881,0.766443193926879,-0.5608036244137536,-0.9499710983083098,1.1497980740601046,345.68595256811756,-0.07485489891688973,0.4834830534757626,0.1817258883248731,0.40300412100867294,0.14261675584949587,0.10927151995682705,0.1118760576556219,45.26268286309829,30.35037219822857,0.05482233502538071,985
1003,1225,0.8187755102040817,80,-0.2213072237671546,0.006855461768171205,0.3428741080593522,-0.9866561306008693,-0.29787778741291804,0.6542872877045623,-380.58626233790176,-0.37506109902246065,0.7047426413561441,0.19042871385842472,0.49467237581467677,0.1822663230871769,0.08295719432083068,0.09785239838369794,73.64542959394426,13.560359400555155,0.08374875373878365,1003
982,1225,0.8016326530612244,81,-0.016724432172745204,0.005949197351666736,1.880871533884722,-0.551474104803864,-0.2373567168338577,2.414394688526439,50.95068596080603,0.1426219727525232,0.1672202504184748,0.3085539714867617,0.5359217288113826,0.08376801436953224,0.11151225417433955,0.14968390224594758,20.86373704599866,80.80599185634381,0.03360488798370672,982
1107,1224,0.9044117647058824,82,0.08475307520249856,0.01117744140413687,1.0567982480956737,-0.28444662759113,-0.12357199714376454,1.488234502549147,179.53374396625927,-0.28444662759113,-0.12357199714376454,0.44986449864498645,0.48274109711398655,0.14780456290939004,0.1729375254635598,0.20990394695179065,25.754022914660094,37.6782744379909,0.04968383017163505,1107
1076,1225,0.8783673469387755,84,-0.3918818245065753,0.003876434661541547,0.9057514916215872,-0.7709648263702197,-0.5983771190563157,1.2297503083701058,4226.795082490491,-0.12842366703256514,0.9944526234320613,0.3355018587360595,0.36270405027928176,0.14679459616721235,0.1288959629898057,0.14731461971499088,78.74231280123699,11.305659920671294,0.13197026022304834,1076
667,1213,0.549876339653751,85,-1.297780858704221,0.005137353908178846,0.6038837671381432,-0.9510755102025671,-1.7780563736131079,0.8665541174881151,-408.40942271835286,0.3935222056143476,0.4675027628769377,0.11394302848575712,0.24857636111295522,0.14424588888764517,0.16316315812685694,0.1356530262753891,97.70040715805558,10.891926175490338,0.08845577211394302,667
910,1213,0.7502061005770816,92,-0.26076467002932774,0.010664896455757078,1.3061298586959156,0.030134752935255634,-0.1982834876681463,1.8679671804979359,63.138734898740786,0.09424399581873297,-0.1982834876681463,0.23626373626373626,0.29030341589155334,0.02127325445661019,0.2383919646992857,0.4959940882191069,21.19810576371933,76.16901459240765,0.03076923076923077,910
911,1213,0.7510305028854081,93,-0.21919536742296614,0.004928791656964077,0.91588164128352,-0.39468185196932004,-0.04261526905391329,1.2837728650707834,213.54821020511,-0.09280564564767746,0.08633164416637588,0.4281009879253567,0.48117141697985216,0.14246883811414277,0.7093962286475656,0.8157528634446365,38.2621947933031,32.925200168250846,0.06805708013172337,911
903,1213,0.7444352844187964,94,-0.3842820608667183,0.005188387737044488,0.5855419779252771,-0.46863864745556894,-0.6006565372348573,0.9110985018623983,4669.444763078587,-0.20607650603785166,0.8462998629982259,0.28792912513842744,0.3820479808403338,0.16473280368118365,0.47604007364457,0.7242314982076259,60.25996414855576,20.337439797074385,0.07751937984496124,903
702,893,0.786114221724524,95,-0.7061188972074326,0.007654715417846471,0.54918499122895,-0.45974244018055227,-0.1725338356877339,0.9347835745048675,1155.5751698995805,-0.007000001343712592,0.14234216296913887,0.10683760683760683,0.3576737025758406,0.12342380839007021,0.16568853985039858,0.14807258572841145,45.26266612069116,24.14307062177086,0.07834757834757834,702
740,1212,0.6105610561056105,96,0.17559085312693978,0.005510432548663322,0.46643954558299927,-2.416698443969247,0.20016160485136908,0.7385622190961931,-247.3315407442072,-1.051028263256683,0.7410615144341013,0.24864864864864866,0.5869301343321083,0.19305998065651112,0.12092863083136662,0.16998058100596553,185.49256756535064,4.4681730262587145,0.21891891891891893,740
617,893,0.6909294512877939,97,0.08125667591022404,0.015963643596172278,2.7363401307430695,-0.7846999922788135,8.305679065740436e-4,3.4391524147638552,30.4110557000793,0.08193990717740063,8.305679065740436e-4,0.11021069692058347,0.4336371273660199,0.13084092278204923,0.33960302166603307,0.29176127794448714,14.386049600383302,79.9260184396675,0.019448946515397084,617
452,1192,0.37919463087248323,98,-0.037252030374458095,0.003219719121991843,0.9858119943067124,-0.745942375810183,-0.6067359963011878,1.3140520947137557,364.9617027446757,-0.1617448948079212,0.44716719590256426,0.20353982300884957,0.45010725627932674,0.1292232653245089,0.11921497857326734,0.1263677491955675,55.06042072886299,31.234049360048868,0.09734513274336283,452
1082,1213,0.8920032976092334,99,0.06492920889224374,0.01320811767897639,1.9365979927313872,-0.29773916780081966,-0.14125964310831027,2.529044200048582,40.52566822869782,-0.29773916780081966,0.05108090374332938,0.3197781885397412,0.5356262207458021,0.04429988318335251,0.501451501706387,0.7275926961272057,15.632892270476935,88.45509114907571,0.02033271719038817,1082
978,1168,0.8373287671232876,100,-0.3271610905280929,0.0024895252278391974,2.669297872452275,-0.37223804185960147,-0.4518298140551332,3.3887794290385576,26.814644999230783,-0.027987210609661528,0.137503079279664,0.2331288343558282,0.431578848214548,0.12796443605756405,0.5331028625575823,0.5335997652348607,18.085460998469205,60.19685615795343,0.022494887525562373,978
694,1213,0.5721352019785655,101,0.09956506925070695,0.004499645070541194,0.8025133907788511,-0.53075436120301,-0.39364589824223317,1.1780156300328606,229.33617923455517,0.2930864707898927,0.347091664616741,0.3414985590778098,0.509251614240012,0.10536332989961192,0.47059429449106266,0.4941648464211356,42.37781595503455,33.04955619848364,0.056195965417867436,694
1090,1213,0.8985985160758451,102,-0.03872446268514391,-0.009839505014195494,5.238333342575614,-0.46932407487746425,-0.25712353209033423,6.0873095294147,12.010496123388897,-0.17454867526132578,0.12906528834937647,0.10550458715596331,0.2783724204575545,0.04245540290957355,0.2826366842282955,0.32833636450811265,11.565556704239935,133.54112864559679,0.009174311926605505,1090
855,1213,0.7048639736191261,103,-0.04609737111245185,0.004133725471997772,0.715861349880221,-0.5610784538327641,-0.1266868558966744,1.064127370696014,483.58933899383436,0.11657019877058061,0.21934991383915675,0.49005847953216375,0.5122238444054726,0.11415460206892805,0.1835049481973889,0.20743729561352264,56.18402296596605,22.479296959780118,0.08187134502923976,855
827,1168,0.7080479452054794,104,-0.803055622673291,0.0011609731470768785,3.904834665201947,-0.17838353858961836,-1.0699495712033378,4.534734036897133,31.390851293111854,0.23417345343977147,-0.07887457008482146,0.1777509068923821,0.305156065633009,0.08810767137653024,0.09558733366344624,0.08560884675085101,19.076810349584157,82.5273446729331,0.03506650544135429,827
1036,1213,0.854080791426216,105,0.29251774155192883,0.010812399954831922,1.2859723153089473,-0.23223193110317666,-0.2019472095373232,1.8132810415196976,80.92336313143042,-0.0904305806543341,0.05680120212150214,0.5125482625482626,0.6291238930036755,0.12587506495539103,0.13971413623805462,0.20286275142997662,22.762835144351893,53.56461397519876,0.04343629343629344,1036
563,1213,0.46413849958779885,106,0.945547455574567,0.0035526303677573755,0.630247753668699,-1.41753356623935,-0.7756041460038883,0.9811378032350907,-424.2449360486845,-0.5181949092094823,0.7340831899329483,0.8188277087033747,0.6591803470914374,0.22478866620776256,0.15379808501466255,0.1736286223372648,293.2496559263397,2.4581876980627686,0.42451154529307283,563
764,1213,0.629843363561418,107,0.1644098677250004,0.005573402055921077,0.8090799683754532,-0.5958127461541367,-0.5036314533933878,1.220110251847701,180.21023442563026,0.4475392498716251,0.30855981367926544,0.7329842931937173,0.568303569189746,0.18216989376093218,0.1285072104311005,0.12778256015798334,36.95213482450934,35.14778799636017,0.04450261780104712,764
987,1120,0.88125,108,-0.010601394900470325,0.004017874004684688,0.7704061747370783,-0.35211951948478676,0.010185384607462218,1.1492651030593644,375.0283772949528,-0.26655321385432734,0.15040087971359253,0.5775075987841946,0.48259676470793555,0.10221522771803604,0.12513678425249064,0.1474286357358712,56.67343995762705,19.900624337440643,0.0972644376899696,987
1047,1209,0.8660049627791563,109,-0.3638505898757106,0.0039632815178635115,0.5257145242685926,-1.0342390500595222,0.07412986314879833,0.8303022210197806,-593.0037083775175,-0.10047838788319474,0.24833220596687083,0.49283667621776506,0.4090145563352499,0.21712750895075944,0.21036203773330364,0.24085297588433907,133.7091631324033,6.449176629210238,0.19675262655205347,1047
886,1209,0.7328370554177006,111,-0.05022793692238519,0.0041808649014134615,0.4257523991716765,-0.9779395843167669,-0.24538402045982072,0.7373122677964408,-655.8020637101863,-0.25645580314332106,0.3029817166021291,0.3239277652370203,0.4900004637970769,0.15942284870757134,0.5876566407700279,0.7445327780472032,117.32278656147626,8.33003696984841,0.136568848758465,886
1045,1207,0.8657829328914665,113,-0.18135769874607174,0.005243233844639901,0.7121046535741166,-1.0455629926669248,-0.7829532524902162,1.0062898280803245,-793.4587811172495,0.012320488042421696,0.7865505192618484,0.3674641148325359,0.44659264385633646,0.15030822742797606,0.37371846727017033,0.49439510562681943,73.8652635284804,14.781891279158982,0.10526315789473684,1045
982,1207,0.8135874067937034,114,-0.22158527484539747,0.005647722661307201,0.5370774526008049,-0.7330667889603838,-0.2673126925267607,0.8490616446617434,-1568.957700204195,-0.07607905488791733,0.5576340815154363,0.31568228105906315,0.41808875258113803,0.17830408883942175,0.12383476991919126,0.14653488511414342,62.26842875650237,18.754829505124782,0.0835030549898167,982
967,1188,0.813973063973064,115,0.4543724835673922,0.005319826811011764,0.5933233724918665,-0.6790552525526053,-0.17717986041286915,0.9469580202753232,-6648.079710396016,-0.11767357994775918,0.30165614024755244,0.5346432264736298,0.5306395906123149,0.1933654464535333,0.21861159148674283,0.2377487263806091,68.42564070895315,12.780464909828076,0.10548086866597725,967
941,1205,0.7809128630705394,129,0.400127310345969,0.006991616658988704,1.5317399790757598,-0.20053757154421023,-0.38588015957007227,2.00523429556939,73.87727222489063,0.030977164378609506,0.2241551161414116,0.6089266737513284,0.6631390849713705,0.1338041178138913,0.13069676272914105,0.17094465999058528,23.07155274821563,48.64351179322382,0.03506907545164718,941
948,1206,0.7860696517412935,130,0.01856299373699333,0.006361879134420069,0.6651574400011493,-0.5288113433657127,-0.2965832936157591,1.0384798756119336,829.5866466340883,0.1430649748845637,0.16289678864297163,0.4219409282700422,0.5360492959608084,0.18576789681100261,0.6852519049470469,0.8563048124668295,49.31903617571606,19.691067495112126,0.08227848101265822,948
344,891,0.38608305274971944,131,1.6870472868293847,0.003172720815274755,1.3871361622857057,-0.5142331479954102,-0.4976924214321995,1.747432488281512,127.02500972977317,0.39895126260452896,0.33143890042798285,0.7848837209302325,0.801251798404495,0.09619187275637824,0.7421724245253657,0.7956067551878243,32.61758429044958,45.16076551322493,0.055232558139534885,344
848,1206,0.703150912106136,132,0.13099973634158762,0.004809757813926278,0.7812526919095782,-0.4303376732354363,-0.10396141040279318,1.1590330186353175,217.95499124797468,-0.0019206616170780455,0.09968791144536719,0.8125,0.5798228771563837,0.0034523005885376103,0.0857090412943057,0.08403964538892049,40.18715430603394,33.39403141117232,0.05188679245283019,848
786,1206,0.6517412935323383,133,-0.2852030602897836,0.005972358613763421,0.9236521819349357,-0.4035889885821935,-0.8247239978655477,1.320602842595242,201.34996208553144,-0.0475763815992436,0.06834268080372086,0.2430025445292621,0.3931287497227849,0.11365254722531579,0.10048808240507845,0.10347857879413595,36.26649499136991,36.02567751598508,0.04071246819338423,786
881,1206,0.7305140961857379,134,-0.415492470520289,0.0063290163965341395,0.46045891411650247,-0.6718582487675325,-0.37807713407271704,0.7562846693286891,-681.4311792762375,-0.1335426730093613,0.24679453627510872,0.5300794551645857,0.2757553634019584,0.11751269074186628,0.07800599047019949,0.13863900635335752,60.82190812285203,16.49034870714985,0.07150964812712826,881
992,1207,0.8218724109362054,135,0.18105528133442944,0.005452163734289107,1.095753978790964,-0.5276451494536848,-0.19825916654490763,1.5422945260541914,101.99430403111099,0.18915793830400418,0.20652627646405888,0.686491935483871,0.5635489491589426,0.14204732309872667,0.10103875778251432,0.11915982756512891,29.26531758388148,52.93483470719971,0.03125,992
903,1207,0.748135874067937,136,-1.5201119853367981,0.0017325075619766166,0.9682453862932335,-0.6366717572064017,-0.28195140533294016,1.3089073254360595,595.8274126920458,0.49619269566991286,0.5931846100187986,0.13510520487264674,0.3996300850278388,0.3090881784984883,0.472631697307022,0.5456574618758372,99.88375632274516,5.582532165235532,0.18383167220376523,903
807,1205,0.6697095435684647,137,-0.6240234349636785,0.0055141692539446945,0.6850207786234417,-0.6319339209933025,-0.19531080155976,1.0279634329517329,1491.2167196994603,0.0017839468480904674,0.07450520072006611,0.3506815365551425,0.4202923334594089,0.16487735789093277,0.15287703600083125,0.1880355434116007,55.45192735938655,19.285083078408388,0.08302354399008674,807
857,1206,0.7106135986733002,138,-0.021870002582741122,0.006128955975677114,0.9541365274702645,-0.4645451594662534,0.008611430825763619,1.3372961063435507,226.36640036275912,0.2197162257878068,0.1701344802555452,0.6277712952158693,0.5096382519470297,0.15181117496534355,0.14317839826024253,0.18023111708534734,36.307019161723005,37.25833585764123,0.05484247374562427,857
914,1206,0.75787728026534,139,-0.1872469555634099,0.006168342914860421,1.3595884632788118,-0.333553681686344,0.019143422860361962,1.8676265618610692,72.72014167890953,-0.02103763912815293,0.2774591506614254,0.2603938730853392,0.4389789785703923,0.08604898419840354,0.5613188488660187,0.772160031927852,25.49684787666829,74.91051572230899,0.030634573304157548,914
830,1206,0.6882255389718076,140,0.8101710102552747,0.008316141333131636,0.5037162370017988,-0.7664010445101322,-0.9399692310477991,0.8837198743099532,-1041.0677731967994,0.09782053620357878,0.49678700007441823,0.6144578313253012,0.6781092359354164,0.13944052906921092,0.35914340954617135,0.49982676874628873,51.63440842888249,18.947069204829276,0.056626506024096385,830
918,1207,0.7605633802816901,141,-0.6040047735203713,0.00526079798472977,1.0038800033150228,-0.34400083429100814,-0.11790230843329554,1.4078682162839473,175.00010819897733,-0.34400083429100814,0.29537256752080404,0.1318082788671024,0.3617848876186745,0.09663136147767738,0.07528500130800465,0.07373255754411202,36.80093246184194,31.171031354380247,0.06318082788671024,918
894,1207,0.7406793703396851,142,0.3428782525790604,0.027385968679488323,5.162692626874123,-0.5485125381372347,-0.10457482484057941,6.043692986692224,16.550855888942667,0.14777045179168358,-0.10457482484057941,0.17225950782997762,0.44539244354185986,0.05866772137024388,0.4215022518738234,0.45591595609674274,10.03459654374934,29.775008739538645,0.010067114093959731,894
962,1207,0.7970173985086992,143,-0.4784372327071554,-0.002837353122401406,3.508671318093589,-0.48662361601997506,-0.26879108480953673,4.14186672181967,23.65720460159579,0.07929963840723986,0.08319757324665389,0.38461538461538464,0.36377705982932435,0.06015283550793036,0.3991200813531299,0.4839182492466656,16.055441148108002,147.8882013191527,0.016632016632016633,962
977,1207,0.8094449047224523,144,-0.13291116893778007,1.9290188328635252e-4,2.5621814718613,-0.32329095735265645,-0.45117134724435404,3.096388568835814,37.7516859536522,0.044102235322398764,0.15395328849439127,0.3398157625383828,0.3508784426051876,0.0492011060180271,0.36291458770797613,0.5656222004820325,20.025889185784614,127.79732245184493,0.02456499488229273,977
958,1201,0.79766860949209,145,0.06664654252477055,0.00531483597068506,0.5360293183060316,-1.014121937874018,-0.27673332515742055,0.8509034057293557,-869.271944898315,-0.14580864887122214,0.6558139840873332,0.2045929018789144,0.578687617316479,0.17338867142791484,0.09341603493907931,0.10062651005352555,75.59333992578952,11.664363644342297,0.10020876826722339,958
985,1201,0.8201498751040799,146,-0.49650260257284773,0.007191984895822644,0.4212518666618412,-1.5205180747600322,-1.1201220183295661,0.7075158010706353,-243.3806993105356,-0.43685368123475765,0.4069698638964119,0.15228426395939088,0.3240879245885102,0.12330964418658026,0.06468401238303426,0.0610661824764204,92.83383476613716,8.687279857769044,0.1065989847715736,985
846,1202,0.7038269550748752,147,0.058638326186123184,0.011923296336779741,1.5076692691703062,-0.20181186610678314,-0.3650157787615658,2.0854843645328516,64.09614522440611,0.06469287432959481,0.16382506733147678,0.16666666666666666,0.3209145217099595,0.026418675439178918,0.256988361977733,0.39977936514415086,20.993431938446992,68.66027708624567,0.037825059101654845,846
1083,1203,0.9002493765586035,149,0.395534123892387,0.002104091124969405,2.760384208201293,-0.543934046695735,-0.2962224937359756,3.480742844629914,23.48165418747556,0.11074215260292697,0.25856811647919614,0.2188365650969529,0.2863321441602515,0.07490520296084076,0.0973780596220519,0.12770907794731165,16.11592882383146,139.1815698152494,0.018467220683287166,1083
779,1203,0.6475477971737323,150,0.36290394982424473,0.0030404725516616888,1.1587177411369383,-0.5321688926637023,-0.45981184405647085,1.6264128645166565,85.94771401104002,0.20254631513241717,0.3887671309625849,0.7278562259306803,0.7194077427961618,0.09840704538812302,0.13148878797699898,0.14520421857139582,31.883252133014064,56.08978190453697,0.038510911424903725,779
790,1203,0.656691604322527,151,-1.318616606466454,0.004137565396965996,1.2311235746788278,-0.7004171627356146,-0.6177483644381094,1.6915915382431184,106.1646413660009,0.4295585446712602,0.6356177794784821,0.14556962025316456,0.18948557423544105,0.1249250824812561,0.3701896351401838,0.46828650536055405,33.955951057301,52.60278597034319,0.030379746835443037,790
793,1200,0.6608333333333334,152,-0.8464380435702789,-0.0016324431111839793,2.556078314483391,-0.7656332034066752,-1.3950096565076335,3.1300158028029204,33.83303935805972,0.12017561116526176,0.4241611474512519,0.30012610340479196,0.4810872462369706,0.0878072345415828,0.47258439339637076,0.694630261873822,20.553809547819064,114.4710255922691,0.021437578814627996,793
908,1201,0.7560366361365529,154,0.08590631512823668,0.004938712229453645,0.6733068124940638,-1.0157182375451461,-0.2894985707368585,1.0301549417429658,410.9032635937403,-0.0940443232874012,0.036949871801494616,0.289647577092511,0.49005236931940677,0.1574830917314357,0.5716124256739535,0.7129023521409507,48.40800746722455,30.53796036335547,0.05066079295154185,908
1018,1203,0.8462177888611804,156,0.29488960767072725,0.003861202390090213,1.686888821971515,-0.22971050469631277,-0.1253217772818478,2.1389746338619138,69.0189600296574,-0.055899078693059656,0.23961239736759676,0.8192534381139489,0.7844102156374708,0.04631747948597802,0.09437759126301952,0.13685084967250633,24.64504015004382,61.09456895824025,0.04911591355599214,1018
189,919,0.20565832426550598,25,NA,0.0042902488498711856,0.920474577271241,-2.504105666989134,-0.9539012694367915,1.1970989955315718,-389.99229633111827,-0.87707778039675,0.6023628230356296,NA,NA,NA,0,0,160.31451047797205,3.5381225715046596,0.20634920634920634,189
429,1126,0.38099467140319715,26,NA,0.004392724269268197,0.5516523581268666,-0.8177873859982533,-0.711073766893112,0.8941113014631721,3694.602656256475,-0.12414314141846627,0.40912223063632625,NA,NA,NA,0,0,73.3527957525277,14.569329537450812,0.0979020979020979,429
482,915,0.526775956284153,27,NA,0.005149096310161084,0.8584235323050943,-0.40512766979619075,-0.33744692954997346,1.2770058198028083,145.84758406728554,-0.32389271548605847,0.3111866448692264,NA,NA,NA,0,0,34.878073303058756,51.81819837299012,0.05186721991701245,482
664,1128,0.5886524822695035,28,NA,0.0029250562100477835,0.7261881944268422,-1.2145785800288966,-0.4532826271421838,1.0997285051272412,-653.2612769651864,-0.16204627773158475,0.4944981857420264,NA,NA,NA,0,0,267.9996084243957,2.4695273096882113,0.40813253012048195,664
834,1149,0.7258485639686684,29,NA,0.003961267111857962,1.096038272807219,-0.40521664406125607,-0.4840859170261346,1.5676365087366575,100.9749125272357,0.24824786238504043,0.4190991303261267,NA,NA,NA,0,0,34.01825627985962,47.78424263231404,0.06115107913669065,834
160,945,0.1693121693121693,30,NA,0.00589463565669999,0.45451900861947736,-0.9573304021414112,-0.6138624708478653,0.733179951208243,-355.2901639821643,-0.9573304021414112,0.2791121004443812,NA,NA,NA,0,0,90.48442243543197,7.25444494725534,0.13125,160
186,400,0.465,56,NA,0.0067173124603236885,1.4136530602712707,-0.33610969589658796,-0.3280259114152314,1.9130894215541567,65.61196117924891,-0.33610969589658796,0.15241995692395133,NA,NA,NA,0,0,22.739744470902895,41.56709349359896,0.04838709677419355,186
955,1186,0.8052276559865092,57,NA,-0.02542265914916414,4.282369581044881,-0.6468705256758378,-0.2068837043601424,5.196782453985385,12.507771385157914,0.1496344298607174,0.12054468661037596,NA,NA,NA,0,0,16.77094634044997,11.973050471262868,0.0062827225130890054,955
589,1193,0.49371332774518023,58,NA,0.003923676655708687,2.0087983784537724,-0.3890679988270136,-0.4603338611444522,2.6141424376801217,32.22580808335891,0.12360128634612844,0.1798235467296928,NA,NA,NA,0,0,17.313491802365053,267.28708224148244,0.022071307300509338,589
531,919,0.5778019586507073,59,NA,0.004196277481545857,1.6650784328953487,-0.6499466311591856,-0.2393543583500818,2.1864023216516415,68.0651127513072,-0.023310096835098548,0.12141853900566985,NA,NA,NA,0,0,27.606529768318442,74.08368731774793,0.04519774011299435,531
618,919,0.6724700761697497,60,NA,0.0037681505501611493,2.4866979409837,-0.4017752319937111,-0.7925316616494441,3.078645322982871,33.2310445839527,0.4197538904167396,0.09108360178866748,NA,NA,NA,0,0,17.485580380046784,137.99492116085295,0.024271844660194174,618
944,1194,0.7906197654941374,61,NA,0.006390665362768366,1.7395878466493786,-0.7182882398138545,-0.6487112344417959,2.1886699386805346,81.69802377865,0.10638839989245763,0.32812344391289605,NA,NA,NA,0,0,24.10637290805748,53.518202772103635,0.04449152542372881,944
739,1224,0.6037581699346405,87,NA,0.005534287022507945,1.0553699851539342,-1.1830442974396829,-0.22065936772450256,1.4362802315924785,214.32622234356523,0.2607689520581735,0.07808263265843896,NA,NA,NA,0,0,37.334812279895274,34.861059474206584,0.05277401894451962,739
809,1225,0.6604081632653062,88,NA,0.007893148294387252,1.2583921328432843,-0.41320125281007136,-0.08256417895541894,1.8260728924622982,69.24189891476216,0.19224046727884425,0.14735594920490375,NA,NA,NA,0,0,25.40853580367855,56.738127139676386,0.037082818294190356,809
889,1225,0.7257142857142858,89,NA,0.006766012346246068,0.6638026934347933,-0.37421115151380085,-0.13871660327102212,1.0352670017567744,589.7374151902679,-0.022316719662039908,0.43870340481756376,NA,NA,NA,0,0,43.88421535614933,30.856127152661173,0.06186726659167604,889
1033,1225,0.843265306122449,90,NA,0.005922253715070536,0.8527085652689015,-0.4996357815606213,-0.1141727453428358,1.219104575425565,231.46344956365317,-0.11338233972896766,0.30488281579955073,NA,NA,NA,0,0,35.78170460174818,38.88340726514283,0.051306873184898356,1033
68,75,0.9066666666666666,91,NA,0.0020240822214315063,0.5560536368988517,-0.31045657688994055,-0.2611978745028778,0.9296316984659678,558.8635034669753,-0.31045657688994055,0.11465956893475399,NA,NA,NA,0,0,97.90465746112743,13.845525788464673,0.16176470588235295,68
790,1209,0.6534325889164598,116,NA,0.004962844206120903,0.7175899084012837,-0.36155081050724125,-0.30294511282496683,1.0713793642997504,408.84576333736584,0.005760569921208325,0.33094314223248067,NA,NA,NA,0,0,47.76504759081372,29.92664384440508,0.07848101265822785,790
999,1164,0.8582474226804123,117,NA,0.007961217042915414,2.660227417322955,-0.27902857996769526,-0.508978068693566,3.3216181671036127,30.333803344403186,-0.015762511633865828,0.20713623119534497,NA,NA,NA,0,0,16.15734425898382,91.49203412485981,0.021021021021021023,999
874,1209,0.7229114971050455,118,NA,0.0048891900090620435,0.37269651709251433,-1.176528076725242,-0.16723313584529856,0.6311381338439699,-387.09703714661686,-0.3925695113486507,0.19483112098449915,NA,NA,NA,0,0,112.10203713558337,10.538536048953183,0.12128146453089245,874
440,1189,0.3700588730025231,119,NA,0.004505577238130104,0.36161669143795583,-1.0579644201297465,-0.214118316266874,0.6690817467167258,-422.68151700299165,-0.7126994190344889,0.6365402191914713,NA,NA,NA,0,0,143.73095989120168,5.345033125074526,0.17727272727272728,440
1077,1205,0.8937759336099586,120,NA,0.008498414660626204,1.2214084225389363,-0.2168695197268387,-0.13699121695762997,1.6584324287838743,128.71943113005707,-0.004887091933506171,-0.13699121695762997,NA,NA,NA,0,0,26.859886844227535,49.88315273900248,0.04642525533890436,1077
941,1206,0.7802653399668324,121,NA,0.005559147842625168,1.4983701700647063,-0.994850057815152,0.0929770414977186,1.9336999921264455,74.7630952523833,0.2262854001211183,0.0929770414977186,NA,NA,NA,0,0,22.98323384740974,73.91521286937139,0.03294367693942614,941
1034,1202,0.8602329450915142,153,NA,-0.004709347987667483,3.3940508353661842,-0.5422400570680401,-0.21464942121889305,4.098218871608531,17.305490622404367,0.26764495049719006,0.24084711575270765,NA,NA,NA,0,0,13.266587212487805,261.0962258415973,0.007736943907156673,1034
628,1203,0.5220282626766417,155,NA,0.005835491458437589,1.3311580634509865,-0.61062147145322,-0.706877693425631,1.7785661116184075,104.10846994236236,-0.4327306506362951,0.3599285781464504,NA,NA,NA,0,0,28.981993328021375,54.014529412405615,0.044585987261146494,628
619,1203,0.514546965918537,157,NA,-0.006258159081503535,3.8974066473365427,-1.0649639213435558,-1.5947905347253404,4.597785463193125,19.708747521099625,0.27512160928798113,0.4421943601017031,NA,NA,NA,0,0,15.74850475635265,194.47078898840476,0.011308562197092083,619
