rep_id,var_toxic_12,estimate__state1:less_toxic,estimate__state2:less_toxic,estimate__state1:cos_theta_pi,estimate__state2:cos_theta_pi,estimate__state1:cos_2theta,estimate__state2:cos_2theta,estimate__state1:sl,estimate__state2:sl,estimate__state1:logsl,estimate__state2:logsl,se__state1:less_toxic,se__state2:less_toxic,se__state1:cos_theta_pi,se__state2:cos_theta_pi,se__state1:cos_2theta,se__state2:cos_2theta,se__state1:sl,se__state2:sl,se__state1:logsl,se__state2:logsl,shape_1,scale_1,shape_2,scale_2,kappa1_1,kappa2_1,kappa1_2,kappa2_2,on_toxic,sl_mean_obs,ta_mean_obs,sl_kurt_obs,ta_kurt_obs,prop_explore,ava_qual
1,0.05477811058878575,-0.4426151590095789,NA,-0.48697928952162434,0.5119749965109193,-0.301498131681729,0.5187193336677373,0.03280927066101595,-3.4222129554371716,-0.1575026277725629,22.969209770321335,0.7441650006834711,0,0.14963718305640672,0.29277689554759334,0.14583567074649564,0.280416114084697,0.007061013612678575,0.7501391270702742,0.060567375744889074,5.028578544586429,0.4963335635657821,35.77903155792406,23.62304596165968,0.2871111588404748,0.20593171781651826,-0.09346672757980376,1.2048860038490619,0.7267507377696625,0.8789237668161435,10.821284128180382,0.3093866453166073,26.456731698675338,1.4638191126254902,0.6458167832959222,0.08882033776469159
3,0.03191177362036162,0.9000353389631401,-13.424923415606122,-0.7279364289923463,0.18042126505707826,0.06366480598080232,-0.1991866552159142,0.004325669234376923,-0.3059404370950299,0.6246709789838555,1.0245421422430085,0.500396709863978,818.5048277091632,0.22004393701235536,0.13461532880672986,0.23717454829265636,0.13665954259208068,0.0016276022789622323,0.02577874967967962,0.11732299616005527,0.09615533767114345,1.0471873613516633,109.2176624238049,1.4470585246108165,3.1306534263502543,-0.4513135195415841,0.4372022216141767,0.4570441745078405,0.1743507604174602,0.8366336633663366,31.628935771042443,-0.09815467282679065,19.558478831313465,1.6597308224727054,0.17024396049826057,0.16871251494463485
8,0.6232788089912831,-1.0379338180208024,-0.6874751994299837,-0.04263715856120791,-0.05031672129840472,0.05265987172987526,-0.06330890193270629,0.01858475314152183,-0.30947516318628576,0.1498517030981056,1.6780150402545113,0.28453732302548795,0.41827587196805827,0.15007385333374354,0.07571436788567476,0.15940986509462968,0.07819516397862991,0.003195213782560894,0.027059454340002842,0.09603713754921096,0.16106310809959662,0.738932268589028,100.53836455825738,2.2670956057454337,2.958524140993135,0.3742982004594877,0.3022042683424649,0.3666186377222909,0.18623549467988337,0.6879084967320261,20.716332046708903,-0.1692404411791889,55.77247638763094,1.5686080623106413,0.3053346425997556,0.278926309459442
16,0.12694422955454077,-0.1588029233197269,0.932018752029119,-0.4231443491395021,-0.10179899347563268,0.14605512603448242,-0.09368613922602002,0.008133434219709442,-0.28276817184883235,0.7145159506551313,1.2134494616162987,0.30312360742619243,0.6200246917285986,0.19280964272281173,0.0936526783450341,0.20897785035958397,0.09274152306640504,0.0032329186548220937,0.029662293643703003,0.19514273062185217,0.14252271251855528,1.2277129241261178,64.44063481922284,1.7266464350872852,3.2634970549195947,0.13200201255957872,0.3547878741434709,0.4533473682234481,0.11504660888296843,0.3184713375796178,21.527514163973418,-0.041218223761844044,57.737579774516014,1.4690583795701706,0.22894326842593074,0.7020456562113274
20,0.12829608917332125,-0.32055016662163893,-0.17254130962609648,-1.5887072739324335,0.8111230756469142,-0.4556588509000549,-0.4751300202894685,0.008584987401640109,-0.417241181980996,-7.215066528006577e-4,1.3497969013960605,0.358209442216273,0.6520648332612274,0.13894278204252594,0.10485228733337186,0.12355149093704076,0.0874521766185878,0.001788911985185872,0.034710093895908595,0.030057602370553986,0.11431238690053165,0.39762935026515833,55.710545978765126,1.7481477583140195,2.253388629071972,-1.1358529121273198,0.3068859997305136,1.263977437452028,0.28741483034110005,0.7522123893805309,15.132077420360996,-0.07843067231217946,102.76774999324506,1.5221657303628593,0.34926346921124857,0.24862300436052043
23,0.46123025844418275,-0.07393232853973601,-0.389453183066587,-0.6005719019768674,0.006312157742969249,0.4303628760634556,-0.19650310255466616,-0.002083126799902394,-0.1672742211058475,1.8173845487259623,0.8817700530986616,0.33896601648769037,0.2774918394282414,0.18989050367624852,0.10499654367400948,0.2317893233351495,0.10314365677915786,0.0035437260138554095,0.022009451903519165,0.3159311399719,0.13775035408515732,2.446298161542111,32.929112440055924,1.51068366591481,5.113536910408739,-0.21729201138357446,0.6881305962649557,0.38959204833626215,0.06126461764683391,0.5852417302798982,22.24633641904403,-0.2240609826153616,107.13777769821242,1.6354619975190068,0.19461097599927035,0.39883238608536026
24,0.45809139968514084,-0.09681205336719659,0.05123501155891928,-0.8045331946864832,-0.00800487499695223,-0.09852105227050861,-0.030112246958037707,0.010160134058765488,-0.17212912237185973,0.1374701511875088,1.0011718138144596,0.2507033153293298,0.30119134963729066,0.14796461460684301,0.06029216630020325,0.15117085500058042,0.060642555234598654,0.0014137463469349036,0.011980588879900155,0.07056164949461766,0.07584384764871185,0.5778749930943147,212.86007868219585,1.4415766557212655,5.34796026959074,-0.28907173093796223,0.18121835646831957,0.5074565887515687,0.24962716178079047,0.4602076124567474,29.447909480199723,-0.011557884906759578,48.543162220460566,1.4910690405947509,0.16547074634188608,0.516552863932013
31,0.2087861018267453,0.5079122632158093,0.5833223776815367,-0.24745995367779472,-0.006261259770335726,0.013378552370322806,-0.013601860186020893,0.016719151094668573,-0.2541984580940981,0.30622787500200843,1.2025702038917785,0.2684409626256592,0.41538128316007983,0.14695440040952754,0.050021233195537404,0.15611551601123463,0.0519062617071609,0.0027666619399105683,0.015176167396683853,0.11016433757196298,0.07945080355600216,0.8209294980805897,101.20635444850635,1.7172718269703597,3.561273705173841,0.16947529806259087,0.2860136322387393,0.4106739919700499,0.2590332196823956,0.06930693069306931,19.502488726236255,-0.08225119974212469,88.23878032272843,1.5430643589710376,0.1388435168110789,0.9210390527287555
32,0.24012873829447437,0.32910099774936646,-0.2717019737537788,-0.27900393043144056,-0.05341439530460438,-0.08072802307530462,-0.03643816704516442,0.009574624599919453,-0.24700995056592157,0.22224265510600774,1.1424932127552392,0.36391030249196926,0.4794063025244565,0.12763342336225145,0.07149533338833512,0.13550682907142042,0.07485808031847926,0.0026724626356566935,0.022423908237662216,0.07633323219809329,0.11324132034695691,0.7911331288820618,40.90201335319963,1.7113836865312932,3.558297824668155,0.1627614522653178,0.2611433622941227,0.38835098739215396,0.30543321832426296,0.6505460218408736,16.7399328391577,-0.06748969240654092,100.69288832972647,1.5406943895345302,0.27122636485749424,0.37541335930006536
33,0.22868577309922625,0.14467284879542525,0.6671582687976492,-0.09776797467113169,0.04498277621667066,-0.08162847661673386,0.05415310031471206,0.006199413507575791,-0.9464629515917774,0.0644273260110249,2.4358760890448985,0.24018432727591554,1.5938608282532252,0.13611971098514836,0.11144746245259446,0.14142972903939824,0.11653130474479474,0.0011149771139775267,0.11044581941749723,0.04567360848355798,0.2919654618673147,0.4275583585253108,171.50011356424625,2.7990071215591845,1.0433041487990538,0.377563574168062,0.2593717971083753,0.5203143250558644,0.3951533740398212,0.3367003367003367,30.147251762798568,-0.05470932961308443,40.478883741723365,1.5126958518417966,0.45432739352755275,0.6664491996257128
34,0.013823661601272871,-0.13406636557814847,-1.0154039699777042,-0.4371617122728703,-0.022429878412410176,0.15725224424999418,-0.03967615418939723,0.01606815512073102,-0.1514882639540791,1.3539043255987118,0.7134566849144092,1.1228825556465132,1.0265577816052174,0.23269120139232682,0.045030363968429535,0.2711581728756537,0.0497997191393296,0.008748067809818908,0.009904191167287586,0.4541050263723354,0.05306688397771114,1.8906720836714326,54.23360830617487,1.2502244429871299,5.376483698674658,-0.06653691103309461,0.6262165425924431,0.3481949228273655,0.4292881441530517,0.01722488038277512,15.571555420481912,-0.0031814704550312558,112.6595546969188,1.5780006002694422,0.061145343765749524,0.9813622730956177
35,0.15774270776602164,0.1900523637456022,1.092189946375884,-0.043527364618772664,0.028989141385958983,0.005627653052639392,-0.01140149486949272,0.005068734617616621,-0.3177878161468326,0.09895961886100059,1.0098272172126757,0.12606887913964018,0.42448114815063775,0.06263300776075384,0.09258893769199072,0.06390920305233784,0.09140301032081687,0.0015967841646538626,0.03512483079592756,0.035785285018601724,0.14456959174503575,0.8316178026017845,22.982178678091337,1.7424854009534596,2.729492103677527,0.2620308923125942,0.1263541293718964,0.33454739831732583,0.1093249814497643,0.3648989898989899,15.250411923478673,-0.006048555861540786,195.33512899272,1.6175176911848348,0.6410709997979167,0.6068007531364731
36,0.19337650319299332,0.02705932084132033,-0.21160890890534562,-0.41068070307962073,0.04775293702460425,0.06448592703952297,-0.02916635881657772,0.02077313334095545,-0.12783281572438934,-0.021739735623387213,0.8252017334526827,0.22672927350706068,0.1907962099800792,0.13375747037499192,0.05963921207214824,0.14205326166252727,0.06062811396902953,0.0023757138794872484,0.010084688600163419,0.07653435550605461,0.07646294391525453,0.5830821542821403,132.08810658242865,1.4300236233582102,6.403005687989619,-0.1136201234307525,0.23953741065968484,0.3448135166734725,0.14588512480358415,0.3496042216358839,21.41223670224052,0.07003785217447206,95.63692197380439,1.6165963135009285,0.2641411433057748,0.6726885165485709
38,0.6063331382678963,0.2569604035005927,-0.5284861118227436,0.13522095140256435,-0.06280970474279077,0.0010837985334592047,-0.05155466149975038,0.019349084055095153,-0.09830413767242631,0.9049580668894173,0.5236782599221845,0.285486564277731,0.1810091866925575,0.16918377131561324,0.04567427087434949,0.19272285678335352,0.05030644947876757,0.005990704777275726,0.008015681411291596,0.24592917346539653,0.05492461450481101,1.6407105480701036,31.940160438576882,1.259430741102871,6.713131909908133,0.4739366005691442,0.4503151679024025,0.27590594442378913,0.39767670786919296,0.5105162523900574,14.462411034487392,0.1391898719957229,225.18705969012132,1.6149177339308947,0.12390430101146704,0.49468339012118756
39,0.1671792677184724,0.3578208829307233,0.16431188835999153,-0.5087681927198454,0.020265575106900725,-0.19993700779356033,-0.015474617282344864,0.0034824666010172542,-0.11475170548427345,1.4279395866545213,0.7736329023893364,0.24717543809534862,0.17769982150904073,0.17821631593309623,0.05511338212684866,0.17113839549037932,0.0570644661717122,0.001773542595517278,0.007862183204743843,0.2719171163269201,0.060964614244859876,1.872161384388308,115.4387282413749,1.217854700123123,7.88042084361727,-0.2354767980602911,-0.0024713682015077565,0.29355696976645507,0.1819910223097077,0.39125151883353587,36.8220275444424,-0.027806525884584266,41.5299727250388,1.6318563837998135,0.12432716701095325,0.6046769556179707
40,0.40308516935309924,0.6456579128930656,0.5863055092519766,-0.3900884721504245,0.06140299265170035,-0.19636916588915687,0.015173723409505244,0.024759202099485803,-0.1625587332780997,-0.08050071859841561,0.9198808239968382,0.2814856559209879,0.31730489721610755,0.1673262436707234,0.07446373369109933,0.1615498290501407,0.0759738297428686,0.0029500687076876027,0.015386036031510503,0.07623961055551469,0.10042603306060127,0.4908514813443255,405.0558498097495,1.4912330239395795,5.269072269419443,-0.17328198622828866,-0.0852096197326775,0.2782094785738362,0.12633326956598462,0.17456896551724138,21.133165979723124,-0.019926894421974088,88.024292907279,1.6707051379128635,0.27797259263935586,0.7954426620322604
41,0.3949020203287788,1.6504498152167435,-0.11195708854037648,-0.07886999663052599,-0.02061368584687006,0.27294952625989133,-0.018546233808140022,0.03854135190301677,-0.10753034492564723,0.7692032222330538,0.5241251864609783,1.1025780691065925,0.171245006049907,0.3049678793229837,0.045711288414446015,0.35899333670096273,0.048974988873787935,0.013763482103995311,0.008118635171378877,0.4725023416896659,0.04827992117191124,1.395211025227038,120.43114501523556,1.1501329894549626,6.477724538802842,0.3070353989628444,0.6186551298107343,0.3652917097465003,0.32715936974270304,0.19979818365287588,13.276393141063192,0.02683023922689165,141.07190914666896,1.5637324521604952,0.041588601241360955,0.8020428397616293
42,0.0010141407465722625,-0.9017435314809035,9.381508819236354,-0.35101637933028024,0.0021859106996635373,-0.11505140065966196,-0.0071461177986035795,0.04971591406543639,-0.06563187543503242,0.4370685527553855,0.3365573834911292,1.2250909873107059,663.2070992928709,0.1892690467901643,0.04665011923092239,0.19530177553898023,0.049536332027197844,0.011994957159267064,0.007738114837605259,0.27768220119071513,0.056024662824270585,1.4019263768239199,30.182758087360753,1.3014152075596637,6.734946095348514,-0.004447071327800867,0.19590299673541206,0.34875521870214293,0.30380827959647044,0.001998001998001998,11.646255217851273,0.011291097844970274,63.68892399924822,1.5946665311421986,0.08724855856209117,0.9971780430230939
44,0.0485178431066048,-0.42697264903518645,-1.070242633769969,-0.054521974903382724,-0.004086903262546061,0.030112534643350074,-0.11497993808074547,0.0203595699763588,-0.32676163564186794,0.22121904142542087,0.7505896254778163,0.46150189460804053,629.2757122119909,0.05964596836896919,0.06462764672980113,0.06597307350834818,0.06795650379940209,0.004520767292951859,0.03041987118111582,0.05627174233503825,0.10224705919068218,1.159879413627589,12.12800316407603,1.6892499976799842,2.327882155163001,0.3810122107189521,0.44029416967033075,0.43144728235978874,0.2952016969462352,0.12244897959183673,9.118565475370684,0.0037326785632890037,95.83792924838258,1.541360287174858,0.5477916355709033,0.8826203807081692
45,0.3541195448507114,-0.11738872557494699,0.43782538008885363,-0.40055261447635326,0.026926003778747633,-0.1972676820657982,0.02449457135186645,0.010594169782842335,-0.12761651235571653,0.4526996933501762,0.910887912533709,0.2470956693174926,0.2959722425575238,0.17013690325022585,0.05616481848149074,0.16500275635496572,0.060228670852863375,0.0018015491135835073,0.009224599599277421,0.153061842602417,0.07262091784835496,0.9052632754817265,701.0282144091586,1.3634514946652594,7.1614175807197045,-0.13698444296554185,0.09115884677767633,0.29049417528955906,0.312921100195341,0.2066115702479339,37.767458707445044,0.22852866813631326,39.41439796457053,1.690242105300918,0.1519720213671446,0.7929726461290395
46,0.1836493321215557,-0.31870864244637054,0.2451195244342148,-0.5321315609038179,-0.027512214015200626,-0.305006033598403,0.020848273854235034,0.004657276941971825,-0.18804380834309845,0.7687565315538236,0.7613420319899771,0.22973403567073702,0.2226592256494034,0.16964665780006133,0.05267124811694026,0.16364708660526286,0.05671520765362598,9.785310620185166e-4,0.012025432416851098,0.1422358392294236,0.052077451797616685,1.0977809988030212,323.86419637847973,1.0903664992391746,5.107544475785132,-0.131181680773085,0.03676390141004343,0.3734376661155322,0.3626182088626815,0.5191873589164786,42.809497009501136,0.08703950123020837,28.821329126118798,1.5536532839947421,0.15788566044508257,0.4619608670849708
48,0.8772014696206476,0.2232648083370217,-1.935423305724653,-0.05524835331362372,-0.09405702936937797,-0.11516193303116679,0.05365400205581527,0.015936967226984608,-0.3541403264146129,0.045962516135511194,1.7045881454657417,0.26229756709267915,1.0412345893868697,0.1482206274797458,0.13946821839448761,0.1471716162230838,0.14377135362387178,0.0036537605075332097,0.056598103176170034,0.09056465272161264,0.30783322913444694,0.7325586774069001,56.797470389107524,2.391184306737131,2.579422271813537,0.2392276935605644,0.006864707851241311,0.20041901750481012,0.17568064293822336,0.3105022831050228,20.53357955442589,0.0397815800115068,18.902715935495443,1.630776683667539,0.49894974658401603,0.6789664114953987
49,0.19338387777654814,-0.007598059261591649,0.9781756332672572,-0.4511372808734121,0.04756553054850865,-0.2226864098796923,0.0033033924269434455,0.02171127292084792,-0.09198334360313949,-0.10738425822624169,0.6583985154604451,0.4398725040212062,0.6128703050666033,0.14547861289979547,0.054141805315224334,0.14465921109604055,0.05563246049442129,0.0027349947818871866,0.0076507738279584904,0.06851845452941349,0.06522591067024826,0.5469899013207578,95.37421787687165,1.3127726750074444,8.052850508554153,-0.16324998017350018,-0.04321931474565702,0.33545283124842057,0.18277048756097872,0.06257521058965103,19.967595433235747,-0.13142980009393934,96.14538443093203,1.642520775992131,0.17879064818010296,0.9315808377360174
50,0.17014332216887634,-0.3078911532762576,0.07002288246717685,-0.3588844623783447,0.04655625393869906,0.03510394324848532,-0.04982724458129394,0.0149403805774926,-0.18852257069426911,0.08113283785398696,1.160636350021345,0.1767143688484709,0.17459675126847,0.0982158969040865,0.0539668148871696,0.10452367665403649,0.054543897545597034,0.001629131295801572,0.012211344745950871,0.05717752648141527,0.08398477839308444,0.6654563679343797,96.19349323364622,1.7449598801017379,4.675985426559871,0.029078741023458032,0.2675939257643227,0.4345194573405018,0.18266273793454343,0.5564127290260367,23.029957575654016,0.02986957030802911,64.24356686451793,1.5728141162708087,0.2872224853221231,0.4666463064907029
51,0.056374652147389855,0.28237456904683517,0.4312380103356053,-0.33480704912381976,0.04172238232294348,-0.08947423012336847,-0.051037436817328086,0.027417041770471207,-0.2141798606879468,0.06161868389642333,0.7784429175295455,0.2574793529453153,0.4382272661317875,0.09944902893602728,0.056619718767333765,0.10786041154295893,0.05937820013709654,0.003762684789959316,0.016539706688384358,0.061916041047997125,0.07189654852811742,0.6886882902854877,41.39904105596416,1.40551252391861,3.7629060433644,0.12792865106177004,0.2978996234196044,0.5044580825085333,0.3363364167256448,0.10072689511941849,12.113484702352437,0.03557358815776135,119.6126006094962,1.5194683674430627,0.27791147807087263,0.901214087588508
52,0.2658553712514881,0.11178140484044934,10.858976339861806,0.46212154478073,-0.08635406372268419,0.0261674627889717,-0.09592734569387962,0.0084204821371823,-0.11400860827507511,1.6560290708587686,0.7261715708406696,0.6094795127266834,1107.9191698092222,0.2510857279686399,0.06140827489684713,0.26628458188406734,0.06740682690136762,0.009028870968846265,0.01193839491601107,0.4446277699203557,0.08954323767547287,2.4128322955882293,27.096305669349427,1.4829747955701307,6.276105049439214,0.8271029546858808,0.47224874085265445,0.2786273461824666,0.35015393236980313,0.09612141652613827,16.660839283369057,-0.09678726562361185,146.3714037260525,1.5823445907925717,0.13398368902083604,0.9237383159994701
53,0.40855756674085636,0.10307561604682716,0.7428823761579667,-0.17928329513719815,0.01761756824104889,0.058466822146985085,-0.042507758161210885,0.023979502667154415,-0.12774370861349937,0.11914459559962702,0.7084502146595478,0.2487516477057889,0.5233744707433561,0.1410741078558406,0.060663960326934885,0.15547393329670453,0.06529609278391367,0.0031297837183579653,0.011336769542579178,0.1035800640759404,0.07675959899933846,0.7457898653824261,115.29135987528079,1.335095484442347,6.234534919030056,0.03932296214282449,0.39359616944475007,0.23622382552107152,0.2926215891365541,0.15396341463414634,19.284504846296894,0.14739973982706875,49.17876368643259,1.705042633159349,0.24724911246502093,0.8501350989910071
54,0.02277263187715956,-0.015750718867504735,3.6123441184321,-0.4413547714981103,-0.015758611831549148,-0.3490104502737044,3.247150237537632e-4,0.013422384616432245,-0.12255351564461123,0.043972339918438075,0.8055185994511941,0.431424539145229,2.8455725384881343,0.20673182766095813,0.05741496526047514,0.21052834124528508,0.061817135783766755,0.0019457339921184606,0.009512026947487135,0.089632187562257,0.06572665290689264,0.4837678028310189,675.8740017097034,1.2453140623637748,7.2750835545574555,0.0062678434476806655,0.023083439575502962,0.43186400311424183,0.37241860487296113,0.05454545454545454,29.659747771380832,-0.04168309024980954,48.12053528292455,1.5291291023239326,0.12895815200457972,0.9393864140362599
55,0.22412511266188018,0.13603468484028555,0.19461039008270756,-0.08357802926294615,1.0616493578708439e-4,-0.06938598031129649,-0.026565522339204097,0.012817293078464518,-0.07135271174337748,-0.07349707293668398,0.6802936722692613,0.19003048560985064,0.15614436144787505,0.10337711069333289,0.058603354508493556,0.10817069404582899,0.061430715552140074,0.0013960522121822306,0.0062034405355533544,0.04813402915597151,0.07080590924358522,0.5481033925384665,114.31693228681266,1.3018941377444118,10.762221956220618,0.19945968267016118,0.17637931720769057,0.2831438768688944,0.21919977517978298,0.4740024183796856,28.77334463688369,0.07039399844118738,61.26864983601841,1.6231065100028335,0.3023363305171038,0.5148930200418198
62,0.4609256344388643,0.29217241011886497,-0.028357100465164167,-0.6673746740184379,-0.018854653764085575,-0.010375840594740449,0.003503525207101395,0.02477662807247711,-0.09920754643779066,0.5100259990582857,0.6463814365370472,0.5284741995506235,0.186811318299095,0.29213774081108307,0.04377745032542139,0.3063455708270307,0.04578788661618066,0.00722033109894214,0.00644472222961646,0.3615637995606721,0.048766248640109006,1.0908313158687086,201.01779913171939,1.22718675334747,7.754411078640462,-0.28767566698690444,0.2672426650730227,0.36084435326744785,0.28112203087486454,0.3345070422535211,19.280574740361917,-0.04221492799677102,100.70270884205259,1.569763735421126,0.036248758830347075,0.6663901860035532
63,0.6150698317705664,-0.06229996265351706,-0.07485013054636051,-0.5062864827734072,0.00925355817744454,0.2559131058580779,-0.021603911367463778,0.0053663945874983555,-0.1462094019998435,2.014775570053363,0.7487297547323224,0.3633137611071948,0.17694077750576206,0.23763708343137094,0.0444662655985342,0.2843764780535441,0.046689509549400925,0.005083807332893544,0.008600077007759332,0.5409470508556852,0.05007913652905595,2.510392300092837,50.44423180407313,1.2443464847717969,5.834316994873926,-0.08137977966426413,0.566457111465726,0.4341602612865876,0.28894009424018424,0.44757709251101324,19.43701319700874,0.12887533712332458,81.63399840470798,1.5606539574920169,0.05854347730162864,0.555199821094114
64,0.11018863958080602,-0.11272970177358439,0.13485507386437862,-0.5748174089948663,0.025471742972184352,-0.36555866672217574,-0.007087931334876714,0.008715300497112596,-0.19562225644405043,0.35667354254124983,0.92433212132258,0.21787077217895764,0.1851613539609374,0.1463775094946711,0.04842554229108943,0.1417707811572488,0.05289765359190159,0.0015892989063398966,0.011704152245172758,0.08882802572731795,0.05905712915596781,0.7573523774785715,168.55472924667043,1.3250109562599017,4.755782302385116,-0.16338543401326305,0.04132429875434901,0.43690371795378763,0.399795034141648,0.31614135625596945,27.54894445944687,0.04166242224770834,50.26704474715583,1.5549314489033266,0.164571313739934,0.6896162190655242
65,0.10496969328367038,0.04385075156326255,0.3558131998203862,-0.258535898663441,-0.03657112676447639,-0.0035241324502630683,-0.027900759790712857,0.05088322762538457,-0.17760775746700982,0.04545269170013888,0.8055583156330429,0.4515871977037764,0.25021358304417746,0.19911035959424842,0.05309127798878431,0.21064128676653995,0.053736687444508505,0.007410146044330226,0.013287963313639956,0.16204345093455305,0.07186488250873545,0.7403336068624329,195.40900900301554,1.500439230795337,4.280666955900279,0.18833309286955363,0.19886369960403194,0.41029786476851826,0.17448707226358215,0.36116910229645094,12.407790290438555,-0.14092714222253422,114.97008863426801,1.5493560777545405,0.15572080947228992,0.6242224557205482
66,0.24135305385648165,0.1956130769126835,6.13092876586485,-0.11219369991983924,0.035518238747506384,-0.0525114958338535,-0.10846268054882525,0.013482731086855878,-0.5931653220451136,0.1668478500444928,0.8081877756346125,0.23248498979536517,921.9943572120578,0.058679938800937984,0.09898621144932618,0.062375216940495755,0.10010319962260979,0.004652174754824905,0.0696109697090265,0.04732004416976051,0.14039991013009867,0.9786768110650248,13.35398856275323,1.6200167366551446,1.4672824324891325,0.37761147327181555,0.30322229931448313,0.5253234119391612,0.2472711145995114,0.09436008676789588,9.175868812421854,0.027253066230972397,69.14998901905123,1.50147172595201,0.790554381523601,0.8931090975027761
67,0.13204503861071468,0.08011466065820858,1.0907498816159915,-0.381343578836466,-0.07566483446189357,-0.19338952874082976,-0.07949261657721494,8.755604584250604e-4,-0.06528687604344734,7.0882526557063645,-1.3522571456443337,0.7933973639246152,0.7332543903608446,0.5880710541925203,0.0754784475936922,0.6484379795793739,0.08244667632127274,0.0488743204360572,0.015277764120797495,4.755336259053702,0.1350659233241291,9.568799631537493,13.235952510321114,1.1282898301867945,7.0564542020647645,0.10777257952812169,0.30972130490586997,0.4134513239026941,0.42361821706948477,0.1423785594639866,62.93608375210781,-0.04919501723189574,14.598053709867536,1.5018382735381024,0.14699534345762788,0.8743252018480375
68,0.6303270295861645,0.3328312918635648,0.9365593895631502,0.0191579193560322,-0.07131520092612685,0.02367103510637463,-0.07233531424744628,0.0184060163870815,-0.21071978233825658,0.08028987589081803,0.8151922451525478,0.18922614363984117,0.5128251808984039,0.07551534945076768,0.07059760769709232,0.07682483398228503,0.07213736376917056,0.002783839986613799,0.02034813505098925,0.05267768876090803,0.10270574568197298,0.8645740219609631,28.347775390884973,1.599476391222693,3.7821205747552717,0.40494402428707177,0.20495655518102787,0.31447090400491273,0.10895020582720695,0.3707602339181287,14.62900846157518,0.023633739358462184,31.952451142125895,1.5584798858095696,0.4513582774324965,0.6403873303998427
69,0.45772090152712075,-0.25524566413527305,0.9006455361633918,-0.08247867256180878,-0.0232387214551944,-0.18689725248298106,0.013466364881831802,0.0110642361041198,-0.3262428035119454,0.49538098601481817,0.8504942680138957,0.24632242973747623,0.675337891247856,0.10524329314874371,0.06383627931382972,0.10457209885192455,0.06815609143398829,0.002477753102542298,0.025497836356719334,0.09337464829380947,0.08147071149280968,1.0051294808304077,58.95309953917542,1.3602427628294853,2.822708426159855,0.30390847667153503,0.09284495469333615,0.36314842777814943,0.293208572058149,0.5459317585301837,18.224467949335015,-0.056708065618921784,25.44204770856561,1.57355809865948,0.355835433015032,0.436357677215822
70,0.3943173395150903,0.22730843180905416,0.6432552202732873,-0.6401605831095325,-0.08209503443435015,-0.13105646561589662,0.0027512822766719482,0.0029602065922382246,-0.015037426251268108,0.672466956900373,0.2542339420314386,0.294440095735891,0.3778178396829544,0.24162297709043346,0.13495931423859792,0.20636147839556065,0.13603341810145414,0.001053430745999524,0.003522868198999559,0.24160929054265254,0.06444373790019572,1.0378605693930538,-1792.7393407190216,0.6196275545241196,57.34001745791553,-0.1306431645267193,0.05181395073793374,0.427422384148463,0.18562169863050232,0.2845849802371542,147.0907763712049,-0.042743988371967585,5.545250038132505,1.5003985226007148,0.16804663567241004,0.6160450566047669
71,0.7771903826999441,0.2651694197081723,0.2908954141645347,-0.3079675264026338,-0.0012641130575323436,-0.08242715550467475,0.016040821303974415,0.0030254403421019313,-0.1151513091859594,0.7651624070698433,0.6955014659050502,0.13150151104991442,0.12646007882069926,0.09579097910276266,0.048006922764427425,0.09482790107606452,0.051414981283040034,5.595945739819922e-4,0.006726409010137682,0.10430617253011094,0.04612942576583741,1.1272360745431036,640.9903626157504,1.0575751333783106,8.351648820294532,0.043280851774659956,0.2273790420567083,0.34998426511976144,0.3258470188653575,0.3793402777777778,77.21178080190235,-0.038990715059819936,12.300565677561236,1.593645990798629,0.254707930683325,0.5907402556311474
72,0.031896286589304504,0.2936167555198889,-0.13831536381997292,-0.06953918731674631,0.1535779650541013,-0.05684605520435991,0.049281487159885895,0.008212732807602346,-0.5487201740080025,0.07201940120232223,1.183923580097749,0.5051481381235838,0.7181998856310225,0.04951220778812197,0.08360751389326881,0.05245298543491901,0.0881209252734461,0.0023706059193127865,0.05317344408835825,0.03219524396099837,0.14576731199994855,0.7868078598200321,20.91427536394752,1.898712038715459,1.6535836830814243,0.23024895166021575,0.21753600622258512,0.45336610403106337,0.32366354858683094,0.016363636363636365,12.798658424707122,0.010841883882739095,117.5251449226607,1.6211489077816024,0.7269201588166756,0.9835355277642489
73,0.1175510427049553,0.7196909091223126,-0.7880034767344317,-0.2374546602759961,0.059702064688793174,-0.028605727754697777,-0.03618117951619696,0.009812375358982179,-0.2288209371047937,0.21706270815328832,0.784679976217878,0.2193589291656625,0.5042888597154979,0.08100074742054136,0.05206820842450229,0.0882688239685783,0.05566364499519564,0.0012687004082352748,0.014517452992041244,0.047821837263946856,0.05869532227481013,0.6672417962164041,107.32276825974837,1.2348590642809938,4.033054921165262,0.13752285653212803,0.3422894511051537,0.4346795814969173,0.3347139993436545,0.19545454545454546,23.226198945410015,-0.004565529072229573,85.51053289633795,1.5676754038784355,0.3304009781309353,0.7935156323177358
74,0.21052632514305794,-0.4394877030345174,0.05375217045210834,-1.02663182191252,0.029614956829623163,0.0462358561172887,-0.005190237555743844,0.0015713915352744984,-0.09553977124966895,1.541731001733763,0.7210295855338431,0.2060727832358116,0.1837772709842616,0.16718144828679415,0.06896888843153728,0.14814912742747113,0.06812934180901575,9.599859426780671e-4,0.007708758716212269,0.2845930438416466,0.06272630255369142,1.888292852318898,515.6296273103326,1.067591436118978,10.095856184781027,-0.5895976635918869,0.15431375814668924,0.4666491151502561,0.10288766447365669,0.56884561891516,105.87883725345291,0.026887570016331883,8.446211908599233,1.5501851826424264,0.2860288127088653,0.4433821508809314
75,0.3200514812154441,0.9474755983059576,-0.40202868051687823,-1.071050198938205,0.07862799644772699,-0.5204041770303012,-0.003053537630693132,0.01744064459494101,-0.5240438319383832,-0.024374549607640635,2.817842375335501,0.578016784302533,0.44524437403481654,0.2858883422340082,0.1184299791323284,0.2651566267496242,0.13089080132245054,0.004706962639937285,0.06859450252972436,0.10079323558421695,0.3824709583103228,0.47611411323424113,175.3955353686907,3.3183310381773827,1.8275325515219205,-0.64618372840919025,0.021005455580346166,0.5034944669767418,0.5383560949799542,0.19457013574660634,21.82453122339216,-0.2141238292384661,55.566337455972565,1.571613967616012,0.2970493069470006,0.7763179528086483
77,0.16294811933095502,-0.03781955816336781,-0.4922911661897945,0.02825893410559874,-0.06226368163635532,0.004492243978897848,-0.04637269726526601,0.014170560593361097,-0.0916749719543866,0.34878321293958287,0.42148722862226795,0.16332627086192902,0.2232813605243429,0.09544575060948927,0.05345740636818091,0.0995526008432902,0.05526245891165909,0.002798259570694709,0.008730882091453743,0.07678294380078256,0.05313682097970933,1.036919853295491,33.52548300100999,1.109623868978176,7.370631286974807,0.4626502640636795,0.2840392688683908,0.3721276483217254,0.23317432762422696,0.55396370582617,15.682059503204336,0.06978506770417665,97.25283396665063,1.543060997331582,0.31190933532252213,0.4440974794682609
78,0.16559109327520227,1.5015755639684347,6.162929425834444,-0.24960192164061953,-0.020074258977358525,-0.2720590883336841,-0.012847831584879572,0.017186673816841202,-0.11761342221806943,0.2946733179823878,0.7643163135577914,0.7473624968673911,23.348511455563756,0.18516361663668413,0.05119300691742482,0.18289473993118543,0.05383511626199896,0.003576840437532784,0.008476935513979654,0.14292006707958244,0.06506455484685622,0.8969507656144575,83.6602592588464,1.366593761189861,6.814161338965451,0.044653189528764375,-0.045135406135277584,0.27418085219202537,0.21407585061352694,0.04946236559139785,20.674161073345275,0.04070663952054075,76.9431534394823,1.628764705320723,0.14039100358258327,0.9427481029744492
79,0.11144709045768415,0.570044886658471,0.433773818733305,-0.1334736612745565,-0.005671719462656028,0.04714203006657125,-0.012933854675871888,0.03376302485979133,-0.12281352219744995,0.20254087368161314,0.6751977223341848,0.38949857374866714,0.20742590797659932,0.22187597030340217,0.04968837193439934,0.23618425765936962,0.050999764645465705,0.006735512937281468,0.009148788044620132,0.1948094607328374,0.06032860400237237,0.8454152349172139,131.58375001478356,1.3180720835697857,6.091014261874016,0.09749573066902734,0.20605933950397978,0.22529767248092783,0.14598345476153665,0.20773480662983426,15.406328323563885,0.088430879470666,147.06814493722823,1.6648477787598466,0.11169029714705479,0.7780124295532421
80,0.070901118546503,0.19341988349168374,0.4514691257942816,-0.3041893673289085,-0.05763874809120447,-0.21892033981860817,-0.0269928398488117,0.042912822938057336,-0.15259188056959855,0.11775935343760038,0.828011128661661,0.4510691299454799,0.3743929214518915,0.2678361643094339,0.052093722808870355,0.2718430895883496,0.052583657029323855,0.00861523470941225,0.011932796205003985,0.20799905389357348,0.07243574407339688,0.8773711349358747,54.351076458385876,1.5876229101599355,4.675003063893842,0.3549740321720654,0.09753654124762665,0.6015246514097694,0.28946404121742314,0.13745019920318724,12.392235886355294,-0.04668232394462229,146.67415926245042,1.4264298682488135,0.09694769248035719,0.8752290689152386
81,0.100909146360233,-3.30009017468633e-4,0.19931807148159542,-0.34304609008766995,-0.020911972170136912,-0.44351071297039585,0.012751899628392254,0.021474490924340797,-0.19380947881971722,0.13727964182323196,0.8966804895949578,0.29660749836952305,0.3807859832413322,0.1670448091753522,0.04832278364783721,0.15966878581782504,0.05021153486735157,0.0031120210051012913,0.011790313128268339,0.09137817466783346,0.06198741052991907,0.6684278432892791,97.32358636920414,1.427828691061005,4.433430398707286,0.15773846012816495,-0.15909236996687393,0.479872578045698,0.29717024263191416,0.3333333333333333,16.72988846573437,0.05683064014429957,87.6887462353366,1.5063940161003266,0.1215880117418009,0.6642142276307276
82,0.17328822793191354,0.13346400310904177,-0.03861086344950991,-0.7777539522205597,0.02824957592749306,-0.010055211055331649,-0.024600565573611517,0.019507873215991314,-0.18629460404019457,0.22827524263199922,0.8895724121774993,0.2935732743581923,0.15779688518901622,0.18916599084750052,0.045208977440624375,0.20396709725377843,0.0486164210202208,0.0026368573634335526,0.010583344178847426,0.13978988996243277,0.057322414506039206,0.7029336553523897,383.08220615679767,1.3642308248978898,4.798167874733012,-0.4535275240796158,0.34392245120790327,0.35247600406843693,0.3293770966896234,0.4471766848816029,21.365190125442,0.010973812354755245,49.865786723032564,1.6202207860105728,0.09435641731846471,0.5477042874365211
83,0.3298674781911083,0.7096738038081544,-0.2904480335948404,-0.1470095975421461,0.03120600009785281,-0.06010122151835232,0.028456169429440716,0.009330109277821875,-0.13041810190867903,0.19991820329264498,0.3744639511313889,0.31722643530717815,0.3628510577898369,0.07080655909563617,0.055966864708274514,0.07247981671092785,0.057874112981677266,0.002317759371049782,0.013646023385669673,0.045597966583020545,0.05899820048249869,0.9951406663495985,13.395456001090437,1.1696864141883425,4.664170582342743,0.24404639020914976,0.16440767441700813,0.42226198784914865,0.2529650653648012,0.26141450313339304,9.482336636758305,0.026455091659866224,221.68412803140194,1.5667427249047943,0.39333130444396197,0.7425115560308893
84,0.12517398353366005,0.7156556640524478,0.29415858562528924,-0.1965876509430792,0.021437429638503595,-0.14309596574437586,0.015883700540320508,0.020381501002570294,-0.2688770233762103,0.14197266817954446,1.0145502588265587,0.2463612069366864,0.33068918237715483,0.09691420462164152,0.05169457831927874,0.1000271205908099,0.05553614753143697,0.002688648502781315,0.017963196581658104,0.05952015400358186,0.07932272338847253,0.7372665520858571,46.42485154562442,1.6098441427328714,3.2175165541608455,0.0841171784274001,0.15798374263545698,0.3021422590089829,0.31696340892015334,0.3359073359073359,14.254544570899215,-0.15486630669147117,170.95114098349222,1.663807030246222,0.2784784158493982,0.6633039485871998
93,0.5825079687841028,0.06302229784330965,0.07456543249595167,-0.47852985140940196,0.0019818878358044633,-0.3159011379379301,0.021937992610477512,0.0064071856066547275,-0.13566645511542247,0.6392880447575696,0.6445424973622277,0.23221892752146156,0.2152822041950098,0.16598799426016017,0.05256206521803237,0.15544067018087832,0.054424297798778463,0.0012586118673933227,0.009042675740352751,0.13228968654274656,0.047897369457730946,1.0125658110840745,214.6108216218852,1.0178202636887326,6.815088480550592,-0.1820645690603479,-0.13282669758598245,0.2984471701848585,0.2050124329624252,0.39576719576719577,34.64502286103542,-0.04576928130823865,37.973195804992365,1.6366077630069664,0.14385154449899498,0.5612038439305523
94,0.3914646307834048,-0.3378144907478092,-1.7241090125108813,-0.68192092713656,0.067692132329168625,-0.05598996626911964,-0.039085223561222265,0.01697460186916363,-0.2549492995817211,0.17026269629309346,1.1572504439001758,0.2664103678631048,0.4493738052835206,0.13283517462710984,0.05435604939206627,0.13919653489137931,0.0561528334213341,0.0023724146073659594,0.016313157561540934,0.08020004779875625,0.0811160374372325,0.6673822292712994,123.90733253968278,1.6543699768783817,3.5714993783540536,-0.2782828713813484,0.260743094944504,0.4713301880843803,0.2776478376524013,0.2803347280334728,20.050410816148883,-0.04425606819143948,73.85860856495782,1.5550912659863199,0.2219406639733584,0.7185217804633418
95,0.16309492903016232,0.18052539319270988,-0.6485359698711534,-0.5115155076012021,2.496841178609678e-4,-0.1575929659959889,-0.04785628492580643,0.00858571597238865,-0.2147996333248178,0.3900921221840139,1.2245381997632439,0.2738305454115912,0.9107958996178179,0.19607674946137754,0.057491431556226456,0.19749667283413186,0.06085505389120017,0.0012264087649279704,0.014061613482590812,0.13768091969509036,0.08616133468052158,0.7648665279105156,29017.007530437193,1.5993126054897455,4.475878802973504,-0.25917021210795693,0.11670493212188063,0.25259497961110616,0.2264416131920631,0.10998552821997105,44.898284021339684,0.0442954193783922,24.219999028979114,1.668500056595435,0.11575200994366865,0.8867931938025929
96,0.0772133516647601,0.30148251716015,-0.26350476503457254,-0.3141507197090923,-0.061313263022394544,0.19259336051055473,-0.07994813503949524,0.018326405473956187,-0.3181696134559939,0.11538563536248787,1.302258636599977,0.31120263921941477,0.7222165021701118,0.1502837289212585,0.06819358670998467,0.16634472714961254,0.07023375070129274,0.003066112715473259,0.024942701386435666,0.08285087541216794,0.1123571481055643,0.6154314541942504,101.80556303629888,1.8023044554317396,2.8875140194585174,0.16767844552649597,0.5183112198057731,0.42051590221319374,0.2457697242557231,0.1327683615819209,17.923815155087294,-0.0805402142430275,115.60067865132957,1.519184564952639,0.22741915754369288,0.872087678418929
97,0.27601527826802413,0.12699133800170714,0.4207616596207578,-0.44340271290092914,-0.010186475626759103,-0.4091385421540313,0.022048466792973752,0.032995313114172684,-0.1499449375142709,0.5047582110609523,0.6942361991757261,0.34206376571610814,0.26654280738968983,0.22969549279959767,0.060880081203116256,0.21250926353232374,0.061556939257264104,0.007165511934580875,0.013554409445696334,0.24618260378668544,0.07614045825784177,1.2010898820267455,51.843336312743034,1.3905678701415192,4.944885965145208,-0.0563476968456586,-0.2762977619251208,0.3768685404285114,0.15488924702188428,0.09487951807228916,13.35088580993453,-0.06389128422433492,85.05050510533724,1.5718387264497446,0.1115923806266061,0.8936692314870829
98,0.08488223475893993,-0.5181082548199606,-8.75166412037804,-0.14705536659306695,-0.1208713708766793,0.07520998331081061,-0.1980500743579468,0.00791567212198453,-0.38132404488353233,0.30656227316993173,1.6001079473685298,0.3550380525043572,171.68165522788365,0.2015160297454955,0.11187611316016408,0.22604179624306223,0.11678633237067876,0.0020240970436763896,0.05003303090239867,0.132737516048016,0.21757010579242014,0.7400654586215372,157.5553092445171,2.033611132820135,2.5278908869637564,0.2812192294758086,0.48434287269338183,0.3074032251921962,0.2110828150246244,0.2765957446808511,30.33105289493444,0.263744817947609,32.657519510432195,1.6131309578151005,0.19836703852844603,0.6485398510456729
99,0.4431002315356885,0.04516162123821725,-0.1567036256626576,-1.1713578882143143,0.41033436953105856,-0.30103166428568917,-0.069042560851211,0.0264130376534262,-0.19208456923012754,-0.25553683727641646,1.2291056855882536,0.32973472476092347,0.3113663504711621,0.10356390939663822,0.056651039450069274,0.09287246306063983,0.055851967832150046,0.0036880825065627836,0.013789744814730618,0.035834872662185185,0.0936130980002699,0.47694319322605155,28.612363324466727,1.9615857160907217,3.945589787303945,-0.8803637042109829,0.04067643771037238,0.70132855353439,0.27266554114485053,0.3231597845601436,11.91273498127901,0.1330913517510964,165.93813995249087,1.6451532438132055,0.38987949994628146,0.6911157577412845
100,0.5728347814347022,0.061918835274602964,0.4771038504039093,-0.07546352549490046,-0.019933208612328484,-0.03654515359184984,-0.025861710374946657,0.028015531610011905,-0.09497297619814049,0.21352392221294964,0.4719663057152442,0.1801898741440444,0.2505888478337023,0.10355271061993104,0.04941552091360168,0.1116847320705951,0.053257731782120024,0.003649017917720522,0.008601302803231467,0.09615342887358572,0.05830929393799533,0.9868392390449201,43.79817451027437,1.2452816225472148,6.857745886162303,0.28856497665607805,0.33406007309592367,0.34409529353865,0.34474351631282685,0.26141885325558795,15.204376144237138,-0.0073616195232018315,64.25694100547989,1.5836073465422909,0.26733738085942754,0.7319246711893443
101,0.4256986951836357,-0.2022708458281425,1.806568891697982,-0.5115359711301107,-0.024013793727247226,-0.31986478799742574,-0.03526434662319632,0.014961944075265054,-0.20649372310093775,0.2467157760102005,1.0674171805256927,0.6744497514328309,0.6963689176434642,0.20805586921087346,0.059654735735802246,0.20975521793943547,0.06267186770004751,0.003565411733828904,0.0154520009832745,0.12248197302429056,0.08556071670333987,0.7444228465104116,84.21532305585598,1.5651242510259038,4.285775680073596,-0.05359611910115908,0.03154707820706393,0.43392605830170444,0.31614751958129333,0.3346883468834688,18.83507869153222,0.12410215054501003,80.24790539435776,1.530017958051744,0.1661733627179958,0.7114018500382533
102,0.26536461270617406,0.10498856906836339,0.3654178524780347,-0.23889270096400456,0.07018090017519388,-0.0644055625329798,-0.005070017904392311,0.033117568316134015,-0.17733825285036714,0.12471256402292288,0.6794915761774225,0.3338208843482548,0.3197851088349193,0.08025622370368285,0.048550103963695454,0.08565481549984418,0.0520383777267438,0.004318524773303775,0.013948955121065563,0.07070588447048566,0.07092105013304625,0.989712602846535,21.705126941825288,1.5444916150010346,3.898211685324001,0.01402320545198582,0.2514114543894936,0.3230968065911842,0.31074699901808106,0.10263157894736842,10.929004619737162,0.21213032175666047,143.22821173087868,1.6937543341153345,0.302670355159437,0.8936833123957149
103,0.1679702961558399,-0.14774556394583482,-0.11794349110247572,-0.24080616983542386,-0.03358466579230367,-0.04867773811177609,-0.06751844596180089,0.006252016701434238,-0.0876482872932672,0.4430547034660055,0.5889555127526762,0.22703281944043494,0.2690666849524907,0.14952876224424402,0.052245772479165085,0.1549259994951986,0.05548896261629279,8.713312757011755e-4,0.006079455609342721,0.10631742284821434,0.044427935001675495,0.8150333939100178,736.7638728758535,0.9609342031966885,10.497851036736838,0.23461713376202986,0.35530223947648154,0.44183863780515004,0.33646153162645676,0.4702258726899384,48.0811209221578,-0.029381317573464964,26.905183833653147,1.5225372394674013,0.1374571548244773,0.5251463967597475
104,0.08939969769171165,1.0003592834527817,0.6242227492476076,-0.42917315008516504,0.010222020172621875,-0.4320439443333691,-0.007350777144535557,0.025246050414882117,-0.10142316968469298,0.596181149344335,0.57004930048508,0.3887234098792068,0.23924242865031972,0.2199832132854364,0.05113530389095622,0.2097315017291486,0.05441886221549568,0.005680392792007534,0.008264438403923649,0.2524639355361342,0.05576925388849084,1.2088891995350886,92.8623269752211,1.1827573506758335,7.276016049583068,-0.055059949242823925,-0.08663078283849246,0.384335221014963,0.3380623843503411,0.167420814479638,17.07850173443447,0.12180937355518313,97.16998746231185,1.5802965423533237,0.09428985461899317,0.8083042266100887
105,0.13748987645619615,-0.25734038746259835,-0.09256598082171295,-0.25151383439879726,0.007047987045220434,-0.23502587107935644,-9.088645106699176e-4,0.019397823373581292,-0.14095463354997936,0.4590909094083829,0.7644202513484156,0.26389792019415664,0.18356125091219164,0.16730099738472007,0.04510275128962912,0.17176828666795008,0.04837533865135378,0.003222572480998721,0.00864443098730375,0.1664716206232413,0.05489257580137859,0.9991998574921432,137.8134051920669,1.3045291994321762,5.966279361425924,0.06839901466320064,0.09433723712580452,0.3269608361072183,0.32845424369449105,0.5291970802919708,20.087799522711606,-0.03064683347483345,56.347901026829696,1.6173593623845062,0.10613243827145005,0.4800608216717802
107,0.10386319989841211,0.19081069256515765,0.0422651573207895,-0.1537001181201787,-0.04867836205686339,-0.14992986907571523,-0.052830840796823444,0.022302933973682403,-0.26299293679486874,0.24340996165958603,1.2860499993226342,0.2603490687755812,0.18795022552814836,0.15259398951042555,0.054472524102980126,0.154291400399139,0.056579376574278376,0.003973237017548487,0.017531192922342065,0.11366832789929666,0.09722478751907483,0.8937936929387436,48.107485453727215,1.9364337306017916,3.2670913501126515,0.33893370412968077,0.14960814068428777,0.4439554601929961,0.24670716896317957,0.7412513255567338,15.35502292364557,0.06742112171650039,130.09951532898174,1.5114440537271179,0.19436427156348815,0.24049292690883145
108,0.12636272620170647,0.05349040083754105,0.06199072862644257,-0.700628303386581,0.004471556053769349,-0.28538946952666183,0.008271976433168826,0.0045124715153970095,-0.1005022251856491,0.9829039903578536,0.7033068969078358,0.23010760168039765,0.24698974499112175,0.16051357974521302,0.04785876891821247,0.1546331607671459,0.05239360931966594,0.001062459830584041,0.006075833803777056,0.18799492712048543,0.04843776612358362,1.3751651507552123,331.97280641893207,1.0955680573051945,9.256945740579859,-0.35233166838537733,0.10806717136221078,0.35276819105497303,0.40172861732204146,0.5732546705998034,52.29601627937053,0.056318116405525205,22.261992376533616,1.5945104457795034,0.13784202341141047,0.4137775243492984
109,0.21328972378440855,-0.21161716881470102,-0.3232882573657689,-0.45302749166830664,6.429745771557822e-5,-0.17003656798239386,-0.023346925392845636,0.0011400680329759472,-0.08396978983746613,2.1486521295559,0.48999854121352737,0.23746572574667435,0.17150957633334907,0.16809827500749752,0.047778346799766544,0.16912434410167362,0.052082296765256234,0.0021210157011901758,0.005698304807154268,0.36489391704699814,0.039453357599352895,2.5636806230031244,89.90896847743842,0.9050270346607515,10.391530116035849,-0.15320899177320713,0.20915781862057342,0.2998827973528151,0.3558474612101217,0.5210577864838394,33.77433261834033,-0.0401623444557978,27.232445995503173,1.624011663820137,0.12785901198783073,0.47941214773074764
110,4.061914407339608e-4,2.3097482105528915,-86.07490838213945,0.02112684132833715,-0.1418447358730556,-0.02913373439291039,0.07230295473920494,0.008036733126755949,-2.231239207017625,0.07010230430559147,2.202649173667907,1.6133388775015773,2417.334223716325,0.13904353468814845,0.16710473624250097,0.1419989708333979,0.17706189856867996,0.00588875714952325,0.40118051788166703,0.05738667718598662,0.4211411949695914,0.5241512284284899,28.112132919284587,2.6566980977908052,0.43958985446399185,0.5558447254135844,0.30867506447246273,0.39287314821219166,0.4101117536045781,0.010309278350515464,10.383069338261464,0.011576450164330208,44.19128467352665,1.48808792540304,0.6029525883914493,0.9852566615357188
111,0.4043238488445147,-0.7899665189432767,-0.5951258760656309,-0.34504659964360135,0.05274979311008236,0.015007659823916318,-0.03528861696446864,0.01250037446929848,-0.15787492203433273,0.12215318011771932,0.8746580192756839,0.29566068207802193,0.5058398341201874,0.11399636217355193,0.05855948560079991,0.1182746953625511,0.06006814923696893,0.001818666379668288,0.011559757502909117,0.05931176371247211,0.07356462837190163,0.6258423654496397,115.94205214005183,1.3783472046076042,5.586582978662805,-0.03615259217578981,0.22848663781436995,0.3616438005778939,0.17819036102598498,0.3400473933649289,23.64139851553615,-0.06436014046905401,73.33210407953496,1.6154715471952166,0.27795639087583174,0.6969091721266129
113,0.3940937917653798,-0.1559006520763611,-0.12555564215272202,-0.4516846055499804,0.03288317394452439,-0.08336965777684353,-0.027082581513031025,0.015393873959694007,-0.15161654313166026,-0.07105804879558544,0.8138103000999892,0.2696784759956515,0.23049051322675002,0.12603162954020644,0.051979773206765195,0.13454259277296335,0.05479059868164806,0.0020626887637392117,0.010394818552720805,0.04424849350391556,0.06129724690811379,0.4109395508091156,103.61904827829152,1.2958078997046902,5.660554042835474,-0.004531872920884417,0.28550781537336734,0.4800359065736204,0.34179489163717985,0.309452736318408,19.513975769386494,0.13526386669926074,95.64254368483778,1.5431600526395168,0.1967297432739229,0.6947591398290415
114,0.13710764191347333,0.02123851698903595,-0.28558313541825886,-0.4680578011170935,0.03944874323531499,-0.30232321912120075,-0.018320209474780257,0.017560231319648713,-0.14341210371027113,0.08277669138420436,0.566108346012413,0.23976728716292403,0.20710294969298187,0.12539190173524165,0.059067379078749364,0.129839557712976,0.0646509013737341,0.0023003007455244186,0.012310673033623577,0.0634453461638308,0.0590012885870661,0.6032141308384095,66.95578345701458,1.086545785466618,5.684803845798757,-0.08082191844785958,0.14723843197562742,0.4266846259045489,0.4312414416220479,0.4106925880923451,16.076101435099208,0.03304727738890292,57.989362519651294,1.5692126853536328,0.2593820766665515,0.6023542472231949
115,0.19647992719591328,0.2051976815960213,0.01636585709909466,-0.3846278549825657,0.03860286167222163,-0.277573830593911,0.004714324958735609,0.022211358889509973,-0.18723206787508684,-0.02271276730118645,1.125846659654429,0.20103474575993313,0.16583056195335455,0.11590721203660036,0.04925614361972446,0.1228934164465577,0.05443880577677972,0.001952085305124871,0.011961142421715133,0.05851258488202844,0.08017928983254582,0.549722459933051,213.13437231813367,1.6982818868886664,4.669944600927355,-0.07589997494457396,0.14500488417438773,0.3473307417102134,0.4272930397270343,0.48415841584158414,21.780214720503793,-0.04105527190269825,72.27163011795108,1.6297670121403929,0.24480198212035306,0.5100709731783851
129,0.10682583687092495,0.17298854189224383,-0.18657013826775035,-0.6127314961296503,0.022074024748126725,-0.24637169620340696,4.8582282485858504e-4,0.017353264315979777,-0.14579251907783236,0.26904067480483923,0.7126512824956097,0.29452559426602937,0.29134928879490346,0.17505632625642056,0.049139798400921315,0.1762273731458062,0.05179822282102338,0.0029494048075610663,0.009538360833468472,0.11781730024178624,0.05374522924032509,0.765469760089617,113.75271423647477,1.2090803677803874,5.816091158210026,-0.23087586995171433,0.07427344426640012,0.4039296509260627,0.32113096329466567,0.6355511420059583,19.173415886173476,0.002367022661602835,58.98698655921916,1.573578360712349,0.10614676318247825,0.3888044464634548
130,0.6522484304384312,0.05158104055464955,-0.2837195941581546,-0.3401520257291428,0.003663006568675865,-0.19728363961682172,-0.013393782588958236,0.020319301265681124,-0.14955164173516405,0.32641489621693615,0.7007609710341782,0.22569886805665101,0.2277471731326023,0.13777607441412082,0.05358141244509508,0.14148854299068223,0.057097354186396346,0.0036908834865070094,0.011484090466960766,0.11821467378922572,0.06593674229304688,0.9419854192099968,57.88014641615021,1.316331494027239,5.343363913676421,0.0010388110334178524,0.13959594750107174,0.34485384333123653,0.3234858045289352,0.41368078175895767,16.31028067469378,-0.030388785995743798,71.27000847874032,1.6035115267766138,0.20853609374609441,0.6030543110192957
132,0.07922811326425729,0.7480324337195926,0.5919577963351581,-0.9898572306840694,-0.02695704334446727,-0.5705277238245752,-0.04528809561373824,0.007123227180189947,-0.08856556713640096,1.1367075991395021,0.5573783097015279,0.779835285378653,151.98154620300716,0.30049842987800607,0.04854203759123835,0.2920691674999565,0.052905788286328366,0.0022784722882873577,0.005898848653807697,0.3363153311521222,0.04134899026964362,1.5116871622975483,368.8793604599338,0.932357872859574,10.162631813040921,-0.6376523427399527,-0.1616657503861419,0.32524784459964945,0.363573877824695,0.8178137651821862,39.04232306055841,-0.13506808930636044,32.558887687357654,1.6028798277554492,0.07428723672864491,0.182645287200029
133,0.0902536987101632,-0.00549038927797606,0.5587850127995583,-1.0381320875969549,-0.002312651792876801,-0.13108847324526865,-0.05112780396949535,0.013379507063552188,-0.21272318846850635,0.6107291135835302,1.026504270872501,0.33416374004750904,0.25956092624113003,0.20778203658386818,0.058340090455726724,0.20775017826214445,0.058590725759483146,0.0045560513731075685,0.014295934223888243,0.21664831354710246,0.07574349106608896,1.0864834974668458,108.71310148431049,1.5022586547558165,4.249871738221564,-0.48084334650795535,0.12412604853818612,0.5549760892961227,0.20408671781395943,0.21536670547147846,20.89776377042899,0.03369356524447972,82.03273195445561,1.4764849635510318,0.11396026769108068,0.7825091147315253
134,0.06620676936128382,-0.6321266134206581,-1.71799170468277,-0.20952424938396214,-0.049609671166210206,-0.24864945051914358,0.025771711756449184,0.01853622110682298,-0.20873115208684814,0.27727866034821985,0.7548055251677256,0.28905086131245117,1.7848015533299109,0.16759282456966,0.056483715722014265,0.15730173374161233,0.05596671392338192,0.004208311194003194,0.014539806873709255,0.10599269212054116,0.06202796666392551,0.8200407518633557,44.37845794571449,1.2975676166828616,4.003189284383215,0.40697883303106847,-0.07857320606131657,0.5668934112488204,0.1958479562142762,0.5572033898305084,13.176061661733725,-0.027908565618460286,153.88466497780112,1.4500132339679261,0.17520279263071814,0.41605633953393445
135,0.09679269585518373,-0.14210983512819383,-0.4097704958160775,-0.34604776380674906,-0.011101005070270857,0.042081006077269535,-0.015371688139430096,0.01342009307305943,-0.12197249707253963,0.5696652773506881,0.6046407246233312,0.2798856675590357,0.20711593662403013,0.17712109126567097,0.051239151693368616,0.17857957997322282,0.05141945893219424,0.0033367050672566297,0.008665022006368076,0.16316932783288254,0.05041824132053444,1.0892762471818602,68.69066446405202,1.1242516944545033,6.668862537748953,0.0696540370007292,0.1855167673112118,0.4046007957372074,0.12806407309451218,0.6404494382022472,18.64997550573576,-0.03844365969170574,101.54295913433229,1.5498392418134344,0.11081243215643845,0.37564834266479497
136,0.39916716687213255,0.38587624439396273,1.0352103758275897,-0.30862762104211994,0.010988913556515848,-0.10055238621699997,-0.04396992417365896,0.015629584509702515,-0.27296832166949275,0.07509471138461027,1.1671168500339986,0.20949601595726783,0.3452216881271137,0.09701679737980153,0.06439110776410073,0.1037944928152408,0.06717205532069431,0.002939560748434511,0.021714893048493823,0.0568409352343051,0.10510179151563742,0.6977148746885424,36.43307653319376,1.7897370133379307,3.164101450159823,0.15332478852243125,0.2643075621011198,0.472941323121067,0.3208900241444608,0.12086659064994298,14.550448020187648,-0.062415503439971216,106.1793300527503,1.524590571608478,0.3245606241006366,0.8511850096752531
137,0.1201333301071648,1.0743075679561247,-0.42675238549605626,-0.02143890457178514,-0.0327315925099596,-0.3642625851257011,0.015384680493142736,0.08417519481521252,-0.18216313069424028,-1.107570234855387,-0.36108362209524114,0.3708211481923027,0.21082358008727362,0.19957374244350315,0.05358782396032806,0.18795140148345182,0.05715043519589288,0.0076418278846931715,0.01718396382379408,0.18883447191198174,0.08867668097854216,0.8768502872702726,83.77745126276116,1.6233369000304185,3.59357123908207,0.4264628910786288,-0.03688805847137644,0.41517020314045433,0.3427592071474674,0.3175303197353914,36.81566743781679,-0.023407828963282373,32.15640879969859,1.5300323219632095,0.1778966209625554,0.681892920310059
138,0.1255814614281837,-0.2769182531028963,-0.1706647600580955,0.29933033435943773,-0.06492113367792936,0.0906744383496526,-0.020629564493032,0.11755726722864666,-0.08462063374073488,-0.6628557657807204,-0.4557897364474699,0.5337428001612408,0.2036476694172263,0.3112153636462608,0.04774107678662755,0.31027906617014483,0.05132250655978529,0.019411788999378607,0.010466721438739647,0.5572434358824313,0.06255706405105622,1.1582110318870804,-76.90835071190166,1.3652770612203309,5.286099238160894,0.7268641585578773,0.45463342217599156,0.36261269052051026,0.34332941933330696,0.5551257253384912,28.30679986291963,0.014499884797310514,48.54895103676995,1.548777677352223,0.08535291124925448,0.46076828689386296
139,0.538244132037897,-0.03065207338426593,-0.0727554115608579,-0.42482390840674905,0.0323525088333086,-0.2052519145559876,0.006463133042355541,0.0163529860047188,-0.20129384502098419,0.01894702112039186,1.1077577584825251,0.2591324073370062,0.19451659506210647,0.11467251714363162,0.053360356705823404,0.11797915316379134,0.05701996216757101,0.0025309446175704074,0.013445684892290317,0.0549898099047085,0.08328135797867321,0.5736026487538949,82.29544634671164,1.6624133861160282,4.351644718668883,-0.04429671258632445,0.15481513654122717,0.4128797046537332,0.3665301841395703,0.24483471074380164,19.316586128163497,-0.12796619791827782,118.89431939418763,1.5815414535135803,0.22577482715856947,0.7530136966463231
140,0.2069750671703674,0.03658145167242006,0.8699848267041772,0.11455157056815451,-0.18797237747397127,0.004337898769579286,-0.09323885998159802,0.0016171635064746806,-0.007184139549644583,0.37133951705151674,-0.10171619808719669,0.3902989235632057,0.2585991681427554,0.08327991757155413,0.06468906664864323,0.08617028289789629,0.06798756466308924,0.005741364570580893,0.0069948150744922125,0.08545942079404054,0.05112387779739614,1.3490333006987378,12.618726982665017,0.8759775855600244,11.357364044678562,0.5030036961697749,0.297480412851609,0.20047974812764913,0.19990365410043165,0.6404371584699453,12.080220229761785,0.052393530782806265,165.7790407253326,1.5587292905769998,0.4627251778568505,0.3750063832324733
141,0.06892776849087999,0.5736658102203687,-0.13921290754930002,-0.334708484144117,0.03102903393782205,0.06876067469914394,-0.031554585683097464,0.009279185105685707,-0.1589369735533469,0.16710220393873085,0.8082612995774217,0.2230689980164939,0.351354082917316,0.10427563881446542,0.05011079596603093,0.11340592094621,0.052949776312270685,9.420367586646839e-4,0.009814459354207479,0.05327654374760393,0.05623959439692308,0.5775889065547269,273.5757186715228,1.2187480021934176,5.818301863324213,-0.016916692041150427,0.39751310920410204,0.3488208260407886,0.2971978488218606,0.11803588290840415,31.967914872623346,-0.05099170013517241,36.84127563964256,1.614373135903301,0.20350066041841813,0.8639740510403411
142,0.43827546932401074,-0.5801664824622333,-0.23511896228870544,-0.36515981421470595,-0.01622270827850953,-0.02778071155838983,-0.030769574765754346,0.06989792117457712,-0.20163810086939393,-0.10801679350343264,0.799812015454473,0.2960560654659319,0.36539261463550476,0.128164210267252,0.05448812305347806,0.13452183944033458,0.055022732046174486,0.006955203564350057,0.017468626716974682,0.098925230181166,0.08387802631536864,0.8058009697369972,33.55487928271812,1.7136297786949028,3.3185332593890133,0.10910252723081298,0.19888488421801573,0.4580396331670094,0.1958960210106512,0.1864754098360656,9.187885434027768,-0.012473863132668796,32.871059171264214,1.5100822680840325,0.18784630361075383,0.8294672675270162
143,0.3996018080004558,0.2994817961155897,0.32247179096129347,-0.14429079370626713,-0.005644097076642714,-0.14607022239109957,0.00328142572977685,0.015528235860587164,-0.16913869340586918,0.2791692944344187,0.7279598217926418,0.3283296824896131,0.40131833605573247,0.09550997175421556,0.05334694598433064,0.09900957444400603,0.05696874896699405,0.003252075430209361,0.012750583386851089,0.07231695444392901,0.067851229520089,0.9401556906642068,32.496573658954624,1.3889462180224301,4.641676407698602,0.3043211532420625,0.20100960799131834,0.4429678498716869,0.35036125611219476,0.36750483558994196,14.385334951462653,-0.04160073694095002,175.72246330705,1.5266264704244572,0.3078296775899734,0.6118757317701409
144,0.3538576790622951,-0.08684806468549829,-0.15078025565566175,-0.38169775523641775,0.0245059999395345,0.18053198112904467,-0.038756466614058564,0.031027730812143783,-0.17671069903930728,-0.05078380899464752,0.8981524605638342,0.3927283681527551,0.36405094049957265,0.13939806884190523,0.049751866542878984,0.15920713804824663,0.051840019206749216,0.0030584665121183782,0.011627580939121763,0.07317055494854495,0.06774346427133338,0.5300608105554871,283.60148106779997,1.478997080113969,4.733402812955242,0.008037282141799496,0.4884609486134602,0.41424103731775175,0.26917250087035693,0.3181818181818182,16.67929770953823,-0.05023983067176796,186.17179591977205,1.5648592709274696,0.1639876687610134,0.6808455237992638
145,0.11781793453754684,0.2983067911197769,0.13278982992626306,-0.3452626783998891,0.06978821948674124,0.00502151772466366,-0.05523633463038465,0.008163085423629663,-0.233315701319799,0.1638172402730317,0.8779792752965383,0.17268682773232322,0.4642224561705418,0.08902783805171834,0.06122458747073013,0.09427648264159691,0.06152885018549125,0.0011314929119882785,0.016473977060516454,0.04292293110163408,0.07033650283136446,0.6118550803849263,90.44305224011008,1.3260171154084328,3.95983981157636,0.07514875592461484,0.260757634912231,0.4901996538112452,0.20049978255718268,0.16058394160583941,23.315098411961216,0.057838099247598196,57.40324180764105,1.5427121653788225,0.39282781104001496,0.8556239500031895
146,0.048947289873872445,-0.14405240097213703,0.34547079580430673,0.18058219406871118,-0.2375298370421562,0.38690490961490165,-0.2810687469459765,0.014954312427219675,-0.29757181995192705,0.47298027950852906,0.783912444530192,0.40342229400680785,1.0832287170837722,0.07880107760937051,0.06307655024907896,0.08950948448633518,0.06356954234495606,0.004571997892144005,0.025269224765260265,0.08267044832317519,0.09537250119495601,1.3714188771462532,14.43384565100239,1.6823510421679164,2.6191192603859554,0.7035182154972497,0.7443707599464039,0.2854061843863824,0.07639710338552574,0.06653225806451613,10.652861748981493,0.09417396030265966,55.4881958179925,1.502732383875641,0.43860887958160344,0.963262160660052
147,0.19938499327754597,0.5048175444815597,-0.9049948143488713,-0.047362208638238486,-0.017998937925777735,-0.01879090261088686,-0.03246344152940741,0.028703561745708064,-0.05887477218067663,-0.26376163769222627,0.47569031637332704,0.4173367418591366,0.415627601153081,0.15966061033494952,0.05081355680898725,0.16137278284828566,0.05206288926550169,0.0026028287409775425,0.005196951091506136,0.050415004862164346,0.04959588687252708,0.3593698675745355,683.0019860270248,1.098821821640089,11.230597365653255,0.19565907604338245,0.14889485120946153,0.2250223467558432,0.13522231229094098,0.16056034482758622,20.520632588434765,-0.06598694373309281,76.26648556344578,1.6705424492180116,0.12253427406607448,0.8277606734574856
148,0.6913988451240005,-0.4483484348541423,0.4159762542309087,0.055913107612162276,-0.2870217296222302,0.02228243220585112,-0.11777591715421523,0.006021753687157795,-0.4561346539812586,1.1773758581045008,0.8236443020932489,0.4413942528866328,0.9325262612140003,0.22617545252924398,0.14767777679596764,0.220431130405607,0.14920294236993942,0.03415256568597419,0.09947178673447062,0.4001550721516053,0.27292215323534824,2.349520513729609,5.454445545013295,1.9957889577183572,1.5492032391084551,0.7253302822392299,0.26195558010987197,0.3823954450048374,0.12189723074980563,0.6119402985074627,6.186380508325923,-0.017842921272999416,31.58572991375979,1.4275716307111093,0.4153960640121302,0.42881681478521666
149,0.09906328011858209,-0.5064016946386609,-0.7696021647903099,0.01817688401814383,-0.041796873053431854,0.044925234244441246,-0.044146188796230855,0.03317653513743191,-0.07853961625781304,0.6258320888790968,0.46124943853329786,0.3912910040831163,0.1965176665220064,0.1760111072575945,0.045932024253428363,0.1893186064653639,0.04805242616403444,0.00750604570305198,0.007068469047196486,0.257073763280632,0.053153727493573805,1.4338701259904618,42.16711378176333,1.2692874756446628,7.383816662810383,0.4133557002496702,0.33037419521689904,0.35338194317809457,0.24130277217622695,0.21201091901728844,14.213389330478796,-0.017040604544016232,218.00194218666928,1.555518252631768,0.11933253027515832,0.8217234136478322
150,0.11880590433742771,-0.3503738134302129,0.10653025851840585,-0.2875901594233543,-0.021164303441167993,0.001876895835996615,-0.09049794663871678,0.07250405546451746,-0.1903387197590316,-0.5420281359587762,0.8386034113635905,0.2997117789311014,0.17835065508205133,0.09963999475413711,0.059536463630192986,0.10854702121904825,0.06134057564636956,0.004641311058351136,0.017405003734517276,0.06417575705207089,0.10738746693807295,0.5839588861440221,114.33446552144034,1.9645904334663888,3.682033649710222,0.19238314907786108,0.3714763949726039,0.4588090050600474,0.2791015524978905,0.7278481012658228,17.980932101399482,0.03628601063088561,118.114320133753,1.5075843008004177,0.31968879123744703,0.2791388586344996
151,0.3041943138231241,0.2449003173940355,0.11275985069042499,0.24248763810850163,-0.14890010961431793,0.5840621213192256,-0.1578839503830828,0.015543593892986445,-0.04747263178893471,0.7852802269513675,0.2670099443878032,0.3408741285336795,0.2660650314844545,0.145562097810758,0.054987937298941934,0.17895431231163728,0.057258745921418004,0.006935702957715868,0.006528134461949838,0.20194653327380033,0.056000653420785196,1.6438465512884426,25.854798065570964,1.1255762687248783,9.83344444088169,0.7434459315489123,0.9938939016555528,0.3520581838260927,0.2519478299532443,0.12242686890574214,15.76627597265631,-0.12778584928411674,488.1731641268654,1.5151995310357458,0.14680958752822879,0.8743739832292379
152,0.512518037373915,-0.04798483663756138,0.7802352200483454,-0.11526207676676056,-0.06554970482426863,0.06092180846738189,-0.09920000473810461,0.0455928859115969,-0.14036707271822635,-0.08035058248136649,0.7149916117425498,0.22933889759301204,0.25488911732834124,0.10890666083414771,0.05776331191181133,0.11772950283979239,0.0598086909641347,0.004071707994152411,0.013504893428976292,0.07506423729411196,0.08087709583546628,0.7338080161909114,60.104823238467354,1.5291502104148278,4.9358936373523985,0.3131906731326294,0.3939059900615963,0.3629030450751213,0.23378417685610983,0.4008574490889603,13.08118232332585,0.13634622406339383,25.147989540123326,1.5710589374811448,0.24542684682644056,0.5937695815461362
154,0.5510620862136635,-0.14147160046019253,0.5053527067965217,-0.2214667831587154,0.001546032325659002,-0.11700901419958092,0.012474174640881778,0.023482241216924098,-0.19590052589043971,-0.018977525894172474,0.9254299287893141,0.18697520582773117,0.34158836488134847,0.09170017012631307,0.056659272398585606,0.09458527375305897,0.05883219542135815,0.002715794090099195,0.014583927193902694,0.04813163214809505,0.07958765060485577,0.6139654754438357,53.10663894201558,1.5583729301273221,4.197927151178044,0.2728311826159785,0.19412494845240685,0.49584399810035285,0.3236081372928696,0.22035573122529645,14.981896878500807,0.022896600357607894,168.83347094277153,1.5135484967186241,0.3640892566636662,0.7800380754474029
156,0.08574700299707332,0.22210864682795667,0.6586499065135855,-0.2930824827551545,0.03163543048304447,-0.08395508957137218,-0.03549999670642337,0.009480837982293626,-0.2872289383551146,0.563512777642354,1.0899237180468082,0.29940803130517246,0.24640951618098733,0.10521686490063452,0.05233478722219446,0.1102154215666329,0.05438052157669514,0.0018574138517326432,0.01727827343892274,0.09442907958104142,0.07323710236604708,1.029796205323216,87.79608254051855,1.55620714572767,3.245701490065646,0.12536053921844126,0.20851220311211496,0.45007845245664024,0.2569672959770638,0.8192307692307692,21.987828506151985,0.16610667877633206,73.27474984726739,1.5752153081802096,0.24769212976403035,0.1744991037328528
