n_keypoints,frames,prop_kp,rep_id,sl,logsl,toxic:start_toxicno,toxic:start_toxicyes,moved:cos_theta_pi,moved:cos_2theta,shape,scale,kappa1,kappa2,on_toxic,ava_mean_toxin,ava_switch_toxin,ud_estimate,ud_lower,ud_upper,var_toxic_12,var_toxic_24,sl_mean_obs,sl_kurt_obs,prob_move_obs,n_valid_frames
192,1149,0.1671018276762402,1,0.006426379903066144,0.4403412099772241,-0.0020483619279644052,-0.23930703579163626,-0.6089097061312665,-0.9639111214243598,0.7069631362366554,-1298.7980277938573,-0.03015156500927285,0.4402471945411287,0.90625,0.45233444119664185,0.11826754970924586,228016.12080983864,197013.28254592352,261847.04017072258,0.04831125702856712,NA,47.11451436966774,26.235271887734683,0.046875,192
153,914,0.1673960612691466,3,-0.0061639715723771195,3.122204859542107,-0.7454056845890871,-0.5184434981967916,-1.060187371142936,-0.2612725295500147,3.5658101002450797,46.899743790429035,-1.060187371142936,0.2262011424185036,0.8496732026143791,0.29900419216591173,0.04328056858855162,278544.0467916135,235546.60828158408,323771.65551084565,0.06861529735861287,NA,29.270247009071408,22.413938045256813,0.06535947712418301,153
115,922,0.12472885032537961,6,0.004294646298043473,0.3793363633705054,0.579893618395531,0.2718427473371037,-1.0961573136266791,-0.15296247295161777,0.7086600614739811,-853.5815598390609,0.17938312090173003,0.2861985499265668,0.591304347826087,0.5022588494766422,0.18012369172773238,248515.8643112862,204942.13162840993,295832.02833064244,NA,NA,105.45287394781191,9.665824172224436,0.16521739130434782,115
339,1144,0.29632867132867136,8,0.00820477245974688,1.8510302096328592,0.6728988710881417,0.644075522919465,-0.27649701820215417,-0.8140457655094168,2.425902023792154,52.64694208840166,0.04080798170985672,0.4578480850677954,0.7079646017699115,0.619391446415171,0.14504420637542478,1472487.6892090642,1319926.1246201019,1634796.3918361259,0.8126000227288511,0.8952483492190257,21.134664077116017,66.7711888984231,0.032448377581120944,339
178,1149,0.15491731940818101,10,-0.02531645767989797,20.01044214070958,2.772613873864902,-19.480450368486782,-3.460086090870269,-1.3420047002695472,20.371687843136254,37.86456834933028,-1.4744143879713527,1.3365296265729423,0.6573033707865169,0.5046763255770161,0.19303806303506726,436733.8397218886,374762.35471911443,503447.5077776283,0.8108894881667473,NA,330.49407219935773,1.4752900773261426,0.5056179775280899,178
105,1149,0.09138381201044386,12,0.0016313158706770766,0.6620413632732258,-0.4305769290434417,-0.07159884231535689,-0.7418389483513809,-0.41407821417165364,1.0694746772523147,527.4435867593563,-0.7418389483513809,0.32022667348878914,0.3047619047619048,0.42107859750191257,0.16780210849598887,1348965.6011730437,1102332.3441535332,1621156.831276262,NA,NA,115.52635635278925,10.663234992673956,0.22857142857142856,105
225,1149,0.195822454308094,16,0.0036627210680366777,1.632039488198998,-0.11581778632504422,-0.41739459346027546,-0.18653287712926062,-0.6749968434000432,2.1458977867658993,53.48529193274122,-0.18653287712926062,0.5071962817325707,0.28,0.4483373388149598,0.14286845257612277,650186.3320601184,567853.6665145275,738400.5247450065,0.13963385057749905,NA,22.97737037110123,36.006292988484155,0.04888888888888889,225
726,1144,0.6346153846153846,20,0.0016956684975051543,1.5016343630930054,2.724869640617338,0.18896039430326478,-1.442000308379348,-1.640163155352415,1.7774744955796105,1883.0776596763,-0.2490596379691794,0.7903863868729435,0.7134986225895317,0.5619970409570119,0.17780900269911867,317285.7162913922,294608.1879225407,341009.59819747746,0.14139150111826287,0.18002485073492902,123.8684311846053,7.818172648133025,0.2231404958677686,726
137,1144,0.11975524475524475,23,-0.006658690045719774,1.8939724585746551,0.5749183000043299,-1.0509744693996612,-0.19594334414354575,-1.063477230441681,2.452809165449449,36.938837567333515,-0.173005818075728,0.7860057199676005,0.5693430656934306,0.4839005098087421,0.13337799461454491,353662.3310239094,296520.21984602825,415374.17697640276,0.9928194601991394,NA,27.375194389237247,85.16161542326283,0.029197080291970802,137
668,1149,0.5813751087902524,24,0.0075221669150256866,0.7855032477571823,-0.7921654391846157,0.19395307051904512,-0.42856102888185904,-0.2791863381130191,1.209261505866865,164.74386436579707,-0.13619053095945644,0.16944406417918573,0.44610778443113774,0.45640353344403717,0.11378135613415959,495160.06709307444,459092.7440506392,533960.7038433441,0.540703608363817,0.7965837724644301,31.18104401352887,43.30412085229064,0.04491017964071856,668
870,1168,0.7448630136986302,31,0.007801740224813713,1.5100570028361058,-0.40787881025608985,-0.6399034726972392,-0.04848321162478389,-0.183587786713189,1.9761469030750964,66.29967837869532,0.08124207820585197,-0.183587786713189,0.07471264367816093,0.3838467387918565,0.09721550518534089,693639.7964247172,648177.6625465873,740566.8206073998,0.23596967129227148,0.3016688421626296,20.37283321146133,78.0925243198268,0.034482758620689655,870
437,919,0.47551686615886835,32,0.009562148232271056,1.0583572397385035,-1.6401205656883948,0.7399869625331322,-0.4651493568528491,-0.04402611943239237,1.5430967614974334,92.97160116763143,-0.014476381414652073,0.07466225377103941,0.5560640732265446,0.5284299135461521,0.07391879610458955,603881.6258057881,549315.8700648881,660707.1249541066,0.4614688913145174,0.8285035798121962,23.851134972865975,51.14321648732945,0.02745995423340961,437
991,1182,0.8384094754653131,34,0.0041477994601334545,2.8692143466996223,-0.6304338962437573,-0.8839091782937182,-0.4473827789378579,-0.38932719084777184,3.4167653533403435,32.770571981027395,0.27996701798794527,0.4093118102287055,0.017154389505549948,0.08538893521462876,0.012898273844885007,61163.78781680108,57300.72081274571,64962.28566324797,0.012828082745722445,0.007991184411877225,15.81284283804846,113.68032474229943,0.01917255297679112,991
792,919,0.8618063112078346,35,0.010327774641230556,1.1739549537784055,-0.3976324929823769,-0.6993955622542198,-0.22352677668356086,-0.011567426976181358,1.7733786355144523,54.45442018768758,-0.018123331254238068,-0.011567426976181358,0.37626262626262624,0.3829177157132021,0.16406230634636065,371617.8555572715,345923.51993843185,397862.7163078537,0.16427391152204623,0.18244615848190135,20.8880993197778,89.36779118309249,0.022727272727272728,792
726,919,0.7899891186071817,36,0.00829793561894643,1.6232105572905395,-0.5106305916249823,-0.2536441325612746,-0.2076822820187956,-0.48759890683455187,2.2047567638138097,64.98845367841814,0.07554729320361223,0.25029192374258824,0.3305785123966942,0.41877347657534886,0.17213380696434388,574130.2809367527,532690.800703998,616556.5789880562,0.1868306893604447,0.20229645915476968,24.54430649118498,66.76089810760007,0.03581267217630854,726
403,700,0.5757142857142857,37,0.0050028849542946095,1.0269501160663657,0.45985252649957875,-1.236047728114956,-0.1351024851707959,-1.8038034792246054,1.3776030965022383,296.60148128517505,-0.1351024851707959,0.49939830185367984,0.16377171215880892,0.3613434566106127,0.17407832210734864,469260.3922942029,424007.40511557914,516585.919835655,0.41247950349968876,0.4224305391763097,41.85360779658019,32.64993266976985,0.05459057071960298,403
987,1186,0.8322091062394603,38,0.004060428700182418,3.1101653609829207,-0.791558880208638,0.5441120306077047,-0.42205596675230267,-0.8167138476408576,3.8228583017713653,24.61025893926144,-0.057380475991540614,0.41690869417662635,0.49949341438703143,0.5063222209412064,0.07523172146591149,182400.7847930474,171161.74097960966,193995.99808307237,0.563040694816983,0.6726890838091707,15.94891372021175,169.61773432707636,0.017223910840932118,987
781,1114,0.7010771992818672,39,0.0058037008829147085,0.7564437705254748,0.04492511246436832,-0.48778961629307765,-0.22227591592902973,-0.07481898945157117,1.1792724240892019,229.44133752245898,-0.19092443872595039,0.04635391539347995,0.3892445582586428,0.45848476560972606,0.1801172930003597,1104984.0934474857,1027779.5271113866,1183236.6337604183,0.1718141258900504,0.2131870004896858,41.60780794997581,33.42176938500638,0.07426376440460948,781
461,640,0.7203125,40,0.0016414408953039862,2.307971335252947,-1.4020360597110069,0.18327087233103898,-0.5494321476561461,-0.16000475537569872,2.87806410652078,47.65412378043082,0.1905752308927845,0.14246005823219157,0.1648590021691974,0.32398553331363733,0.16659364893206402,414445.82401786937,377182.3552078235,452803.05387667636,0.3532481679540503,0.33105428819850946,25.19670364850043,70.02013931913199,0.05422993492407809,461
986,1182,0.8341793570219966,41,0.011634522241073484,2.728686563337168,-0.21194652330961603,-1.4479903764245277,-0.6938375224308689,0.24520734250399467,3.388014421802936,28.245281224435338,0.21143944606907716,0.24520734250399467,0.2099391480730223,0.35810267597948303,0.09460090239526818,231562.00430669502,217325.17454203422,246181.6926198114,0.42863234420327845,0.5416448643814539,14.015797634907367,140.43347857989258,0.015212981744421906,986
995,1179,0.8439355385920272,42,-0.004621168829524586,4.55010660378041,-0.8500352681239937,-1.1822068771936725,-0.809706228484267,-0.04133377079167075,5.463732182223101,12.47175452541814,0.16512486035945684,0.03942356379423036,0.003015075376884422,0.06521054387721055,0.02163159650878949,38562.517770915,36199.984096383865,40995.61907352904,0.0024186130167376963,0.0014170590820503724,12.092191049829578,114.29012863268775,0.009045226130653266,995
1031,1186,0.8693086003372681,44,-0.0026804788106702636,4.9617628861842,-0.33451544359921104,0.7965744771583583,-2.7212180031176856,-2.222205307948567,5.581826627013835,21.725982239714796,-0.4773810899175097,-0.04569401170703191,0.12027158098933075,0.2833101756999881,0.03348155626493001,73649.38096505977,69257.85729134655,78261.93580810989,0.049417319124256925,0.04586334908560012,14.308036686829704,67.3659020300176,0.01842870999030068,1031
698,919,0.7595212187159956,45,0.0062096436290715665,0.9401273378159516,-0.35961985793899814,0.2305049713425111,-0.34650354359036206,-0.06885340412849562,1.3974379741376128,184.94291785938375,-0.04175159332621975,0.07653383296168388,0.20916905444126074,0.48302544203106396,0.1824541602314072,595674.2537210865,552528.5968340782,640261.1374091193,0.36001421450979515,0.3489054865001275,39.36824330281748,37.515031921407825,0.07306590257879657,698
791,1174,0.6737649063032368,46,0.004718557695911908,0.8152189620326872,0.29380617507868734,-0.14524083216634734,-0.505793021328042,0.08855926123342506,1.1350770061630224,513.8922091784614,-0.3340010262196338,0.11989312050507783,0.5082174462705437,0.49748999965011614,0.14955210554868786,1575996.8155343405,1468393.4606918585,1687703.7199082419,0.19333251120696213,0.2139140154971994,47.99393574787448,24.552598457984434,0.08217446270543616,791
365,640,0.5703125,47,0.00481272592563846,1.0257894764065703,0.14805552337725184,-0.011536234448110584,-0.20885940707825956,-0.039407363120949945,1.5230839693982778,92.65416976346715,0.06531162080260838,0.027307861094202676,0.3232876712328767,0.48243786574332936,0.2080561918301447,468019.0272072301,421444.3281244902,518029.0832162891,0.7643069537161098,0.8287672588745524,31.869996491926734,51.16608136121064,0.06575342465753424,365
193,245,0.7877551020408163,48,6.520744869084081e-4,2.120818025354342,0.22755306937163108,-1.957614332481843,-0.3454744709793081,-0.04851176078211586,2.8334809056848176,28.95107880337131,-0.1046224686926168,-0.04851176078211586,0.25906735751295334,0.34785488628035194,0.10612134764980674,53900.052379557404,46536.9178636333,61822.03009930234,0.7901382666088549,NA,20.252768310712266,25.57503852255512,0.031088082901554404,193
800,929,0.8611410118406889,49,0.016020432444893293,1.3216070290613735,-0.2823716197461814,0.4703706983053982,-0.07416602229055208,-0.06656904761555422,2.023801505864228,45.541211642411255,-0.07416602229055208,0.03048456986539902,0.055,0.20219936020919024,0.03006215673601039,273914.8980595711,255276.45615796538,293186.80677454453,0.16498436269691188,0.18281998019437293,18.489892389600545,56.38159899553023,0.02375,800
812,1203,0.6749792186201163,50,0.006683300412103798,1.2603777269646155,0.2843983143289126,0.10993487503060045,-0.4155030929424411,-0.201752089935862,1.7737738034133064,89.03053698373665,0.04346463445449472,0.17678188309855628,0.44950738916256155,0.5084763501526731,0.1615189148999252,677286.442382663,631549.7201417063,724221.2555954964,0.2211324792042203,0.24007702015967025,28.654403526457596,52.135097162681184,0.04926108374384237,812
835,1203,0.6940980881130507,51,0.0015881686701469608,3.4072659713231856,0.10677280965460083,-0.4314732365194806,-0.0598530666094562,-0.760648593789836,4.067058254618441,20.321076735199583,-0.024724803515973608,0.009418831390737514,0.09820359281437126,0.2977718659354934,0.09114437811819684,78820.71132061783,73637.97180904527,84256.32857817244,0.040936490714296704,0.03230833163214795,12.990280675616509,157.1771722857396,0.016766467065868262,835
514,919,0.55930359085963,52,-0.004678647413991752,3.518801391348481,-0.6365328286864084,-0.8757447849179933,-0.46136088527596375,-0.794526269518151,4.292202253705478,20.44280029393311,0.3634936943746232,0.6956123736772679,0.05058365758754864,0.28811722662350037,0.01855674393239936,18653.427253943137,17064.564046237065,20297.32209706179,0.11625792695988323,0.08987268297482016,17.48121419885986,143.65837057370734,0.01556420233463035,514
645,939,0.6869009584664537,53,0.006484080977110286,2.192147658928216,-0.17693165773137037,-0.7618293328107872,-0.4104335519564084,-0.004990587749821591,2.8082893684616748,39.42234711337282,0.1296918984636911,-0.004990587749821591,0.15193798449612403,0.38204304522846416,0.10292431419572086,129884.77908986657,120038.48202058411,140093.69040058125,0.3828019716198078,0.37750617762674965,19.34959613768694,49.461928588414466,0.03875968992248062,645
622,868,0.716589861751152,54,0.007165954698120158,1.1793718085849645,-0.7818458697996568,-0.07391375973378943,-0.5703963475624261,0.0660929332608595,1.6127544154882725,141.63560111470417,-0.20524254444625628,0.07643706693524858,0.05787781350482315,0.2953627955329996,0.046964571397376725,440314.9496321541,406477.14497934986,475871.58930389164,0.022560504740154117,0.01632720496625245,30.458825215080157,47.76571347511925,0.04180064308681672,622
781,1159,0.6738567730802416,55,0.0070274821663893474,0.9286655540009908,-0.019954654481560027,-0.0041361475310050366,-0.1879699198073477,-0.24414200717051182,1.5411499350993885,85.12728016685081,0.11714824667110399,0.19250139654323034,0.47759282970550576,0.47422003078164904,0.16938635642126176,746506.3325796846,693673.7675529175,799616.8694131547,0.22729116752191375,0.24140986364094616,32.63372338824659,49.20566717244942,0.04353393085787452,781
1017,1224,0.8308823529411765,62,0.012819315078007728,1.0997691725933896,-0.689481730448163,0.05194089012596517,-0.19510303995660777,-0.03261589983929886,1.685950115004792,67.52950610038386,-0.19499225384132352,0.16470364933539297,0.2586037364798427,0.39320383386797053,0.09694447079675872,413697.9318422431,388753.22144148237,439001.5547139588,0.5144634466645353,0.5094819901230969,21.218296242408087,89.99686707522191,0.02654867256637168,1017
1083,1224,0.8848039215686274,63,0.00860047328098987,1.0880837568242048,-0.3384631933261388,0.119792745337805,-0.1897108556565495,-0.06753500344465195,1.539313011984858,112.77587343675042,-0.04709574853184087,0.0839771497138518,0.44136657433056325,0.5188314848734115,0.15647885061044625,960657.5015572117,904994.2135184996,1019512.6217183768,0.6349905364566869,0.7645636651225431,25.836408161656834,51.943406179965045,0.038781163434903045,1083
932,1220,0.7639344262295082,64,0.007235936602288731,1.2146207669316618,0.004220372016709449,0.23776420240672008,-0.3903038851820624,0.08261650071512613,1.6490433053872493,99.05849700009269,-0.3903038851820624,0.15763522376585942,0.2907725321888412,0.3998715052644084,0.14819480523207199,1330136.0092308684,1245707.0520268464,1417394.8318294124,0.10546449557835394,0.11596062858367759,25.06050935135319,57.64249025077276,0.03540772532188841,932
954,1220,0.7819672131147541,65,0.0039152605694761896,1.1891883754505035,1.1265040664492947,-0.10784195584611049,-1.1247927229085208,-0.7925213099884123,1.5241924491136414,643.1678174787337,0.12881303352497264,0.48383496994676656,0.4381551362683438,0.5831152973568022,0.1415703350722231,288308.80513482634,270341.93611053465,306944.2874909631,0.1391714917272892,0.18863102500201234,61.23081071192284,13.432659913283887,0.1069182389937107,954
736,1219,0.6037735849056604,66,-0.03235070729071556,7.239023742368703,-0.5540363061241653,-1.9420160786443228,-0.9411944143087655,-0.2973193050566653,8.065659606144035,7.872228811346994,-0.1712708216385832,0.10022315782238772,0.10054347826086957,0.24036618144047786,0.05130890078358001,153767.3296446912,142860.22254185128,165065.07535155784,0.29150113184296184,0.4304856314283439,8.731422949441551,81.6796046069442,0.002717391304347826,736
373,1221,0.30548730548730546,67,0.007979471167105755,0.636565651361449,-1.5283267877673328,-0.44995816008432743,-0.9801984720638975,0.18604491749466717,1.0328108936690121,1034.2891187937137,-0.47028862915965786,0.1889480059640137,0.09115281501340483,0.32619180703326933,0.06812894986842118,401694.8164581133,362002.16299080785,442878.26252664113,0.08671937702002125,0.09560849548331192,44.29959464440913,24.017964259247858,0.06702412868632708,373
811,1219,0.6652994257588187,68,0.002964526879417067,3.1899271592087626,0.2456213017721722,-1.0535109620122645,-0.460113459871845,-0.6555166660619351,3.9704835869287836,21.652612788616246,0.11408580399132623,0.25149233882336797,0.3563501849568434,0.5487075157463377,0.07483127611914299,336170.7940335883,313538.687841669,359626.9007529286,0.7102246717250891,0.7760148059259155,15.876436000503416,29.340039117743782,0.01972872996300863,811
694,891,0.7789001122334456,69,-0.005573264000888579,2.437785852459294,0.5528806490991797,-0.16045289356977538,-0.6223701361519043,-0.0589579427860321,2.9833792848712917,28.503818012272696,0.2866602039177194,-0.0589579427860321,0.5936599423631124,0.40083899296238,0.0560226731157408,247190.89146955693,229119.11925465724,265846.4150446305,0.4103920582246553,0.6303118605729762,18.48373056771601,156.4657820901322,0.023054755043227664,694
175,578,0.3027681660899654,70,0.0023403666800451387,0.6470175624568617,0.41155339682345166,0.10136859551193327,-0.490579610346435,-0.1460048091084202,1.0072217146983604,1318.5700399744183,-0.1239360207384601,0.42382715303667673,0.3314285714285714,0.5175628873403015,0.21089566343912872,1240280.6592519605,1063848.0200854624,1430279.0623916173,0.9045802618568088,NA,116.2162443833944,7.967720386431511,0.2057142857142857,175
1130,1224,0.923202614379085,71,0.0025390948493853142,0.7691516386409186,-0.2869610660759304,-0.004415322339915265,-0.4181965705680609,-0.07236599581780415,1.1280608227091449,514.0961113352963,-0.0943289939301395,0.19775995506467928,0.38495575221238937,0.4852609625260741,0.2260501471242179,881337.6534236665,830719.996573251,933303.199134773,0.7907560872809448,0.8362342691589342,80.07533540447577,12.412056998924907,0.16106194690265488,1130
1092,1224,0.8921568627450981,72,0.002631328882367621,3.2229781194198215,-1.0891085380876462,-17.419266869744153,-0.4862802832776606,-0.0734738782067867,3.916248749243995,21.157975116563666,0.20157031609597553,-0.0734738782067867,0.011904761904761904,0.025588943445576842,0.011465232105370655,120633.93706721567,113576.24953330151,127886.139357188,0.01753912100543886,0.01823293100922705,13.895612558334486,95.95181732773669,0.015567765567765568,1092
1101,1220,0.9024590163934426,73,0.0038870065104534028,1.5054246033939402,-1.015707931527808,-0.35285014601859194,-0.3209427995987494,-0.26867216810199984,1.9462494007726505,79.94874154094956,0.030885658040121833,0.2086996150101691,0.20072661217075385,0.22348426879513736,0.051969474498579867,1000485.8687258647,941182.924959104,1059777.3434105085,0.11867413180282801,0.13430150305992547,26.881294947139256,65.284246984315,0.05086285195277021,1101
497,1220,0.40737704918032785,74,0.0036123570499435103,0.6352746228509002,0.05863247304332256,0.4519303516505893,-0.7221957664612986,-0.03823556740710259,0.9644640119481735,-3442.610065482506,-0.7221957664612986,-0.03823556740710259,0.5352112676056338,0.5738286558111352,0.1981212741731462,1382196.7452818449,1263577.7428026288,1509547.8124276062,0.2383666934787383,0.24957843843560124,99.11349137567092,9.119163692227039,0.16498993963782696,497
928,1219,0.7612797374897456,77,0.006984794653589598,1.3480705037195135,0.7198031710645606,-0.010483020751124606,-0.2987445923279189,-0.2965628524701024,1.8769975924374616,66.02347425989001,-0.01652720553351522,-0.010567479324850082,0.5355603448275862,0.5521688498402946,0.13206726834599666,414541.78047051025,388295.2397748758,442065.63206149684,0.14979809063447014,0.1829856513091072,23.896516262997256,98.26860554380951,0.03556034482758621,928
852,1224,0.696078431372549,78,0.008713344481470969,1.6357099759583444,-1.0843532711173745,-0.9722326342985205,-0.39599514252931456,-0.1329260373959244,2.250942435299208,49.16785514220966,0.10602732058744391,0.025907285556361098,0.051643192488262914,0.13687937033909442,0.02069655554827569,407020.31178612384,380201.2221758419,435165.3871988236,0.16935045606755889,0.21228342121710564,21.18056171936259,82.63091016728985,0.025821596244131457,852
861,1225,0.7028571428571428,79,0.011382798875527107,2.5263489383182147,-1.5904341689475434,0.9163652821369827,-0.3184440789899652,-0.918849249213313,3.1904021656178894,32.635535601523316,-0.23768827867526696,0.4155212888663494,0.18931475029036005,0.44260995199684317,0.08815071529985598,445937.3684703318,416798.0727028703,476294.51322647976,0.09398515838582432,0.08960775863568847,15.805418522055557,150.83393001631427,0.018583042973286876,861
902,1225,0.7363265306122448,80,0.010456585115259666,0.9591590455555221,-0.20802224276017062,-0.005784337945482981,-0.23243429211213015,-0.20996336900621457,1.404713451961646,144.90565624934916,-0.17448211427252158,0.33480239180066607,0.14634146341463414,0.4482100452069865,0.1120702118617528,740635.6233126551,692691.4359726168,789533.8579004811,0.06988379088692569,0.0796398344421288,25.666368906959413,63.8848303371821,0.03215077605321508,902
868,1225,0.7085714285714285,81,0.007408367758356378,1.8263512736716159,-0.34615217486933036,-0.2901844896056377,-0.4254038438047038,-0.24046018008792586,2.3616878344534773,50.36442439969399,0.08205793971418945,0.02946966933516504,0.22235023041474655,0.5322003753994362,0.0824081086973778,444951.2943850334,415851.1816361015,474705.16106946743,0.12350988591930168,0.14964524858575562,19.631450050139676,79.3089030540311,0.027649769585253458,868
1083,1224,0.8848039215686274,82,0.016327125853243217,0.9116702617391793,0.23004138339465502,-0.21160164540185677,-0.33519102799974776,-0.13064653790264794,1.3738899985711432,238.35748452088865,-0.33519102799974776,-0.13064653790264794,0.4598337950138504,0.5165356035998051,0.14254468217761074,845651.2237781768,797322.8453594482,897584.9758241682,0.17481626682427712,0.21258285737555727,22.52332409421947,45.78253998550557,0.04524469067405355,1083
950,1225,0.7755102040816326,84,0.006542354630773854,0.837130115783196,-0.4719793659870726,-0.7705160767952042,-0.5647836717934214,-0.42376852819376193,1.21579369912182,315.62605103228725,-0.2778427762998695,0.24027560747543325,0.32842105263157895,0.3451741538303931,0.10666242202430692,881243.279519306,826370.2031324761,936812.8464423565,0.11217374758080177,0.14372917663187734,38.99965336027198,29.315556150626637,0.05894736842105263,950
753,1213,0.6207749381698269,92,0.013717547859820474,1.0713719475525356,-0.936205798777819,0.8560160540469756,-0.08287121099399726,-0.1639039259014466,1.6049990936925127,103.10031072174974,-0.016673994340211065,-0.1639039259014466,0.16865869853917662,0.1979335713292243,0.020680505011997176,496800.72112386755,461220.47425064247,533052.3515731795,0.2784141964526249,0.5461377421142989,22.779311662922503,67.28313919176952,0.034528552456839307,753
823,1213,0.6784830997526793,93,0.0052230061363484626,0.9183602672361608,-0.3435707738083941,-0.046188054550278364,-0.4406357926774589,0.0017390222853227839,1.2797010538993752,235.45451175119135,-0.09061568455791102,0.06578934747971234,0.46051032806804376,0.4836333381002382,0.14583929948413324,913452.2649970514,852130.5030253058,976854.9420258882,0.7724712706269585,0.8722189425139849,38.16509013234998,32.926502992235534,0.07168894289185905,823
785,1213,0.6471558120362737,94,0.010741193928790119,1.7879545778035286,0.6004068182723983,0.026310913485495212,-0.28004488527196264,-0.570558375000991,2.3323781538195067,48.35722417641672,-0.28004488527196264,0.6108197749726676,0.30828025477707005,0.37687046415285225,0.08106197577694892,296483.64462404884,276079.5665919037,317652.8316285179,0.49823335732426643,0.7111308907203802,17.32456105271396,104.50252016495624,0.030573248407643312,785
698,893,0.7816349384098544,95,0.007238518871594837,0.6138583407421601,-0.43036773990449895,-0.4709367278982039,-0.407662859137542,-0.19062900058550264,1.008143742920693,493.33464892291096,-0.015619441676562262,0.18637772933713714,0.10601719197707736,0.3577875181952684,0.12164293166657093,290454.5586297813,269469.9346981636,312627.6829971406,0.16390899099330564,0.14591751869027925,42.545027044786444,25.006621598622054,0.07593123209169055,698
364,1212,0.30033003300330036,96,0.005945794622953095,0.5304122363216729,-0.060151002859242964,0.021838936511859426,-1.5697879804588313,-0.1155714511867245,0.8241421033225172,-520.5725137052565,-0.8540012455341289,-0.1155714511867245,0.17307692307692307,0.46339086021461456,0.1584664957134096,862954.1422163898,776296.2061180865,953461.134123836,0.12562151188692713,0.13168135615780366,72.96429153381571,15.278864852329898,0.09615384615384616,364
617,893,0.6909294512877939,97,0.0036689352308026065,3.7259939421197252,-0.7630903107756855,1.0982743141507914,-0.8773402563141877,-0.025093076808119737,4.428806226140511,22.134918863319186,-0.010700356857973548,-0.025093076808119737,0.11021069692058347,0.4345711715386403,0.1334718339757589,197885.1345773409,182382.12028176786,213803.2133376595,0.33960302166603307,0.29176127794448714,14.386049600383302,79.9260184396675,0.019448946515397084,617
164,1192,0.13758389261744966,98,0.0058226214981311865,0.6067044077599053,0.18563327438385674,0.3878910720744771,-0.2086650158803799,-0.5414251376476705,0.9948690093088319,397.4887920095314,0.0035059587420882,0.5148593453395235,0.35365853658536583,0.4201913451651593,0.16435323154416576,920581.2116285043,785833.5836961285,1068189.616955081,0.23379706152433424,NA,46.57401908403031,28.8312427657058,0.06097560975609756,164
1068,1213,0.8804616652926628,99,0.016214203331532524,2.308476061729121,-0.35962301424386794,0.007532661392114227,-0.31778210906695736,-0.4114245728096854,2.9485542927925352,33.66954716605094,-0.31778210906695736,0.02997098354597888,0.31179775280898875,0.5041975589505945,0.0402899655847674,626201.0125964764,588955.7201605889,664144.0943173699,0.49959011515674034,0.7278664737462598,13.940800856678916,116.35154029011949,0.017790262172284643,1068
978,1168,0.8373287671232876,100,0.008362099124495766,2.2681757706172285,-0.06760269495193268,-0.5980814134357599,-0.40593487247252613,-0.4701849150265892,2.987657327203511,31.826375707685834,-0.061684041222586194,0.119147978308208,0.2331288343558282,0.43315365899569713,0.13104860297190324,72353.16546068381,67899.20952398516,76985.31975381538,0.5331028625575823,0.5335997652348607,18.085460998469205,60.19685615795343,0.022494887525562373,978
504,1213,0.4154987633965375,101,0.0077664683325893375,1.4621001468408608,-0.42135879215141303,-0.416547833826209,-0.23490385701099697,-0.09212078564124826,1.956538066383061,52.43992955070973,-0.05069653246927641,0.6105523453685061,0.1865079365079365,0.4193262539179374,0.05222188417910716,621741.1860460555,567512.9496957111,677150.5013016963,0.2589390015961306,0.2237595363563811,18.41751188933024,83.69719282487472,0.017857142857142856,504
1041,1213,0.8582028029678483,102,9.999386317875018e-4,4.817317772987457,0.4957038468032323,-0.7018394814923299,-0.2287585122888586,-0.30549874699992957,5.687636007153165,13.002476301499257,-0.013920846657820507,-0.0020791040557900375,0.07973102785782901,0.25372116078703827,0.04135311435352563,136732.30040629767,128547.60175377474,145160.3037297722,0.2595925733373968,0.3073288424857635,11.172286291135512,156.58382700983827,0.007684918347742555,1041
829,1213,0.683429513602638,103,0.004637575549755296,0.7260007797595163,-0.05594739457197525,-0.11659231355422871,-0.602238629349975,-0.10477102902203111,1.0790102242226425,453.22052779340805,0.05564768304307277,0.2565256379877435,0.4837153196622437,0.5150248755673259,0.11068030300707798,512164.5099560057,477783.40572709596,547575.0273379148,0.18225138711054203,0.20675845017711092,51.599967824391726,24.03602197458891,0.07599517490952955,829
802,1168,0.6866438356164384,104,-8.651955461369411e-4,3.716243741029588,-0.8576004743629912,-1.1465884235026447,-0.28149361283697033,-0.9490624351087729,4.338422601332216,29.99492336118134,0.09464616465573278,0.05548815683706332,0.18329177057356608,0.3195168171255442,0.09166737321694957,369685.3600661721,344233.1944736127,395469.8016795331,0.09891391124410753,0.08930798347645809,19.164028391972305,80.57468221276683,0.03615960099750624,802
1036,1213,0.854080791426216,105,0.012266782072022394,1.1863020099693795,0.2569240057440068,0.2840788455853158,-0.1927866652854622,-0.13610704696800927,1.7136107361801298,91.71797149419855,-0.05098531483661964,0.12264136469081607,0.5125482625482626,0.6305574497617719,0.1252122703112607,1093745.2951326966,1028323.2754718699,1162592.8427066444,0.13971413623805462,0.20286275142997662,22.762835144351893,53.56461397519876,0.04343629343629344,1036
612,1213,0.5045342126957956,107,0.006121139803426803,1.4397306868711846,-0.08126525693001765,-0.05352604273847223,-0.9719492070624994,-0.3241782944121446,1.9483130377834408,62.910996628406274,0.3217617149618818,0.16402647517050623,0.7467320261437909,0.5161856385994832,0.16988560695549138,529493.9084163953,488722.0476211047,572885.9051184098,0.12096187963056747,0.11766004258960844,23.10549730351389,79.85531722654865,0.03104575163398693,612
943,1120,0.8419642857142857,108,0.004759931955181393,0.7645120809915563,-0.2017543829347521,0.2971165889658847,-0.347210453759792,0.024748254223515287,1.147237843783289,392.0846100053182,-0.31741548046321544,0.08041166403334561,0.5726405090137858,0.4742866748631823,0.10171617112394424,777457.9576437937,728259.3161533785,827763.945695278,0.12562501179963279,0.14833105612760533,52.36981285238258,21.835789964438135,0.088016967126193,943
884,1209,0.7311827956989247,109,0.0037820397898857584,1.0662239351600484,0.06686829655673354,0.40258962555125505,-0.48956643502666103,-0.07230046338714784,1.4399090584469145,258.0628887294574,-0.08339675489619913,0.09666729664088898,0.5463800904977375,0.5086576236894155,0.19535988264941603,996831.1126305046,930678.6403492027,1063431.8075852343,0.21089467753827615,0.2353095518543895,48.794376215280145,19.833574228950898,0.10520361990950226,884
712,1209,0.5889164598842018,111,0.007813001583431628,1.450524965682132,0.532684349619657,0.06443487358594274,-0.25803827029696524,-0.36557543354756883,1.9795802833129572,69.8301369245971,-0.1437707386736653,0.15499159949853403,0.2794943820224719,0.4963121855232782,0.0793590153525513,1153187.4386463698,1069951.8067832154,1240942.098669412,0.48162236923813606,0.6911365535535771,23.90281366805639,70.33799761393514,0.037921348314606744,712
996,1207,0.8251864125932062,113,0.005073612985844773,0.8757366192234147,-0.13513691306364392,0.22046533243935656,-0.8885516692903029,-0.6316303495484985,1.1897996955408465,2161.40609914014,0.08816949868787805,0.7361868383634895,0.3855421686746988,0.49808101860293497,0.14362080899857027,383379.20449211495,359890.12937572144,407676.4118643658,0.3945989745634865,0.526205055375758,56.70912702707517,21.143091163357287,0.09036144578313253,996
744,1207,0.6164043082021541,114,0.005782641636977782,1.0246448284368852,-0.05373890133929849,0.3119713184384543,-0.41765750657972023,-0.444637026266336,1.4077292835213315,160.72808084597182,0.0823609110014647,0.33734347952107685,0.39919354838709675,0.4650350117708333,0.15912441277831754,888334.0359980458,825269.8352497602,952854.4443735585,0.14094010324791073,0.1635740398637513,31.91068361537479,50.03036347886079,0.053763440860215055,744
967,1188,0.813973063973064,115,0.005694184552196184,0.4797581388638428,1.264749148324776,-6.985653618025314e-4,-0.7125455609245032,-0.14227465407310522,0.8333927866472994,-1905.5708942383585,-0.151163888319657,0.3365613465873164,0.5346432264736298,0.5276243931348752,0.1936019224619725,894824.882757458,839352.3548472959,952113.3162805879,0.21861159148674283,0.2377487263806091,68.42564070895315,12.780464909828076,0.10548086866597725,967
830,1205,0.6887966804979253,129,0.009486873344614163,1.4803129310236365,0.35241805387889735,0.05441355158073844,-0.16437680114253073,-0.2964836204526757,1.9592099011827282,75.07789544660794,0.1508023234845739,0.18562227528984027,0.5795180722891566,0.6351359055765474,0.13578493561749158,1152035.9275083896,1073856.734496796,1230946.469556181,0.13445031149119688,0.18770504875947322,20.998443316550524,48.58879553382988,0.03132530120481928,830
742,1206,0.615257048092869,130,0.006626046629098511,1.8889591452314767,0.5556733236919034,-0.04090314487737257,-0.14325001390015238,-0.09958631343352395,2.4671734374478964,41.41598253098586,-0.13570531808264152,-0.09958631343352395,0.3221024258760108,0.5460791140390878,0.12173104620532547,959586.6143655383,891633.7749290027,1029797.035316739,0.6915962484910391,0.8192835820600164,18.787782893126487,99.57029881198027,0.025606469002695417,742
807,1206,0.6691542288557214,132,0.005919672619185496,0.8100453773706752,0.09316761338626361,1.0549396430935762,-0.4970546842085317,-0.11708686315172874,1.1858515277981971,261.0520737449877,-0.05506661480505792,0.1024702516775544,0.8475836431226765,0.6582084417420501,0.0023545708485986027,847955.3901166004,790081.4062712431,908673.6861052825,0.07324490866882982,0.06744149509637906,38.54251307702969,34.97567553949667,0.05080545229244114,807
618,1206,0.5124378109452736,133,0.0041338880262001415,1.56564741335156,-0.2345629096676193,0.10713212506270535,-0.43223766745912,-0.4004016668466294,2.0054027086658954,76.54867900094015,-0.25580706315561313,-0.06907086248539168,0.18284789644012944,0.43781081245640957,0.10646936417322561,624681.7523857234,576211.702559909,674903.8102335406,0.09114490874936901,0.084192340179914,25.57049156012742,65.13954600889045,0.02912621359223301,618
802,1206,0.6650082918739635,134,0.006988818641382336,0.7839212591360769,0.16170755436534598,0.1741646087600356,-0.32954072797992723,-0.07094752136456287,1.138681533297713,212.5949280993485,-0.06372796857168556,-0.07094752136456287,0.5723192019950125,0.38513692746099787,0.11380270755765452,735817.395487359,686954.8616680752,787889.5897350752,0.08083294024505729,0.15437082284697334,30.3347577145107,40.46338203519128,0.03615960099750624,802
733,1207,0.6072908036454018,135,0.0046946537195474095,1.6127035355299362,0.2826065679242857,0.15643530561359592,-0.38957122777802944,-0.1587107017623644,2.1277763390547664,51.7388488948828,0.060632595633228314,0.13509662844069475,0.6002728512960437,0.5641895555391614,0.12053686959544652,526943.7156694658,489443.0785827445,565574.99513939,0.13308669417641877,0.16360579838611028,21.44060627289633,84.01309130004275,0.023192360163710776,733
523,1207,0.43330571665285833,136,0.009408574649210034,0.9331131595746496,-0.26208965867168527,-0.982502701346829,-0.4439523873506372,-0.09717747530076552,1.3937286163877118,112.20380037335887,0.13694332684645366,0.16193594084263652,0.13575525812619502,0.4441748491545463,0.17505636454040122,968833.4934481962,887483.1020574862,1053621.620106306,0.4738428388293375,0.5266963933988487,25.139445738206955,58.49062453531985,0.03824091778202677,523
713,1205,0.591701244813278,137,0.00539973326659081,0.8349713218814322,-0.40273768569989143,-0.7897322732160318,-0.7115602480348097,-0.11962420713589904,1.1882373007507412,495.21466263323276,-0.0723003879478219,8.252474046850783e-4,0.37166900420757365,0.3988541824341454,0.15124745423641692,558542.9002284515,517908.99853123305,600397.1840515083,0.15915892903617745,0.19916639641711237,47.620517294420736,22.387577034276546,0.07433380084151472,713
775,1206,0.642620232172471,138,0.007494741527188021,1.0060240923407644,-0.1751725661240587,0.30348635064109286,-0.45925884022841873,0.1490121911443046,1.4115807852125335,188.4837544258122,0.15801719739571868,0.1490121911443046,0.6851612903225807,0.5576801295473426,0.15230952272234285,504445.54019728303,469706.16371170036,540694.2443765001,0.1529235697756224,0.18612238689687555,31.678869873999332,39.15310208298482,0.05032258064516129,775
899,1206,0.7454394693200663,139,0.006311152157677492,1.634180351266581,-0.1914853679196419,-0.10503323863941233,-0.3415223751897115,-0.12285005752029877,2.1722499053795645,58.170237005801724,-0.04539981353538408,0.333346172199135,0.25027808676307006,0.3779064988539114,0.08381053006882164,539978.8753695182,504709.7072338568,575652.5073969021,0.5585307621671258,0.780159477726623,22.89655962510155,97.04270559072694,0.026696329254727477,899
763,1206,0.632669983416252,140,0.008612211048657822,0.7409060432444572,0.7911748059052136,0.6937219806369115,-0.4907181143595119,-0.7522424744115496,1.1989961900975166,183.83029815114364,0.09756363524592832,0.31177463803321526,0.6002621231979031,0.7422699491387673,0.10066372446110455,252822.63239415534,235141.1363905793,271118.9987264374,0.34080984891261573,0.4993849299935277,32.589340944855834,33.32333370500055,0.0327653997378768,763
902,1207,0.7473073736536868,141,0.006472459744231597,0.9467276673714464,-0.792497285113871,-0.4020134348789624,-0.3314862348246977,-0.17227725068969046,1.3540406881031626,207.991305887124,-0.3314862348246977,0.2512479069032383,0.1319290465631929,0.360663005467771,0.09526324944146643,756973.9412734555,709262.7324152112,807398.319885266,0.0744255017059123,0.07234872911361627,36.11169335026873,30.837856467656266,0.06319290465631928,902
863,1207,0.7149958574979287,142,0.02612642587260887,5.6954026035847365,-0.6921227602506861,1.2124289744298342,-1.1428404592991666,0.34954350549991103,6.569516741715938,16.27639749156593,-0.22746251835400189,0.34954350549991103,0.1749710312862109,0.4655222350367126,0.05842699694147451,28363.164570098153,26518.36949326346,30293.839961137757,0.4318312191134341,0.4676912431928795,9.981701551331318,29.937665394092107,0.010428736964078795,863
955,1207,0.7912178956089478,143,-0.0023694125549473164,3.753849889451523,-1.004547623706496,-0.36202009275685537,-0.710531490784453,-0.12455054284273771,4.412971911008672,21.769871097925346,0.06800487361436769,0.18079859862089154,0.3832460732984293,0.3536398086381764,0.052279014037522706,65444.41717092934,61311.697510073085,69634.24238244016,0.39974210452103653,0.4839926410565464,15.125350114658705,176.2633747191964,0.014659685863874346,955
930,1207,0.7705053852526926,144,0.0025426876910046208,3.0492666081895172,-0.6730477825874269,-0.2104148432632621,-0.34101153954261204,-0.38083299834428597,3.6493906428113347,30.089939576149025,0.017040531955351435,0.09203540921479791,0.310752688172043,0.28996406011134135,0.040397743774217336,1024041.0776171829,958792.7099178091,1090390.8394025792,0.33382043730659355,0.568620657214973,16.769836845635965,190.86690197667335,0.021505376344086023,930
807,1201,0.671940049958368,145,0.00859003793519792,1.8255045969838957,-0.3416074960831509,-1.6329307983644616,-0.6738707243417215,-0.502836833595687,2.36762866700942,45.77987475757001,-0.11410848279247143,0.33657016142301344,0.08674101610904585,0.35695409049391597,0.11053973475523285,461613.5208768514,430689.7266732195,494049.60003515106,0.061842756394312484,0.05862842398334054,17.812465727995065,73.58046416271443,0.026022304832713755,807
795,1201,0.6619483763530392,146,0.0071184383787625165,1.0625626269944193,-1.0086373802544717,-16.00314593805334,-0.6268721962080185,-0.7134243246973245,1.451195099105012,191.63472788562655,0.00710786733294233,0.25590306501146165,0.045283018867924525,0.17318522716622753,0.05717674889479401,123095.53800631515,114702.96202768506,131846.7474698469,0.018497998128294304,0.012538705255174669,31.494063843982207,38.718230756016375,0.0389937106918239,795
828,1202,0.6888519134775375,147,0.014015752367146986,1.3298128571568777,0.262526257007252,-0.23921827848886806,-0.2575596728371113,-0.336045956553078,1.9135466366637,74.86131818183735,0.008945067599266665,0.1927948895399646,0.17028985507246377,0.3231975300506001,0.028412260156379505,460975.1787610796,431088.5159415644,492769.3354544373,0.26336820848937786,0.3823835132489537,21.32343768214468,67.3059256302368,0.03864734299516908,828
1076,1203,0.8944305901911886,149,0.00324345981324323,2.8403290992174584,0.18126480760423197,0.3099284203365047,-0.4950483114047535,-0.29020234152719987,3.584245371262898,22.23501587931383,0.2018982368992917,0.2689221936579402,0.2174721189591078,0.2718152533766938,0.07405918301641191,482031.5509126296,453912.76749651285,511255.26228750765,0.09609071380566528,0.12707809599981648,15.429427690422472,163.75009512231102,0.016728624535315983,1076
723,1203,0.600997506234414,150,-0.0012965179312647936,2.468014651013806,-0.02753333276831393,0.7674450395389786,-0.6125638530663331,-0.36897820140725607,3.1003112405018354,28.734988606831447,0.2126746669956847,0.2762825891337903,0.7178423236514523,0.7040326648464753,0.07006659607112047,411147.8908477779,380911.11556176713,441838.4920935554,0.12613834228891602,0.13951809890189304,18.86923050370674,131.44099579693048,0.019363762102351315,723
617,1203,0.512884455527847,151,-3.3404170604837735e-4,3.220075411966838,-1.7718739144999467,-1.2841779614529876,-1.078443091780481,-0.6620594896520061,3.9184438027993966,21.622413860088788,-0.1791342135823727,0.2877324182373936,0.1280388978930308,0.18331814981349184,0.04622847091248032,93180.4629084681,85962.58604515296,100680.37870334856,0.2997864737185657,0.4476933266006572,15.215171490560593,237.49185696464409,0.009724473257698542,617
578,1200,0.4816666666666667,152,-0.016284688100242625,4.8817653430905805,0.024365897614586695,-0.41734753065412583,-0.3939202857820668,-1.2641519266522918,5.639030299590132,14.292997074096434,0.1940040126747184,0.08639270995131265,0.3391003460207612,0.6349678100793112,0.057192886864032726,56288.90126657171,51730.10808434042,60982.18226630074,0.6006448493079509,0.8988522680875916,14.111229328429303,23.627213960920486,0.01384083044982699,578
806,1201,0.6711074104912573,154,0.00598261153407651,2.519315898904166,-0.2617926611556201,0.48423935208792657,-0.8499751655076196,0.07897715566888736,3.139117143004474,30.488298744284286,-0.016894592199415248,0.07897715566888736,0.27543424317617865,0.4219446792836808,0.08887752529066517,748884.6589582751,699256.6090651423,804014.7574412721,0.5271564393438153,0.7049355882919738,15.985718863445811,148.0164547680348,0.018610421836228287,806
996,1203,0.827930174563591,156,0.005420858794244373,1.6046650044072543,-0.35647285648040805,0.7058999726965193,-0.2010486310855604,-0.16544805786354158,2.0521735464991675,77.05786056876644,-0.03165657604157521,0.15657738559352122,0.8162650602409639,0.7746448568092563,0.04825839645573777,1085569.7678770763,1019201.8118810091,1153572.4388768738,0.0958740509688991,0.14011389319783452,24.32940508856458,60.451792883116646,0.04919678714859438,996
418,915,0.4568306010928962,27,0.008540680964273614,0.9200616364181977,NA,NA,-0.493812624367739,-0.3373170643710878,1.3832987818573645,104.63867567155218,-0.08729627340311114,-0.0064586244688684125,NA,NA,NA,672540.5975212221,609436.2518192574,738678.9350182915,0,0,25.596635766395657,73.05615386694735,0.03827751196172249,418
268,1128,0.2375886524822695,28,0.003313922505531362,0.5703771344864215,NA,NA,-1.0451977609867618,-0.7529815685568148,0.8931227117908644,-1948.4718174852803,-0.19292064312448476,0.36611395392670854,NA,NA,NA,1151025.1314444053,1016540.7134036152,1292505.493470429,0,0,115.23175480838773,6.25619035733447,0.1455223880597015,268
667,1149,0.5805047867711053,29,0.00263307968851136,1.8578071838778532,NA,NA,-0.4252170835426541,-0.7413103702526492,2.435050992822555,37.66529773931053,0.0377070950608035,0.22529283559887014,NA,NA,NA,604172.3619714194,559306.3727527008,650893.934265239,0,0,19.778462968918614,116.23552559878095,0.025487256371814093,667
186,400,0.465,56,0.005722791476090566,1.402197179141984,NA,NA,-0.29442921369314673,-0.30927164388275685,1.90163354042487,61.592873887598124,-0.29442921369314673,0.17117422445642588,NA,NA,NA,574526.8641572106,494078.41516418516,659729.2461617688,0,0,22.739744470902895,41.56709349359896,0.04838709677419355,186
942,1186,0.7942664418212478,57,-0.02639436369155759,4.3238156744380944,NA,NA,-0.6049245681331638,-0.22106268363385845,5.23319432258305,12.37305743131165,0.16615684460255875,0.08522130163509178,NA,NA,NA,83506.13919566805,78282.24794749125,88804.06864830655,0,0,16.70695746832154,12.012848657781673,0.006369426751592357,942
404,1193,0.33864207879295893,58,0.007400979738308176,2.0351367928439923,NA,NA,-0.26536584066245883,-0.4691505016503595,2.6387146875445415,31.534474994103245,-0.04030802039201892,0.24449533145864283,NA,NA,NA,1380475.4437557978,1249529.1213364135,1515432.4450948515,0,0,15.429326682852103,57.41481532575927,0.022277227722772276,404
527,919,0.573449401523395,59,0.005364094780472272,1.52832526433237,NA,NA,-0.6569922104589223,-0.20507580563166944,2.0486441143852434,74.69911322191894,-0.030355676134835252,0.1556970917240822,NA,NA,NA,487729.567502849,446783.713563095,530092.9022977261,0,0,27.750290058952544,73.52442517264146,0.04554079696394687,527
613,919,0.6670293797606094,60,-1.4161461925864068e-4,3.59806699013079,NA,NA,-0.4217536932633442,-0.9077308058845897,4.312156626001716,19.42233194091333,0.30863851640853746,0.16095375830457548,NA,NA,NA,1045337.4700526115,964098.6002293833,1129772.7343703336,0,0,13.905694575561073,95.60913695576075,0.01957585644371941,613
874,1194,0.7319932998324958,61,-2.6175062983985935e-4,3.2768281696754586,NA,NA,-0.5638741465033,-0.6756645403165531,3.8516846775618365,25.679243733729788,0.21465263777747667,0.21603615479526805,NA,NA,NA,114371.51040300708,106921.68924395989,122074.84423410892,0,0,14.859967037138354,197.22866357917636,0.018306636155606407,874
714,1224,0.5833333333333334,87,0.005829253125151538,1.1883940832197681,NA,NA,-1.2705033758330178,-0.14532403588297682,1.5865227717590404,157.9409501777949,0.17330987366483863,0.1534179644999647,NA,NA,NA,521114.59181378485,483551.4161854262,560466.3342177899,0,0,32.743726293979094,42.481090127442435,0.046218487394957986,714
809,1225,0.6604081632653062,88,0.008178073211138046,1.227050356677715,NA,NA,-0.42229435713944047,-0.08278964950554518,1.7947311162967288,70.63544745368785,0.18314736294947515,0.14713047865477752,NA,NA,NA,367203.2770879858,342355.0749722288,393175.5686734779,0,0,25.40853580367855,56.738127139676386,0.037082818294190356,809
782,1225,0.6383673469387755,89,0.007157907177311784,0.7504595280473224,NA,NA,-0.35194877123347135,-0.21502163426537088,1.132869616832299,433.42331405261535,-0.09146503379616294,0.3717885573564196,NA,NA,NA,849747.9111080472,789886.586294017,909585.2031221138,0,0,40.40342221255079,28.420587898422482,0.06265984654731457,782
1002,1225,0.8179591836734694,90,0.006984266244438119,0.8827765155627714,NA,NA,-0.4128076736536078,-0.07105127149662137,1.2605912278745466,204.66371327359664,-0.055521248733636896,0.2423843620207789,NA,NA,NA,510881.2435102443,480136.9804654848,543107.2476709333,0,0,31.82822686432873,43.45092825748413,0.04590818363273453,1002
65,75,0.8666666666666667,91,0.0023617915328204933,0.5933091320096656,NA,NA,-0.21672903709524546,-0.031778373356913275,0.9872819586104721,366.1247604422532,-0.21672903709524546,0.0010879866837219879,NA,NA,NA,770017.128219043,593324.9142494648,969714.8279916182,0,0,77.37267700354762,11.873094941647961,0.13846153846153847,65
701,1209,0.5798180314309347,116,0.009083092301762243,0.9341706211768117,NA,NA,-0.2556401394393919,-0.5438330240382047,1.3577044760946253,147.93053493478206,0.07846451956327061,0.18866517277158856,NA,NA,NA,507064.39436362626,469982.3022657029,545451.982599701,0,0,26.742282687187878,31.952797206405165,0.0456490727532097,701
997,1164,0.8565292096219931,117,0.006906341027501179,2.730627488580416,NA,NA,-0.22759914861232788,-0.5038881106600862,3.392223146059651,29.23040556850331,0.035666919721501544,0.21222618922882475,NA,NA,NA,315440.96475278237,295805.1453949098,334972.40101079625,0,0,16.093648134851392,91.66011799972519,0.02106318956870612,997
734,1209,0.6071133167907361,118,0.0050509076392366925,1.2700674297091576,NA,NA,-0.473230877498164,-0.1453676639334912,1.63884025257219,112.23300931608905,-0.16649624689612624,0.004827077071002023,NA,NA,NA,342084.01137320796,317800.35249910154,367370.95008037763,0,0,26.432444707635565,62.350259490905756,0.03814713896457766,734
278,1189,0.23380992430613962,119,0.0042684664747102904,0.6224702680937626,NA,NA,-0.30975162356412983,-0.3259688753310029,0.9848520647794413,327.24164143966567,-0.30975162356412983,0.30691260711281604,NA,NA,NA,993758.6609520132,881109.1440107721,1113742.4917703082,0,0,49.45537426482196,26.771548470727886,0.06115107913669065,278
1059,1205,0.8788381742738589,120,0.008334013914701762,1.2472363988236337,NA,NA,-0.2994534977658672,-0.0903526486744793,1.68452023591867,124.06087529495592,-0.1210675679213381,-0.0903526486744793,NA,NA,NA,895285.688005032,841963.8630348813,950459.6668985387,0,0,26.6781481966978,50.39123200454352,0.0453257790368272,1059
933,1206,0.7736318407960199,121,0.006691209435341614,1.4212793722685473,NA,NA,-0.8319832506447578,0.006290300197903379,1.8548687248315014,81.98764589693282,0.2246161828952462,0.006290300197903379,NA,NA,NA,493318.77251049137,461785.9759052902,525189.124647598,0,0,22.95670615313974,73.37388510404254,0.03322615219721329,933
1018,1202,0.8469217970049917,153,-0.011815399081198151,4.42044565140938,NA,NA,-0.588529036055301,-0.16998497984475394,5.23219536798983,11.93008194591678,0.21522205508638392,0.12035911477285163,NA,NA,NA,70339.52065468387,66137.67878830087,74699.60064527142,0,0,11.275398527311621,60.26992157787377,0.005893909626719057,1018
450,1203,0.3740648379052369,157,-0.0030389565855161805,3.2357677237344618,NA,NA,-0.9864437554873992,-1.652753187879962,3.849501644448613,26.158197754597076,0.19920738486571754,0.42154849669497896,NA,NA,NA,16831.427491017923,15312.000310891288,18416.14347984692,0,0,17.43995951913862,145.18400755935664,0.015555555555555555,450
