rss,k,period,rss_true,k_true,scenario_id
1.0895060317175227,0.8715950895642559,1,1.0986122886681098,1,3
0.07569092190538824,3.2798419134133865,1,0,3,1
1.1631608885231413,0.9623957843272052,1,1.0986122886681098,1,3
0.15210510994689985,3.274090523078841,1,0,3,1
0.3417147286235198,1.919961580812036,3,0,3,2
1.2308502944292654,1.173679201402845,3,1.0986122886681098,1,4
1.2757992740413187,0.937861398653727,3,1.0986122886681098,1,4
0.4454677312596179,1.4645739794451629,3,0,3,2
0.011629120406553072,2.8175458461761855,1,0,3,1
1.1801314118132389,1.1522422885350563,1,1.0986122886681098,1,3
0.2855443368011026,1.9076421402951114,3,0,3,2
1.0849629240729939,1.1329777402715342,1,1.0986122886681098,1,3
0.05130837518139086,3.247699949849529,1,0,3,1
1.2557503408262827,1.1689734942743486,3,1.0986122886681098,1,4
0.40875873310195354,1.7321197962365953,3,0,3,2
1.3279586971553683,1.031563829110844,3,1.0986122886681098,1,4
0.9463563625243827,1.1305453319302357,1,1.0986122886681098,1,3
0.012418799346172573,3.075001641893517,1,0,3,1
0.06266851514701433,2.90562337182351,1,0,3,1
1.0292926506007034,0.9691723272531715,1,1.0986122886681098,1,3
0.43606276115732395,1.9425399212441519,3,0,3,2
1.3547322908929824,1.0666951698295124,3,1.0986122886681098,1,4
1.436746998982971,1.1290577439407081,3,1.0986122886681098,1,4
0.38634877935433826,1.6265509769982909,3,0,3,2
0.09374406232804364,2.9224540623454986,1,0,3,1
1.0623205685431696,0.9623889585020334,1,1.0986122886681098,1,3
-0.019651452090447094,2.9165262468101547,1,0,3,1
1.1199489079652316,0.9380885496716925,1,1.0986122886681098,1,3
0.6306002257583022,1.5956389841626457,3,0,3,2
1.3376163145877582,1.00543521496921,3,1.0986122886681098,1,4
1.111638717707799,1.0575834146006517,1,1.0986122886681098,1,3
-0.04909898406412672,2.941461049082298,1,0,3,1
0.38012822258856116,1.417700373817397,3,0,3,2
1.2830852299496864,0.9198214359624274,3,1.0986122886681098,1,4
0.017551200414388686,3.029117403905743,1,0,3,1
0.46978203189143836,1.7392909621826578,3,0,3,2
1.1909365205700022,1.1088162932448382,1,1.0986122886681098,1,3
1.2121059475726834,0.965718623135063,3,1.0986122886681098,1,4
0.025508397427809457,3.7356499292800662,1,0,3,1
1.108606317740143,0.8955525828928006,1,1.0986122886681098,1,3
0.3084705550325487,1.658778185962213,3,0,3,2
1.2756683036012535,0.9553935240098926,3,1.0986122886681098,1,4
1.0993826973304976,1.0741605285229288,1,1.0986122886681098,1,3
0.021939688982354676,2.618654481073558,1,0,3,1
0.4405242776275275,1.941279975028715,3,0,3,2
1.3133169337662522,0.9051442195392575,3,1.0986122886681098,1,4
1.093654395403553,1.073819085101478,1,1.0986122886681098,1,3
0.09372183827334994,3.1326829438944697,1,0,3,1
1.3824364394291462,0.987709141644279,3,1.0986122886681098,1,4
0.3992417215134972,2.1445368292456837,3,0,3,2
-0.047173660845303264,2.979424304641309,1,0,3,1
1.1789331176477669,0.9376591657689075,1,1.0986122886681098,1,3
1.3373182068821465,0.9359358590945732,3,1.0986122886681098,1,4
0.4126680901376671,1.5777212468451145,3,0,3,2
-0.05544153037497631,2.9702676908975785,1,0,3,1
1.2943737721839514,1.1014949288110876,3,1.0986122886681098,1,4
1.1678490936902524,1.0839756630989348,1,1.0986122886681098,1,3
0.3872588925979961,1.5106590980963195,3,0,3,2
0.05855640584687049,2.805349190978868,1,0,3,1
1.0483701831388204,1.0871699592556117,1,1.0986122886681098,1,3
0.43206903307020195,1.4652675748880333,3,0,3,2
1.4054361000357738,1.0226039853061089,3,1.0986122886681098,1,4
0.06881789642135122,2.7722473591308385,1,0,3,1
1.1451230944568818,1.0375680305124413,1,1.0986122886681098,1,3
0.38279961630160564,1.6511184189012544,3,0,3,2
1.2862936728674124,1.1887787242162127,3,1.0986122886681098,1,4
0.11436406357105243,2.928109649700234,1,0,3,1
1.148503890441219,0.9232573038937709,1,1.0986122886681098,1,3
0.3216357916363747,1.6651122257101685,3,0,3,2
1.3886111957372385,1.0005670543576772,3,1.0986122886681098,1,4
-0.09247224783080094,3.1153428333463697,1,0,3,1
0.4571083254409526,1.7382935941846454,3,0,3,2
1.307492261816971,1.0776073760229679,3,1.0986122886681098,1,4
1.0518200061845235,1.0741911293093835,1,1.0986122886681098,1,3
1.1688189973316776,0.8863785863883977,1,1.0986122886681098,1,3
-0.07749152896945216,2.9647815663011023,1,0,3,1
0.3954698346185252,1.6794302339732081,3,0,3,2
1.283669004937995,0.9965517354888299,3,1.0986122886681098,1,4
1.1104539253657795,1.0822157059399478,1,1.0986122886681098,1,3
-0.04794194343007835,3.1690968335504732,1,0,3,1
0.3556064104867141,1.5939273222656682,3,0,3,2
1.2772868163688855,1.056591642580651,3,1.0986122886681098,1,4
-0.027565981250518182,2.779980079893919,1,0,3,1
1.0564549215904897,0.8754081110616321,1,1.0986122886681098,1,3
1.227787606050999,1.072099839834232,3,1.0986122886681098,1,4
0.38733801605900225,1.5895213480889658,3,0,3,2
-0.09706809602481768,2.865238554484763,1,0,3,1
1.1210747782369401,0.8896021837102374,1,1.0986122886681098,1,3
0.34974036304415107,1.340627382242892,3,0,3,2
1.2843881946545634,0.9707518425818139,3,1.0986122886681098,1,4
1.0793194436126283,1.0192403467903772,1,1.0986122886681098,1,3
-0.04206134681543707,2.8001839314551464,1,0,3,1
1.3244020846508986,0.9075329459320781,3,1.0986122886681098,1,4
0.513219060430459,1.685166096920533,3,0,3,2
-0.10883765907973336,3.1821964288539792,1,0,3,1
1.1672270072121758,1.0901581381317347,1,1.0986122886681098,1,3
0.43313768041648787,1.4564488062896137,3,0,3,2
1.3314453868154001,1.0619987400379576,3,1.0986122886681098,1,4
-0.07493124329916795,3.0197069227935818,1,0,3,1
1.044120435227022,1.0646899205840863,1,1.0986122886681098,1,3
1.2720222102988195,1.1381342572234885,3,1.0986122886681098,1,4
0.4602982146696802,1.576558344530111,3,0,3,2
0.008441666187746413,2.716462363869587,1,0,3,1
0.3985147415544025,1.704404906707692,3,0,3,2
1.084835638783358,1.1270002076946588,1,1.0986122886681098,1,3
1.3755432824446394,1.0029070320854068,3,1.0986122886681098,1,4
1.3027962124434813,1.0169222939475042,3,1.0986122886681098,1,4
-0.12025532736724993,3.098061115661296,1,0,3,1
0.3830427421353583,1.441154672573234,3,0,3,2
1.2515485908736037,1.000434672522362,1,1.0986122886681098,1,3
0.10572432370849734,2.6234267080096076,1,0,3,1
1.0129446904210695,0.9210706164425291,1,1.0986122886681098,1,3
0.3505817952360365,1.8865295403179398,3,0,3,2
1.2739675715602656,1.0014309024396084,3,1.0986122886681098,1,4
-0.10048162727594258,2.885714500246285,1,0,3,1
1.1150571155978035,1.1224529684435771,1,1.0986122886681098,1,3
1.2865522188254155,1.0100125484580968,3,1.0986122886681098,1,4
0.3633856370244634,1.431135234935434,3,0,3,2
0.02200603342692091,2.678804640064187,1,0,3,1
0.4293260711566365,1.7936937469156975,3,0,3,2
1.1006020198098696,0.9230687167475948,1,1.0986122886681098,1,3
1.2609064702407775,1.0356530581830057,3,1.0986122886681098,1,4
1.177002200253905,0.9670892057983884,1,1.0986122886681098,1,3
-0.08260806338824725,2.9174526859767442,1,0,3,1
0.38861415660109505,1.813050113310742,3,0,3,2
1.2261645638232634,1.0024288333867601,3,1.0986122886681098,1,4
0.04989520470820393,2.8424142712115033,1,0,3,1
1.2547608610947136,0.9013515916487546,1,1.0986122886681098,1,3
0.39868104188816644,1.9732903117538458,3,0,3,2
1.3317057808152108,0.7814869913066442,3,1.0986122886681098,1,4
-0.1399694305983367,2.52295104981296,1,0,3,1
1.0295858781762512,1.059653408486679,1,1.0986122886681098,1,3
0.44034508618208595,1.3507642318588386,3,0,3,2
1.3563631510230227,1.2869957032157502,3,1.0986122886681098,1,4
0.06514432953254679,2.8875609543902394,1,0,3,1
1.1651348734379692,1.068449844244084,1,1.0986122886681098,1,3
0.43544061444766885,1.701651605376364,3,0,3,2
1.2416471561420068,0.9706483244799069,3,1.0986122886681098,1,4
-0.08042145212277017,2.6782837934336614,1,0,3,1
1.0177576508787498,1.04818907817969,1,1.0986122886681098,1,3
0.2907153759374502,2.032765103165403,3,0,3,2
1.3345445795605164,0.88722075839442,3,1.0986122886681098,1,4
-0.07694640243573277,3.4827324124071835,1,0,3,1
1.0429444586514687,1.0422250831273905,1,1.0986122886681098,1,3
0.4605772760654633,1.9247060649182552,3,0,3,2
1.285846892150798,0.9304088984804685,3,1.0986122886681098,1,4
0.1256638710281111,2.92078901490254,1,0,3,1
1.1074435229176212,0.9615275569986804,1,1.0986122886681098,1,3
0.4029375170766802,1.7005879364306606,3,0,3,2
-0.0614590347511831,3.2631343918804623,1,0,3,1
1.3487409967918846,1.0163167840956198,3,1.0986122886681098,1,4
0.9955901074742789,0.9872166240243255,1,1.0986122886681098,1,3
1.3023640762927282,0.9879800289724904,3,1.0986122886681098,1,4
0.3710924858906375,1.8714534624274821,3,0,3,2
0.11026619619886686,3.236304423247914,1,0,3,1
0.38718160565835563,1.8260188363423444,3,0,3,2
1.0501137872488184,0.941620551595178,1,1.0986122886681098,1,3
1.3376312652446063,1.0762324329207953,3,1.0986122886681098,1,4
-0.04090541121103297,3.1656058527307716,1,0,3,1
0.33134185403018274,1.7257131164935862,3,0,3,2
1.016242674973509,0.8274955365303339,1,1.0986122886681098,1,3
1.3322406255877737,1.0534170125390105,3,1.0986122886681098,1,4
0.016131322797463404,3.687670578466399,1,0,3,1
1.088980230196191,0.926946588183233,1,1.0986122886681098,1,3
0.46067245281991087,1.5063582282549723,3,0,3,2
1.354090738700231,1.0624655651063115,3,1.0986122886681098,1,4
0.059583746183865534,2.6330258494594623,1,0,3,1
1.1038298332202896,0.888435317855484,1,1.0986122886681098,1,3
0.2895328005518435,1.6583507288305008,3,0,3,2
1.353428861880074,0.9254295035568876,3,1.0986122886681098,1,4
0.07369308289892217,3.1438845215973306,1,0,3,1
1.0870007716750796,1.0277998443904282,1,1.0986122886681098,1,3
0.3978912008558009,1.9746692373303314,3,0,3,2
1.2838542992358473,1.0348584959653848,3,1.0986122886681098,1,4
-0.005771401170587517,3.17195694947928,1,0,3,1
0.31106614686409445,1.5225836501031969,3,0,3,2
1.1313370267216212,0.9071856612634045,1,1.0986122886681098,1,3
1.2334945330569638,1.10889967142638,3,1.0986122886681098,1,4
0.1283032243530872,3.1325497874030117,1,0,3,1
1.064253806785428,0.8369105134086794,1,1.0986122886681098,1,3
1.3134463393578206,0.9135919546248414,3,1.0986122886681098,1,4
0.3906562563708656,1.8587868623540773,3,0,3,2
0.01324935790383421,2.926244792415764,1,0,3,1
0.40426749616199914,1.835712801107713,3,0,3,2
1.0271661172815465,1.0842558071977413,1,1.0986122886681098,1,3
1.2512572423414257,0.8080761377977161,3,1.0986122886681098,1,4
0.0815139149188076,3.5303038399347644,1,0,3,1
0.33452998443813,1.4124667682210599,3,0,3,2
1.1508520580323516,1.0080176020086724,1,1.0986122886681098,1,3
1.3043378403839088,0.9151615298883129,3,1.0986122886681098,1,4
-0.025011498312818185,2.759743936765667,1,0,3,1
0.41731344707382456,1.9523460090155547,3,0,3,2
1.0127044831848524,1.1009699311827128,1,1.0986122886681098,1,3
1.2919310541313374,0.8823689658482463,3,1.0986122886681098,1,4
-0.047743282473336764,3.1009139806337296,1,0,3,1
1.0453776920537363,1.1110868373119362,1,1.0986122886681098,1,3
0.30571909096888955,1.391041953315732,3,0,3,2
1.2998814257241487,1.155553827904809,3,1.0986122886681098,1,4
1.1033419165848142,1.059896372513252,1,1.0986122886681098,1,3
-0.029546250927072526,3.2341185220504602,1,0,3,1
0.22485313709312582,1.7438299705043274,3,0,3,2
1.3230530509532028,0.9632007718357171,3,1.0986122886681098,1,4
0.04942350931905603,3.281783287623941,1,0,3,1
0.4197575055139807,1.4474992897758996,3,0,3,2
1.1229483914115719,0.7601167960324205,1,1.0986122886681098,1,3
1.4162182217294825,0.9725485476731848,3,1.0986122886681098,1,4
0.02355271668898603,3.3106867297613243,1,0,3,1
1.0981975653023384,1.0388962613097243,1,1.0986122886681098,1,3
0.2944645165629976,1.8194043095224954,3,0,3,2
1.3328398788422176,0.9474476015282436,3,1.0986122886681098,1,4
1.061687461305889,0.8932955659750885,1,1.0986122886681098,1,3
-0.09993643792887914,2.7139409081540267,1,0,3,1
1.395332525753911,0.940172048786919,3,1.0986122886681098,1,4
0.3236460288886301,2.035308938595003,3,0,3,2
0.026889332895669728,3.198637094127812,1,0,3,1
1.0994272792042357,1.0361984593571925,1,1.0986122886681098,1,3
1.2686730671152995,0.8853968207121186,3,1.0986122886681098,1,4
0.39986666140538074,1.7639210988455603,3,0,3,2
0.3879887895452089,1.599299560528415,3,0,3,2
0.04922011764693797,3.090243543310781,1,0,3,1
1.152976858450603,0.8804277960233463,1,1.0986122886681098,1,3
1.448226158775036,1.0580594719029037,3,1.0986122886681098,1,4
-0.060251888934331733,3.0741369163429138,1,0,3,1
1.0633531189105165,1.1394262617987412,1,1.0986122886681098,1,3
0.41295143063476336,1.778517477635045,3,0,3,2
1.3423816317228552,1.0666234909573948,3,1.0986122886681098,1,4
-0.1721890183138781,2.905948358225641,1,0,3,1
0.9417387307444525,0.981347337342994,1,1.0986122886681098,1,3
1.2341995821205247,0.9182344836132295,3,1.0986122886681098,1,4
0.3762611498407841,1.7072185129003195,3,0,3,2
1.1713755572780367,1.0425936464618313,1,1.0986122886681098,1,3
0.13186139631726534,2.915479864864542,1,0,3,1
0.3781022655465962,1.6760319600710334,3,0,3,2
1.384067592967425,0.8758219087710388,3,1.0986122886681098,1,4
0.039251389168511085,2.8166134431407825,1,0,3,1
0.9644309862742436,0.8082172720269692,1,1.0986122886681098,1,3
0.3846607023524569,1.851645902047905,3,0,3,2
1.4391644577549787,0.8695556376451716,3,1.0986122886681098,1,4
1.0366663838656518,0.9969608635645757,1,1.0986122886681098,1,3
0.015095387152996976,3.06066127191065,1,0,3,1
1.353939401409041,0.862353010773115,3,1.0986122886681098,1,4
0.4218112910431356,1.7085150006054834,3,0,3,2
-0.03160332302138557,3.286574342028698,1,0,3,1
1.0150458997338752,0.9957845795880188,1,1.0986122886681098,1,3
0.3591153444605594,1.5832201062901932,3,0,3,2
1.2898152996536993,0.9713271367940897,3,1.0986122886681098,1,4
-3.5447197719156934e-4,3.254451079561599,1,0,3,1
1.177584131420325,1.051373467845945,1,1.0986122886681098,1,3
0.29307888478507016,1.514240171951359,3,0,3,2
1.214831306338147,1.1575174181937828,3,1.0986122886681098,1,4
1.1914703380632663,0.9330760818667011,1,1.0986122886681098,1,3
-0.025723084635081106,3.3094988029100354,1,0,3,1
1.3105632200789938,0.96976275853567,3,1.0986122886681098,1,4
0.432386606920038,1.4984567066198462,3,0,3,2
0.02349504682575197,2.8648207156712875,1,0,3,1
1.1118561303285226,0.8537686676734844,1,1.0986122886681098,1,3
0.4307985964740869,1.7174970258984446,3,0,3,2
1.3251130640013493,1.0680645120690104,3,1.0986122886681098,1,4
0.001646007094913215,3.052369278052426,1,0,3,1
1.0533745569487707,1.0547716344804057,1,1.0986122886681098,1,3
0.5002544190496916,1.8637929594291895,3,0,3,2
1.2339264498276201,0.8237712606842204,3,1.0986122886681098,1,4
0.04001916482230342,2.845293384192602,1,0,3,1
1.0965263524724143,0.9902392686522239,1,1.0986122886681098,1,3
1.2658587860357047,0.9782912110306369,3,1.0986122886681098,1,4
0.33261922400679605,1.5110671302144834,3,0,3,2
0.9776739020062178,0.9457152144247317,1,1.0986122886681098,1,3
-0.09195721877288839,3.3651197221105056,1,0,3,1
0.41432731388253996,1.67035938199661,3,0,3,2
1.306297750910031,1.0800236792729812,3,1.0986122886681098,1,4
0.347940803925433,1.5392049288527947,3,0,3,2
-0.03358100244282074,2.9250689407140866,1,0,3,1
1.1879437258196501,1.0221177975222162,1,1.0986122886681098,1,3
1.2342817804774588,0.9129164672597648,3,1.0986122886681098,1,4
0.03224355386926758,3.161698481966721,1,0,3,1
1.0410839651094266,0.9213721409883298,1,1.0986122886681098,1,3
0.4196955181926816,1.684677910242321,3,0,3,2
1.3477148735524511,0.9701599104367462,3,1.0986122886681098,1,4
-0.015284788888972079,3.000486402802193,1,0,3,1
1.3746870920225729,1.1250357712304566,3,1.0986122886681098,1,4
1.0200795618303804,1.094315024444716,1,1.0986122886681098,1,3
0.37113533612143973,1.7777077136939192,3,0,3,2
1.1962107484978917,1.2856034503431557,1,1.0986122886681098,1,3
-0.019931772526718707,3.711092762861815,1,0,3,1
0.41271458438785585,1.494197845110515,3,0,3,2
1.265704913805845,0.897533452344196,3,1.0986122886681098,1,4
1.0036437171704027,1.0167273138869195,1,1.0986122886681098,1,3
0.0358373250418123,3.0696206582817402,1,0,3,1
0.41986791689738906,1.837934795382801,3,0,3,2
1.2455035327013164,1.1060368800256932,3,1.0986122886681098,1,4
0.011739567085955614,2.916508971480418,1,0,3,1
1.1064470497882364,0.8464888978287536,1,1.0986122886681098,1,3
0.3588194508850507,1.848373670393106,3,0,3,2
1.309247526620725,0.9262504830907458,3,1.0986122886681098,1,4
-0.01001989786164746,2.9452204969792555,1,0,3,1
1.0105347116297032,0.9757749003570649,1,1.0986122886681098,1,3
0.37743159160462864,2.0982866302319163,3,0,3,2
1.3359570163702037,1.0550127763965114,3,1.0986122886681098,1,4
1.117493626017438,0.9210247453678013,1,1.0986122886681098,1,3
-0.0805692417477461,3.579040423135118,1,0,3,1
0.4673818166529552,1.3934069746401294,3,0,3,2
1.3360814558700953,0.9075914510849111,3,1.0986122886681098,1,4
-0.061644119475232004,3.2025302494999215,1,0,3,1
1.10160166297229,1.0657750880611438,1,1.0986122886681098,1,3
0.4607352308437624,1.7157036353134258,3,0,3,2
1.3686797481588118,0.9254133164202367,3,1.0986122886681098,1,4
1.011816546307693,0.975198628150963,1,1.0986122886681098,1,3
0.0043978601599212125,3.4169926227862586,1,0,3,1
1.2528829045408456,0.9315443350441507,3,1.0986122886681098,1,4
1.0006058632823838,1.0620193542534158,1,1.0986122886681098,1,3
0.3839605357288,1.4260548024047026,3,0,3,2
-0.018584665391682277,2.765403106404772,1,0,3,1
0.3428684878824815,1.6797237974323307,3,0,3,2
1.4748606905836297,1.4014710012614706,3,1.0986122886681098,1,4
0.057102074275430896,2.9350232356772676,1,0,3,1
1.095825060891231,1.1435065654054206,1,1.0986122886681098,1,3
0.3380504295303492,1.8693428968774004,3,0,3,2
0.028898866406816676,2.7344160903456185,1,0,3,1
1.3207616414679086,0.9987793668068061,3,1.0986122886681098,1,4
1.1235918129156088,0.8241886463207797,1,1.0986122886681098,1,3
1.2770581179278586,1.1683245532891195,3,1.0986122886681098,1,4
0.299792400441185,1.862149442197769,3,0,3,2
-0.05474280296396153,3.045137460750314,1,0,3,1
1.1598813485783859,1.160815604589027,1,1.0986122886681098,1,3
1.3079774784290743,0.9059891255197688,3,1.0986122886681098,1,4
0.46811950499598975,1.9849114208182899,3,0,3,2
0.051618035937665306,2.768322410158955,1,0,3,1
1.1470413911372053,1.069829441723034,1,1.0986122886681098,1,3
0.3874133621321573,1.7798378981479486,3,0,3,2
1.2433032653144245,0.9104884565544561,3,1.0986122886681098,1,4
1.326901501738283,1.0049007902498883,3,1.0986122886681098,1,4
1.1190870658090737,0.9821298564035114,1,1.0986122886681098,1,3
0.053297766324718526,3.116882719773777,1,0,3,1
0.47635352426129435,1.5944153010665953,3,0,3,2
0.016425143381091203,2.9954385160789383,1,0,3,1
1.1305208214606535,0.8566874211880006,1,1.0986122886681098,1,3
1.306696188186503,0.8986995302016244,3,1.0986122886681098,1,4
0.41021662333269215,1.7991394094529318,3,0,3,2
1.0891635095801515,0.9888951337123342,1,1.0986122886681098,1,3
0.004733575671406161,2.8615140094357194,1,0,3,1
0.03429753966413662,2.862362853794163,1,0,3,1
0.37513674491242016,1.4773018999890368,3,0,3,2
1.3741052364287734,1.1586097301772615,3,1.0986122886681098,1,4
1.171164053276408,0.8624387400569846,1,1.0986122886681098,1,3
0.4461749433414806,1.5472834439847827,3,0,3,2
1.3586404884693937,1.0925485043898553,3,1.0986122886681098,1,4
-0.04811054076429477,3.2058933867213417,1,0,3,1
1.0809997872216253,1.1524788001499175,1,1.0986122886681098,1,3
-0.013619979455017002,2.7779781223123603,1,0,3,1
0.43569301231095015,1.9889208874677422,3,0,3,2
1.035292871682956,1.088361505843551,1,1.0986122886681098,1,3
1.3652080365120167,0.920115461392912,3,1.0986122886681098,1,4
1.2557652591342416,1.1022123366075178,3,1.0986122886681098,1,4
0.3707726471932371,1.9363588118883033,3,0,3,2
1.0881708864769204,0.9953482095673761,1,1.0986122886681098,1,3
0.03023544506851659,2.983470130592029,1,0,3,1
0.35740454650594067,1.62900962428373,3,0,3,2
1.3636069401038171,0.9659433945713601,3,1.0986122886681098,1,4
1.056663979913159,0.9473690845078938,1,1.0986122886681098,1,3
0.011649205100105421,2.607858235818293,1,0,3,1
1.382845921984696,1.092559710395993,3,1.0986122886681098,1,4
0.4666923302457274,1.6919455995525718,3,0,3,2
0.03139611832153944,3.1123570352483725,1,0,3,1
0.3823522894258874,1.6493923883876493,3,0,3,2
1.1689931134868186,1.0303440783383642,1,1.0986122886681098,1,3
1.262668805593744,0.948565471871041,3,1.0986122886681098,1,4
0.009858078811750652,2.651342676727643,1,0,3,1
1.1137817970379988,1.0347179387991983,1,1.0986122886681098,1,3
0.3887708757510528,1.6637917362088304,3,0,3,2
1.340084144082798,1.1454346081943974,3,1.0986122886681098,1,4
0.03232578113829046,3.434063800830278,1,0,3,1
1.1061816975474417,0.9080134188443358,1,1.0986122886681098,1,3
0.3064354159812684,1.6825280711355162,3,0,3,2
1.2866349323390438,1.0179233744842247,3,1.0986122886681098,1,4
1.16688364362388,0.9559759419039241,1,1.0986122886681098,1,3
-0.09299643470672364,2.9109809389961185,1,0,3,1
0.3908529345813997,1.518848777216747,3,0,3,2
1.3668814325971144,0.8958504645188103,3,1.0986122886681098,1,4
0.3978806192831523,1.5685089148631945,3,0,3,2
0.04264820066976983,2.66748218956842,1,0,3,1
1.0966707439399215,0.9833428652563422,1,1.0986122886681098,1,3
1.3045188721415832,0.9782999695189921,3,1.0986122886681098,1,4
0.04991487168392707,2.8447178056843465,1,0,3,1
0.44824796172002224,1.9803145483140838,3,0,3,2
1.1767213883875434,0.9609281174970101,1,1.0986122886681098,1,3
1.2907899045645095,0.895568952372084,3,1.0986122886681098,1,4
-0.04422203133474461,2.870133599270079,1,0,3,1
1.0399498717876787,0.9530857832145605,1,1.0986122886681098,1,3
1.3460000557835305,1.1018967825371018,3,1.0986122886681098,1,4
-0.028170476396740748,3.2621779837562745,1,0,3,1
0.4440650705549594,1.9825916249129096,3,0,3,2
0.41788765973822395,1.6788714533505376,3,0,3,2
1.0774166816628146,0.9534060295313507,1,1.0986122886681098,1,3
1.2999869777407835,0.9191471141349798,3,1.0986122886681098,1,4
0.036100699065239224,2.961440528743809,1,0,3,1
0.498990335411535,1.6666836633898914,3,0,3,2
1.1970420222821552,0.9374472681180501,1,1.0986122886681098,1,3
1.1944908052111314,1.1887608830234324,3,1.0986122886681098,1,4
-0.032535163704253,3.2848286296422065,1,0,3,1
0.4273063947742413,1.7635307134461566,3,0,3,2
1.0799781787108849,0.8789112453286867,1,1.0986122886681098,1,3
1.320890561920064,1.1031634647730721,3,1.0986122886681098,1,4
1.1386472631889846,0.9015069057929087,1,1.0986122886681098,1,3
-0.06898477599197188,3.0120180976187285,1,0,3,1
0.45395782683550484,1.867321843123087,3,0,3,2
1.3554097195946233,1.0589272835888177,3,1.0986122886681098,1,4
0.48409081750049643,1.6421419385160392,3,0,3,2
0.05231186234722088,2.868651351610629,1,0,3,1
0.9885094929680656,1.006925782552475,1,1.0986122886681098,1,3
1.252478004849228,0.9584614688588782,3,1.0986122886681098,1,4
-0.03314229086264865,2.830140671295663,1,0,3,1
1.0986986841457598,0.9346071273461446,1,1.0986122886681098,1,3
0.413101517500728,1.739912972200985,3,0,3,2
1.3279798036150634,0.9624907105012159,3,1.0986122886681098,1,4
0.046089084460127744,3.0351122588316963,1,0,3,1
0.4625990494159026,1.8519773785283504,3,0,3,2
1.1522634382586348,1.1164558285113866,1,1.0986122886681098,1,3
1.2828426880185158,1.0291977400190364,3,1.0986122886681098,1,4
-0.02310038193950415,3.095891201111307,1,0,3,1
0.459170786133202,1.6179515825606567,3,0,3,2
1.1022896102869006,0.9045730549962279,1,1.0986122886681098,1,3
1.3062030699585974,1.4011896279276153,3,1.0986122886681098,1,4
0.08028658159520694,3.149942606854803,1,0,3,1
1.0676829205365075,1.1027289754417824,1,1.0986122886681098,1,3
0.4357099706160433,1.7012884471266454,3,0,3,2
1.2879986447840823,1.144900758540785,3,1.0986122886681098,1,4
-0.13071375823287731,3.027116514421641,1,0,3,1
1.1729563081276935,0.9304974931650577,3,1.0986122886681098,1,4
1.1304075228347352,1.139759286899131,1,1.0986122886681098,1,3
0.3569486397665569,1.7473222586695603,3,0,3,2
0.04436874314154812,2.960066558903895,1,0,3,1
1.3303732888188322,0.8401890622075651,3,1.0986122886681098,1,4
1.1173762043161002,1.015355574519425,1,1.0986122886681098,1,3
0.36705666833084655,1.5336115669621138,3,0,3,2
-0.04523945839996056,2.4257124524990465,1,0,3,1
1.1864781239374662,1.2143571319878295,1,1.0986122886681098,1,3
0.2977344727812612,1.9659242181621024,3,0,3,2
0.09441505613221537,3.103525675727046,1,0,3,1
1.3060119710149594,0.928549505065171,3,1.0986122886681098,1,4
1.0613495932925092,0.9806575908419923,1,1.0986122886681098,1,3
0.3809017815275315,1.5045629781101926,3,0,3,2
1.3186305289126279,0.9002604163511276,3,1.0986122886681098,1,4
-0.026385412167316668,2.6036081958387483,1,0,3,1
0.9575243229862479,0.9504856717462867,1,1.0986122886681098,1,3
1.3425144590350977,0.9809282427266733,3,1.0986122886681098,1,4
0.3270250148176332,1.4600930730579285,3,0,3,2
-0.14798456781566852,3.3139527282871866,1,0,3,1
0.35211845143575327,1.7584995394253387,3,0,3,2
1.0357189061812941,1.0977572463150551,1,1.0986122886681098,1,3
1.288370700196029,1.2561121081726934,3,1.0986122886681098,1,4
1.158131608996689,0.9713898230770398,1,1.0986122886681098,1,3
0.12622429621535772,3.8685218886337838,1,0,3,1
0.3874067172087791,1.6366953482077602,3,0,3,2
1.2836659076629744,0.9942864906963365,3,1.0986122886681098,1,4
0.12196497791222484,3.053410632492137,1,0,3,1
1.0585289747367828,0.8621631981794377,1,1.0986122886681098,1,3
0.37534292540934605,1.5787076597677425,3,0,3,2
1.3395011427346704,1.0965678874801565,3,1.0986122886681098,1,4
-0.14672845318890032,3.601665730064179,1,0,3,1
0.3565559505694356,1.512535974036709,3,0,3,2
1.0504251972153038,0.9214714576151922,1,1.0986122886681098,1,3
1.3541291893114753,1.1984925547724452,3,1.0986122886681098,1,4
-0.12163502697591448,2.9373763393093055,1,0,3,1
0.5103928597200552,1.8886462324640754,3,0,3,2
1.150908253623604,1.1311429738570553,1,1.0986122886681098,1,3
1.2773815960079444,0.9750937715993232,3,1.0986122886681098,1,4
-0.04039343756126918,2.8329904998369986,1,0,3,1
1.039728648769705,0.915081591040409,1,1.0986122886681098,1,3
0.2715436957953931,2.0596460828074226,3,0,3,2
1.327138977660145,0.9758718096193837,3,1.0986122886681098,1,4
1.0703456099402764,1.121745683967507,1,1.0986122886681098,1,3
-0.002538695619336195,3.0108778892318653,1,0,3,1
0.4695992181250264,1.7669168512213516,3,0,3,2
1.1956299239098396,0.8665831010384945,3,1.0986122886681098,1,4
1.021390049726534,0.8659575696790575,1,1.0986122886681098,1,3
0.42138141309447247,1.7298783089831444,3,0,3,2
-0.06336834339715694,2.872840016470717,1,0,3,1
1.3324917780945968,0.9690317214143358,3,1.0986122886681098,1,4
-0.04443178654639481,2.7254255733335357,1,0,3,1
1.2039120808523736,1.0701393775568633,1,1.0986122886681098,1,3
1.284603677646462,0.9429563505456197,3,1.0986122886681098,1,4
0.4459864481636715,1.7276532185896516,3,0,3,2
0.12911476605607264,3.098261136373088,1,0,3,1
1.1139055705713479,1.0619518403604238,1,1.0986122886681098,1,3
1.3536602011181307,0.9288253828395878,3,1.0986122886681098,1,4
0.410873838737607,1.804385787036431,3,0,3,2
0.02116355840566452,3.08715474051608,1,0,3,1
0.3645189585788494,1.6860852420079222,3,0,3,2
1.2482125574248728,1.1017418116570317,3,1.0986122886681098,1,4
1.1069313570838948,1.0511094899487126,1,1.0986122886681098,1,3
0.07487031642650649,3.315915197419677,1,0,3,1
0.21726241960647574,1.5828029582753578,3,0,3,2
1.1366602745522443,0.9888481566389211,1,1.0986122886681098,1,3
1.3650946920104219,1.002995920162843,3,1.0986122886681098,1,4
1.0304486323107145,1.0263777445369937,1,1.0986122886681098,1,3
0.0218077051094236,3.147953089704314,1,0,3,1
1.3766379820408756,0.8324148439575078,3,1.0986122886681098,1,4
0.4219260813205251,1.7213413954681436,3,0,3,2
1.0292351658877972,1.011916897296194,1,1.0986122886681098,1,3
0.06009863874477374,2.631414454192908,1,0,3,1
0.5428372200595949,1.733655013142877,3,0,3,2
1.356341277221541,1.0852263306915224,3,1.0986122886681098,1,4
1.0531223038993445,0.8473131569854431,1,1.0986122886681098,1,3
-0.052609669839821196,3.1619288988206127,1,0,3,1
1.362669394943904,1.0658068265305072,3,1.0986122886681098,1,4
0.4360445893037206,1.8259075263681297,3,0,3,2
-0.0542815296078391,3.08615473617742,1,0,3,1
0.42130286762685226,1.344210702883168,3,0,3,2
1.0195309934651844,0.8724211121041568,1,1.0986122886681098,1,3
1.3769445799793516,1.1928775936594052,3,1.0986122886681098,1,4
0.05129492835955695,3.249267056999907,1,0,3,1
1.1398511143642043,0.7852325586533894,1,1.0986122886681098,1,3
0.36327476619844407,1.4808423221914393,3,0,3,2
1.3009886506624104,0.9358538603236076,3,1.0986122886681098,1,4
-0.028300897619266928,3.588806234564448,1,0,3,1
0.4444212029225949,1.399444198186514,3,0,3,2
1.074708474357586,0.807884854425006,1,1.0986122886681098,1,3
1.295866392503701,1.0154386223380432,3,1.0986122886681098,1,4
0.0700730542161827,2.943942945061299,1,0,3,1
0.430745315195214,2.105573503043798,3,0,3,2
1.149887537261109,0.9289893833499333,1,1.0986122886681098,1,3
1.3331290752145273,1.0468136467465816,3,1.0986122886681098,1,4
0.06467813108940626,2.74790034088788,1,0,3,1
1.0674804695592315,0.9765611581009027,1,1.0986122886681098,1,3
0.36745813760244445,1.7625524724287174,3,0,3,2
1.3716224936280965,1.1525845527558283,3,1.0986122886681098,1,4
0.0031772827031808877,2.732918165499939,1,0,3,1
1.1490068687771273,1.0355749304904502,1,1.0986122886681098,1,3
0.4152514826149082,1.673280449927241,3,0,3,2
1.2931537513159765,0.9794301276861083,3,1.0986122886681098,1,4
0.07478710583533528,3.284861309530458,1,0,3,1
1.1012106142931144,0.9744941016235612,1,1.0986122886681098,1,3
0.3979810573418686,1.4798790829823867,3,0,3,2
1.2634897922959163,0.9170942932562485,3,1.0986122886681098,1,4
0.14053467322532295,2.593923669534317,1,0,3,1
1.2966438013647856,0.8967515850747285,3,1.0986122886681098,1,4
1.1177656259864561,0.8731100745899024,1,1.0986122886681098,1,3
0.4526212989440141,1.6257990705856527,3,0,3,2
0.1145224212757374,2.852547027775893,1,0,3,1
1.1016180337986154,0.9839493423680011,1,1.0986122886681098,1,3
0.42268472693113596,1.7716418785706378,3,0,3,2
1.2325197792803526,0.8823651692299908,3,1.0986122886681098,1,4
1.0504959915318974,1.0958583010172385,1,1.0986122886681098,1,3
0.06181351829888944,2.9780954888395303,1,0,3,1
0.38343020354404644,1.4390936576167945,3,0,3,2
1.3407914105287926,1.006649023556357,3,1.0986122886681098,1,4
0.3904683868981257,1.9669331754928847,3,0,3,2
0.08088570370555138,2.8325256655264974,1,0,3,1
1.0485011670707662,0.9571720584724085,1,1.0986122886681098,1,3
1.2989733869313604,1.139440949736909,3,1.0986122886681098,1,4
0.10146399413767282,2.627124408274428,1,0,3,1
1.2412901058936803,0.9218045414198036,3,1.0986122886681098,1,4
1.1007787073453414,1.1635119381901502,1,1.0986122886681098,1,3
0.33254945918615625,1.9511116784260267,3,0,3,2
1.1780873274775363,1.012128846720708,1,1.0986122886681098,1,3
0.05105187990778435,2.8766836957299677,1,0,3,1
0.2912274250471767,1.5861423554961906,3,0,3,2
1.379962809207311,1.0733404869096383,3,1.0986122886681098,1,4
-0.02722031258093768,3.004812610376467,1,0,3,1
1.1249093260968261,1.0053313876520773,1,1.0986122886681098,1,3
0.3775029785115397,1.7365333457500913,3,0,3,2
1.4015908110320754,1.0218547549180272,3,1.0986122886681098,1,4
1.0575971883009523,1.114156674331698,1,1.0986122886681098,1,3
0.3695314332892149,1.652335789905847,3,0,3,2
-0.06660308578738279,2.6892699422060806,1,0,3,1
1.2715127566301003,1.1872154921783746,3,1.0986122886681098,1,4
0.1717376018088248,2.7933239719294427,1,0,3,1
1.2333814164254995,0.930030781193445,3,1.0986122886681098,1,4
1.054058611500011,0.931602746148136,1,1.0986122886681098,1,3
0.4617268621484001,1.572515499269252,3,0,3,2
1.1409921486258179,0.9686533080189074,1,1.0986122886681098,1,3
0.06951330355657255,3.202689054358511,1,0,3,1
0.3463127121792896,1.6511360993485134,3,0,3,2
1.309241254968357,1.029359986141775,3,1.0986122886681098,1,4
-0.1481141705100177,3.336063571614652,1,0,3,1
1.0845965818020167,1.004516526840507,1,1.0986122886681098,1,3
1.2361765487578367,0.9593856087633951,3,1.0986122886681098,1,4
0.39990671417818685,1.754549627332572,3,0,3,2
-0.011795541699293626,2.927184963408543,1,0,3,1
1.1533493483534925,1.064956768461022,1,1.0986122886681098,1,3
1.392920676699508,0.9320938681682438,3,1.0986122886681098,1,4
0.5025458967548132,1.7258764261011459,3,0,3,2
1.333093662270824,0.9608255968414525,3,1.0986122886681098,1,4
0.2898533076404284,1.6121320814943576,3,0,3,2
1.1506645746565927,0.9397858541450431,1,1.0986122886681098,1,3
-0.04301809222223543,2.982759459258621,1,0,3,1
-0.04729824204159988,3.2151720361149634,1,0,3,1
0.9294711966834487,0.9618439867347134,1,1.0986122886681098,1,3
0.44023662964419163,2.052868031056419,3,0,3,2
1.2824415004226501,1.0251743271141132,3,1.0986122886681098,1,4
1.0222140268397262,1.0165635188292148,1,1.0986122886681098,1,3
0.054111890616863556,2.870115956711588,1,0,3,1
0.3180147896305471,1.573394994868325,3,0,3,2
1.384887533705764,0.8273859766872617,3,1.0986122886681098,1,4
-0.02471401043463486,2.74045726878347,1,0,3,1
0.4474693343206634,1.6494740494925728,3,0,3,2
1.0807089265396106,1.1757351428252332,1,1.0986122886681098,1,3
1.334974927187022,1.0006473525579767,3,1.0986122886681098,1,4
1.0169967449074344,0.9757863854087359,1,1.0986122886681098,1,3
-0.06323166849920539,2.999461051907525,1,0,3,1
0.35298385755960626,1.6123619440387569,3,0,3,2
1.422584626023998,1.5539592014431034,3,1.0986122886681098,1,4
-0.038717102650951685,2.6893685390796738,1,0,3,1
1.0812999775291192,0.9115015089877353,1,1.0986122886681098,1,3
0.40935375039982697,1.6178877877510347,3,0,3,2
1.3163699220913336,1.1987807854545212,3,1.0986122886681098,1,4
-0.0530768855885629,3.2132181045802355,1,0,3,1
1.1483936432264534,0.868687615553268,1,1.0986122886681098,1,3
1.2473042671039287,0.9501422586332654,3,1.0986122886681098,1,4
0.4211805140370189,1.7433436271853138,3,0,3,2
0.011919935453536886,2.941862913760385,1,0,3,1
0.5092373574643937,1.5829153580058757,3,0,3,2
1.0952226038494748,1.1312403813154726,1,1.0986122886681098,1,3
1.3736771297330408,1.0264048695631491,3,1.0986122886681098,1,4
1.0926517687582369,1.1897955386931658,1,1.0986122886681098,1,3
0.022188225212544523,3.0890166950580884,1,0,3,1
0.4214130061893396,1.723147502894907,3,0,3,2
1.3107307517809441,0.881210353748384,3,1.0986122886681098,1,4
0.024258114125963372,2.8296748162601175,1,0,3,1
1.1580209148447445,1.0419717989948367,1,1.0986122886681098,1,3
0.5020648535511198,1.8445542375994886,3,0,3,2
1.2698260148684983,0.8671929555836678,3,1.0986122886681098,1,4
-0.06597488757162846,2.98862799051648,1,0,3,1
1.0698514440518971,1.0450840928843803,1,1.0986122886681098,1,3
0.39596060617737205,1.9708455293121696,3,0,3,2
1.4447121630650108,0.9352052469944728,3,1.0986122886681098,1,4
0.3829950077642587,1.541518637135972,3,0,3,2
0.9741770510557436,0.9944536892764698,1,1.0986122886681098,1,3
-0.039570007374216086,3.1101392904889478,1,0,3,1
1.2750480140900318,0.9743890373161452,3,1.0986122886681098,1,4
0.10685630524191585,2.7431444411425723,1,0,3,1
1.1351753104233808,0.8762042720401377,1,1.0986122886681098,1,3
0.5115838701146762,1.804918366809048,3,0,3,2
1.2230183465048379,0.9931548938564168,3,1.0986122886681098,1,4
0.050514222939123554,2.988768681018875,1,0,3,1
1.043410933667184,1.07449480115657,1,1.0986122886681098,1,3
0.28019616223949717,2.109574653692416,3,0,3,2
1.3819139555295894,1.1051950123675018,3,1.0986122886681098,1,4
0.38262332328013055,1.736393583259091,3,0,3,2
-0.07715873494462062,3.352837257255688,1,0,3,1
1.1194310198821094,1.1078959655876632,1,1.0986122886681098,1,3
1.2920370600558697,0.8756848659313925,3,1.0986122886681098,1,4
0.043143173716293115,2.885365136999479,1,0,3,1
1.1260034305645028,1.0502329832512256,1,1.0986122886681098,1,3
0.49121268781635047,1.626547398263937,3,0,3,2
1.339373547993144,0.8334048547311917,3,1.0986122886681098,1,4
0.10303116469156592,3.407400362684691,1,0,3,1
1.1900710326298898,1.1000441072604077,1,1.0986122886681098,1,3
0.4512718298814173,1.809799117674004,3,0,3,2
1.3777141265754382,0.7550619482156643,3,1.0986122886681098,1,4
-0.0421087563040145,2.850914359024021,1,0,3,1
0.36730992013357855,1.5880585281708233,3,0,3,2
1.0645451704422617,0.9479064931278384,1,1.0986122886681098,1,3
1.234496313100966,1.0342410979878818,3,1.0986122886681098,1,4
-0.007081984557903106,3.047355657820963,1,0,3,1
0.3170115084169911,1.63077943409161,3,0,3,2
1.1701469264478828,1.028501860295529,1,1.0986122886681098,1,3
1.3820810312051337,0.8981182102622326,3,1.0986122886681098,1,4
-0.051160449413102674,3.0962792564143093,1,0,3,1
1.2265035724840143,0.9720759788867119,1,1.0986122886681098,1,3
0.3554776761392081,1.8023097908354178,3,0,3,2
1.4034431433778782,0.9742529047445738,3,1.0986122886681098,1,4
-0.030707998957460538,2.9946765691764994,1,0,3,1
1.079853264347964,0.823695819274441,1,1.0986122886681098,1,3
0.47103412458517835,1.5494156282317055,3,0,3,2
1.3615367118549653,1.058328492944618,3,1.0986122886681098,1,4
-0.030239619175440005,3.385585509020012,1,0,3,1
0.3841637948732297,1.6694816207759164,3,0,3,2
1.1596670493456764,0.8460533780383802,1,1.0986122886681098,1,3
1.2335428426356398,0.8838429685354848,3,1.0986122886681098,1,4
-0.06071057512107717,3.027063244821007,1,0,3,1
1.123450096726321,1.1063365530800746,1,1.0986122886681098,1,3
0.40093815828185253,1.4797974693082268,3,0,3,2
1.2896079273708434,1.0281154361165676,3,1.0986122886681098,1,4
0.0640012281581757,2.9169592430216342,1,0,3,1
1.1576803592074296,1.0327077944638472,1,1.0986122886681098,1,3
0.3845483660238177,1.509078852434112,3,0,3,2
1.4925190581247278,0.9184704143082006,3,1.0986122886681098,1,4
0.06290778011546304,2.959708401418154,1,0,3,1
1.1433598273304681,1.015444943055793,1,1.0986122886681098,1,3
0.5164520472411513,1.6569229910460015,3,0,3,2
1.4241591317932645,1.1437301398512874,3,1.0986122886681098,1,4
0.4336524732923613,1.8064766266381402,3,0,3,2
1.0465306823422853,0.9887631705053027,1,1.0986122886681098,1,3
-0.028552832343235877,2.755882677670389,1,0,3,1
1.3220734097041833,1.0172265358859314,3,1.0986122886681098,1,4
1.1144051674324384,1.036980566963449,1,1.0986122886681098,1,3
0.051203146252743074,2.836258630035993,1,0,3,1
1.2734293913116663,1.0842349894682994,3,1.0986122886681098,1,4
0.4195940181176181,1.5358461985506962,3,0,3,2
0.06567688413522856,3.1872724415614715,1,0,3,1
1.0186412878160496,1.0887885369356993,1,1.0986122886681098,1,3
0.3553636456989178,1.574181483327639,3,0,3,2
1.2372737572160448,0.8716002991230924,3,1.0986122886681098,1,4
-0.0037058691958385356,2.7346069859344224,1,0,3,1
1.0356719308984472,1.0184828991684167,1,1.0986122886681098,1,3
1.3614040664914882,1.1036908560859524,3,1.0986122886681098,1,4
0.5007851220622208,1.6772789147407052,3,0,3,2
0.2862320209524482,1.495152738494014,3,0,3,2
1.235295590945628,1.122034426390634,3,1.0986122886681098,1,4
0.04096457451281966,3.0643480977632476,1,0,3,1
1.1080187271418231,1.105826717232091,1,1.0986122886681098,1,3
0.06568077412732976,2.9705457217514186,1,0,3,1
1.1165655736400462,0.8827708802716915,1,1.0986122886681098,1,3
0.37606434473903594,1.838039878750739,3,0,3,2
1.3561717228741874,0.9345312023219843,3,1.0986122886681098,1,4
1.079539718933241,0.905365798078328,1,1.0986122886681098,1,3
-0.010048116042448183,3.485633785523092,1,0,3,1
1.3624484632123943,0.8580501322691093,3,1.0986122886681098,1,4
0.384770906715309,1.7045310867829466,3,0,3,2
0.0031329186322216706,2.768885578100792,1,0,3,1
1.1168937547682798,1.0157983109322073,1,1.0986122886681098,1,3
1.2772980355225945,0.9406761539953866,3,1.0986122886681098,1,4
0.41607825377675534,1.7265787770896748,3,0,3,2
-0.07127693744164051,2.9262201537951187,1,0,3,1
0.41804995101741327,1.862769220250054,3,0,3,2
1.0941874462021148,1.0264563290991409,1,1.0986122886681098,1,3
1.3342694450779955,0.8628819164968548,3,1.0986122886681098,1,4
-0.014585700134800646,3.6516013130888783,1,0,3,1
0.29349186105824676,1.5480371245009685,3,0,3,2
1.1109046781126437,1.08893647859219,1,1.0986122886681098,1,3
1.4242074482628235,1.0545593448259898,3,1.0986122886681098,1,4
0.10937425508707159,3.2150658848035154,1,0,3,1
1.0245911433672417,1.0800020649370636,1,1.0986122886681098,1,3
1.318910410099426,0.8707163904711738,3,1.0986122886681098,1,4
0.39282025621548716,1.5126863345351673,3,0,3,2
0.07855736108218377,2.7964197137280506,1,0,3,1
1.095253306495749,1.0221169840792041,1,1.0986122886681098,1,3
1.308700672712282,0.9562370170887246,3,1.0986122886681098,1,4
0.3461334832723768,1.6451866731305897,3,0,3,2
0.1365032045926939,2.8527158118274905,1,0,3,1
1.1642330799644254,0.9844440955458832,1,1.0986122886681098,1,3
1.1715887596708274,0.9903704917033006,3,1.0986122886681098,1,4
0.5271766368462755,1.7438054839405317,3,0,3,2
0.5270033869999626,2.1152447909024397,3,0,3,2
0.034976893254192704,3.272180982146257,1,0,3,1
1.1104778671266982,1.178776102985674,1,1.0986122886681098,1,3
1.276605675976014,0.9560996324392472,3,1.0986122886681098,1,4
-0.032549164361980784,3.0645518209632154,1,0,3,1
1.0248933714621073,1.0524977626645895,1,1.0986122886681098,1,3
0.4013245242375827,1.5590824551007822,3,0,3,2
1.3009805042529836,1.2413699954495243,3,1.0986122886681098,1,4
0.05430834705753916,2.845679658511684,1,0,3,1
0.9867968225194323,1.1302748610544175,1,1.0986122886681098,1,3
0.3413297584224551,1.621568675205807,3,0,3,2
1.3781257242805134,0.9991750260019939,3,1.0986122886681098,1,4
-0.020101365318132603,2.876280138215073,1,0,3,1
0.3748548340963986,1.8906370716992908,3,0,3,2
1.3191609831407431,1.1729173397698742,3,1.0986122886681098,1,4
1.0486568546443422,0.9445886432272667,1,1.0986122886681098,1,3
1.2198572489492263,1.2252602173479112,1,1.0986122886681098,1,3
0.433982292305839,1.7874154027300466,3,0,3,2
-0.004330855708683303,2.9675684970687968,1,0,3,1
1.3703809999470955,0.9926004106928574,3,1.0986122886681098,1,4
0.006823546086578634,2.875918509959594,1,0,3,1
1.0429833307626937,0.9746903356121318,1,1.0986122886681098,1,3
1.3101411478882903,1.0215803465071813,3,1.0986122886681098,1,4
0.3689599513918183,1.5625602777779535,3,0,3,2
-0.06061952261127166,2.774255121200569,1,0,3,1
1.0565201730807796,0.9234726266265056,1,1.0986122886681098,1,3
0.5328433249137442,1.7785135477591192,3,0,3,2
1.3282013365667666,1.2126664752236036,3,1.0986122886681098,1,4
-0.018476885168220623,2.691189984709756,1,0,3,1
1.012950795192929,0.8781661862795821,1,1.0986122886681098,1,3
0.3767858545915161,1.747649255081404,3,0,3,2
1.2979438616641308,1.0541168175171314,3,1.0986122886681098,1,4
0.11578714209507741,2.6078954037333744,1,0,3,1
0.4467404771528826,1.507966826329776,3,0,3,2
1.184582212560683,0.8450906948511393,1,1.0986122886681098,1,3
1.2475510004209895,1.0409814317187187,3,1.0986122886681098,1,4
0.12165464415004802,2.8145868814629815,1,0,3,1
1.0761343844071798,0.9182184707853389,1,1.0986122886681098,1,3
0.34730136076451706,1.8716522118494672,3,0,3,2
1.2048523747389905,1.1030655730646945,3,1.0986122886681098,1,4
0.0019439150610604601,2.4258771587789316,1,0,3,1
1.1451016080103034,0.8806418501163575,1,1.0986122886681098,1,3
0.40406842356619116,1.6375819385347186,3,0,3,2
1.3113412771701962,0.9681208259529883,3,1.0986122886681098,1,4
0.08735029274391913,3.0751712645744367,1,0,3,1
1.0782232934388465,1.0239176256837739,1,1.0986122886681098,1,3
0.3226361863500068,1.5399998088937075,3,0,3,2
1.3125481894654396,1.0971872582790836,3,1.0986122886681098,1,4
0.015214989303458224,3.3549804191503245,1,0,3,1
0.4483512691007908,1.7480831078886054,3,0,3,2
0.9401245962651017,1.1386097728293734,1,1.0986122886681098,1,3
1.2801639424656517,1.1888334681631632,3,1.0986122886681098,1,4
1.0682280755352742,0.8672630036173535,1,1.0986122886681098,1,3
0.010749830549746566,2.990349325334724,1,0,3,1
1.2964576219889676,1.0004634122561515,3,1.0986122886681098,1,4
0.42991682079587984,1.8107134983898743,3,0,3,2
0.04332446912875107,3.209102769166811,1,0,3,1
1.1029074097146998,1.0202861546805606,1,1.0986122886681098,1,3
0.3985759206660925,1.7224942853507583,3,0,3,2
1.3292348833818453,1.1062899625320954,3,1.0986122886681098,1,4
-0.023778962909034418,3.1510192050504675,1,0,3,1
1.0575412203115127,1.0014770998071607,1,1.0986122886681098,1,3
0.5399095844517907,1.6159343103337036,3,0,3,2
1.310939885364237,1.0715595800959794,3,1.0986122886681098,1,4
0.406107865130031,1.8693278027082392,3,0,3,2
1.327079506323375,1.1334846082484147,3,1.0986122886681098,1,4
