b,rss,scale,k,on_toxic,r,ava_toxic
-5,0.2876818224517498,8.333,4.4816890703380645,0.04095904095904096,1.5375639836404271,0.05433
5,-0.2876820724517809,8.333,4.4816890703380645,0.013986013986013986,1.5417490654376191,0.0104
-5,-0.2876820724517809,8.333,4.4816890703380645,0.0939060939060939,1.9777747817475322,0.08887
-5,-0.2876820724517809,25,4.4816890703380645,0.12087912087912088,6.8047624692014805,0.10890350161203795
5,0,8.333,4.4816890703380645,0.2907092907092907,3.205688321679178,0.28641
-5,0,8.333,4.4816890703380645,0.11588411588411589,2.0917579220719413,0.11783
5,-0.2876820724517809,25,4.4816890703380645,0.04495504495504495,5.2723012155019,0.04630724839660911
5,0.2876818224517498,8.333,4.4816890703380645,0.5574425574425574,4.32055984272547,0.56126
-5,0,25,4.4816890703380645,0.08391608391608392,5.686309315458154,0.08914
5,0,25,4.4816890703380645,0.26373626373626374,8.37638884123168,0.26580259614839336
-5,0.2876818224517498,25,4.4816890703380645,0.1108891108891109,6.231966742683622,0.10967
5,0.2876818224517498,25,4.4816890703380645,0.015984015984015984,4.713073312883444,0.01582
-5,-0.2876820724517809,83.333,4.4816890703380645,0.3386613386613387,28.521207576155145,0.3129129645969715
-5,0,83.333,4.4816890703380645,0.22677322677322678,25.91890465089107,0.21052366378822326
5,0,83.333,4.4816890703380645,0.12487512487512488,19.999964267374573,0.12336820580048899
5,-0.2876820724517809,83.333,4.4816890703380645,0.0999000999000999,18.787712018722374,0.09393020956020429
-5,0.2876818224517498,83.333,4.4816890703380645,0.14185814185814186,20.754661119049995,0.16189587407002345
5,0.2876818224517498,83.333,4.4816890703380645,0.1918081918081918,22.595126863246783,0.18309879315994312
5,-0.2876820724517809,8.333,12.182493960703473,0.09490509490509491,1.1136384576480785,0.09587999999999999
-5,0,8.333,12.182493960703473,0.017982017982017984,0.7017646494183073,0.0179
-5,-0.2876820724517809,8.333,12.182493960703473,0.15584415584415584,1.3016231665274698,0.15123
5,0,8.333,12.182493960703473,9.99000999000999e-4,0.5641575437223072,0
5,0.2876818224517498,8.333,12.182493960703473,0.2937062937062937,2.4226984327119783,0.29889
-5,0.2876818224517498,8.333,12.182493960703473,0.004995004995004995,0.5737005032178872,0.00461
5,-0.2876820724517809,25,12.182493960703473,0.015984015984015984,1.8959123618117746,0.0145
-5,-0.2876820724517809,25,12.182493960703473,0.061938061938061936,2.5710601909856865,0.05868
5,0,25,12.182493960703473,0.2077922077922078,5.714510045967112,0.21078135431481443
5,0.2876818224517498,25,12.182493960703473,9.99000999000999e-4,1.6808666698847243,5.5e-4
-5,0.2876818224517498,25,12.182493960703473,0.03396603396603397,1.9435204456544581,0.03189
5,-0.2876820724517809,83.333,12.182493960703473,0.027972027972027972,7.103990044266187,0.02667954053840538
-5,0,25,12.182493960703473,9.99000999000999e-4,1.6288408564299026,5.3e-4
-5,-0.2876820724517809,83.333,12.182493960703473,0.07892107892107893,9.642614880793754,0.07163887869369565
5,0,83.333,12.182493960703473,0.005994005994005994,5.522097276304572,0.008570561750473386
-5,0,83.333,12.182493960703473,0.016983016983016984,6.154130229118232,0.020842325293753867
5,0.2876818224517498,83.333,12.182493960703473,0.011988011988011988,6.278552892751769,0.008513636363636364
5,-0.2876820724517809,8.333,54.598150033144236,0.002997002997002997,0.13362130806376057,0.0019399999999999999
-5,0.2876818224517498,83.333,12.182493960703473,0.02197802197802198,6.528204719200447,0.028732915704041198
-5,-0.2876820724517809,8.333,54.598150033144236,9.99000999000999e-4,0.11705511537397606,4e-4
-5,0,8.333,54.598150033144236,0.004995004995004995,0.18301777017632886,0.00491
5,0,8.333,54.598150033144236,0.07392607392607392,0.7289723656146297,0.07167
5,0.2876818224517498,8.333,54.598150033144236,0.011988011988011988,0.2068244728314777,0.01841
-5,0.2876818224517498,8.333,54.598150033144236,0.01898101898101898,0.19681528256288072,0.01624
5,-0.2876820724517809,25,54.598150033144236,0.025974025974025976,0.6799994976032595,0.02242
-5,0,25,54.598150033144236,9.99000999000999e-4,0.4135956286723615,7.4e-4
-5,-0.2876820724517809,25,54.598150033144236,0.012987012987012988,0.670035604288215,0.01122
5,0,25,54.598150033144236,9.99000999000999e-4,0.3853357215621559,0
5,0.2876818224517498,25,54.598150033144236,0.004995004995004995,0.4507666575750327,0.00381
-5,0.2876818224517498,25,54.598150033144236,0.001998001998001998,0.4403585652077616,0.00158
5,-0.2876820724517809,83.333,54.598150033144236,0.03296703296703297,2.805191506616427,0.03172760608793205
-5,-0.2876820724517809,83.333,54.598150033144236,0.00999000999000999,2.0409047731939824,0.00732
5,0,83.333,54.598150033144236,0.056943056943056944,3.8094831898589128,0.05242302887536269
-5,0.2876818224517498,83.333,54.598150033144236,0.003996003996003996,1.390857559526074,0.0025058585858585857
-5,0,83.333,54.598150033144236,0.013986013986013986,2.4341960510980027,0.01052646777048839
5,-0.2876820724517809,8.333,4.4816890703380645,0.01898101898101898,1.511201941694656,0.01551
5,0.2876818224517498,83.333,54.598150033144236,9.99000999000999e-4,1.2612489927905934,5.9999999999999995e-5
-5,-0.2876820724517809,8.333,4.4816890703380645,0.12687312687312688,2.119002150124906,0.12037
5,0,8.333,4.4816890703380645,0.20679320679320679,2.845985485519305,0.20493
-5,0,8.333,4.4816890703380645,0.03396603396603397,1.7383940297717357,0.03883
5,0.2876818224517498,8.333,4.4816890703380645,0.6163836163836164,4.810110905670171,0.61543
-5,0.2876818224517498,8.333,4.4816890703380645,0.11688311688311688,2.055043744043071,0.1143
5,-0.2876820724517809,25,4.4816890703380645,0.07792207792207792,5.7894348099436685,0.07378
-5,-0.2876820724517809,25,4.4816890703380645,0.13186813186813187,6.383817786484042,0.12518
5,0,25,4.4816890703380645,0.13586413586413587,6.652035057645805,0.13194
-5,0,25,4.4816890703380645,0.14685314685314685,7.031565689748427,0.14656
5,0.2876818224517498,25,4.4816890703380645,0.03796203796203796,5.25452023310396,0.041511149227174804
-5,0.2876818224517498,25,4.4816890703380645,0.0919080919080919,5.989543302000817,0.09418732885833019
5,-0.2876820724517809,83.333,4.4816890703380645,0.19880119880119881,24.72712198939627,0.18951813702282924
-5,-0.2876820724517809,83.333,4.4816890703380645,0.21178821178821178,24.139074126323724,0.19745889904783093
5,0,83.333,4.4816890703380645,0.029970029970029972,15.66294379022263,0.03463533066202258
-5,0,83.333,4.4816890703380645,0.22377622377622378,24.40057834390531,0.22013418689202657
5,0.2876818224517498,83.333,4.4816890703380645,0.023976023976023976,16.147556166792537,0.03344656850916564
-5,0.2876818224517498,83.333,4.4816890703380645,0.17682317682317683,23.192137016856353,0.18620421221748462
5,-0.2876820724517809,8.333,12.182493960703473,9.99000999000999e-4,0.5622829199308752,0
-5,-0.2876820724517809,8.333,12.182493960703473,0.026973026973026972,0.7159924872511375,0.02612
5,0,8.333,12.182493960703473,0.6453546453546454,4.303934887710313,0.64322
-5,0,8.333,12.182493960703473,0.001998001998001998,0.559721463009086,8.900000000000001e-4
-5,0.2876818224517498,8.333,12.182493960703473,0.1048951048951049,1.098517763087322,0.10928
5,0.2876818224517498,8.333,12.182493960703473,0.03696303696303696,0.7339054912934186,0.03733
-5,-0.2876820724517809,25,12.182493960703473,0.05094905094905095,2.617944447478956,0.04633767676767677
5,0,25,12.182493960703473,9.99000999000999e-4,1.7298160362285393,0
5,-0.2876820724517809,25,12.182493960703473,0.03796203796203796,2.3760824388802333,0.03852
-5,0,25,12.182493960703473,0.01898101898101898,2.0811652085683656,0.01668
5,0.2876818224517498,25,12.182493960703473,0.022977022977022976,2.1086543098661172,0.02246
-5,0.2876818224517498,25,12.182493960703473,0.008991008991008992,1.8811888620590314,0.01111
5,-0.2876820724517809,83.333,12.182493960703473,0.06593406593406594,9.193915146546473,0.058461099146312694
-5,-0.2876820724517809,83.333,12.182493960703473,0.11488511488511488,10.126706164235104,0.10500552818132382
5,0.2876818224517498,83.333,12.182493960703473,0.004995004995004995,5.781528640433618,0.008444038342609771
-5,0,83.333,12.182493960703473,0.07792207792207792,10.410964026864294,0.07689835611975668
5,0,83.333,12.182493960703473,0.014985014985014986,6.756721509135049,0.012758193156050299
-5,0.2876818224517498,83.333,12.182493960703473,0.05094905094905095,7.795707446913396,0.05546682725363947
5,-0.2876820724517809,8.333,54.598150033144236,0.011988011988011988,0.1810498438854094,0.00978
-5,-0.2876820724517809,8.333,54.598150033144236,0.015984015984015984,0.22374904297106707,0.014110000000000001
-5,0,8.333,54.598150033144236,0.18681318681318682,1.2785498006592748,0.18301
5,0,8.333,54.598150033144236,0.2047952047952048,1.3248224815060525,0.20425
5,-0.2876820724517809,25,54.598150033144236,9.99000999000999e-4,0.4232231716457558,1e-5
5,0.2876818224517498,8.333,54.598150033144236,9.99000999000999e-4,0.12341722582461082,0
-5,0.2876818224517498,8.333,54.598150033144236,0.007992007992007992,0.1580318426818513,0.0065899999999999995
5,0,25,54.598150033144236,9.99000999000999e-4,0.3820011833155667,0
-5,-0.2876820724517809,25,54.598150033144236,0.001998001998001998,0.43542409829282064,0.00141
-5,0.2876818224517498,25,54.598150033144236,0.007992007992007992,0.5775822399602468,0.00983
5,0.2876818224517498,25,54.598150033144236,0.12487512487512488,2.759764932324795,0.12667272727272727
-5,0,25,54.598150033144236,9.99000999000999e-4,0.4115160678041039,4e-4
5,0,83.333,54.598150033144236,0.008991008991008992,1.3408041332774876,0.007447755102040816
5,-0.2876820724517809,83.333,54.598150033144236,9.99000999000999e-4,1.3109313183157218,8.999999999999999e-5
-5,-0.2876820724517809,83.333,54.598150033144236,0.002997002997002997,1.4580906984224293,0.00174
5,0.2876818224517498,83.333,54.598150033144236,0.001998001998001998,1.2357044322933133,5.1e-4
-5,0,83.333,54.598150033144236,0.003996003996003996,1.3609893769024946,0.0036000000000000003
-5,-0.2876820724517809,8.333,4.4816890703380645,0.04395604395604396,1.7639709534840682,0.04148
5,-0.2876820724517809,8.333,4.4816890703380645,0.3546453546453546,3.199283140190303,0.35351
-5,0.2876818224517498,83.333,54.598150033144236,0.011988011988011988,1.953264658174618,0.013419292929292928
5,0,8.333,4.4816890703380645,0.2047952047952048,2.3931264489412585,0.19964
-5,0,8.333,4.4816890703380645,0.023976023976023976,1.6433837721114812,0.03522
5,0.2876818224517498,8.333,4.4816890703380645,9.99000999000999e-4,1.510087525297072,0
-5,0.2876818224517498,8.333,4.4816890703380645,0.028971028971028972,1.6507812252640255,0.03116
5,-0.2876820724517809,25,4.4816890703380645,0.026973026973026972,4.855289205713064,0.025860437023294165
-5,-0.2876820724517809,25,4.4816890703380645,0.06793206793206794,5.4068240438277515,0.06579
5,0,25,4.4816890703380645,0.3436563436563437,8.9948817826343,0.345057237682952
-5,0,25,4.4816890703380645,0.07292707292707293,5.887926069399852,0.06790035354597947
5,0.2876818224517498,25,4.4816890703380645,0.12187812187812187,6.827352192093294,0.127251316184683
-5,0.2876818224517498,25,4.4816890703380645,0.1068931068931069,5.709515518793532,0.11116
5,-0.2876820724517809,83.333,4.4816890703380645,0.21478521478521478,24.420157431080273,0.20205247898410028
-5,-0.2876820724517809,83.333,4.4816890703380645,0.27472527472527475,27.182892613927816,0.23587829653347575
5,0,83.333,4.4816890703380645,0.07592407592407592,20.202357769917178,0.08325430274722821
-5,0,83.333,4.4816890703380645,0.23076923076923078,24.03412215417551,0.21563786938177712
5,0.2876818224517498,83.333,4.4816890703380645,0.02097902097902098,15.6449240175599,0.024222865372643718
-5,0.2876818224517498,83.333,4.4816890703380645,0.11788211788211789,20.63723812326591,0.13535946480613165
5,-0.2876820724517809,8.333,12.182493960703473,0.3886113886113886,2.8632964854331875,0.38287
-5,-0.2876820724517809,8.333,12.182493960703473,0.002997002997002997,0.5463452518488554,0.00427
5,0,8.333,12.182493960703473,0.2777222777222777,2.376792438432567,0.27517
-5,0,8.333,12.182493960703473,0.002997002997002997,0.5664307831011505,0.0025700000000000002
5,0.2876818224517498,8.333,12.182493960703473,0.03396603396603397,0.7478148736207364,0.03686
-5,0.2876818224517498,8.333,12.182493960703473,0.004995004995004995,0.5746717061317698,0.00615
5,-0.2876820724517809,25,12.182493960703473,0.017982017982017984,2.1052625885594014,0.01743
-5,0,25,12.182493960703473,0.025974025974025976,2.0118871371426836,0.02446
-5,-0.2876820724517809,25,12.182493960703473,0.013986013986013986,1.8241614503606882,0.01234
5,0,25,12.182493960703473,0.00999000999000999,1.7000926128084908,0.00791
5,0.2876818224517498,25,12.182493960703473,9.99000999000999e-4,1.6393059373407377,0.00229
-5,0.2876818224517498,25,12.182493960703473,0.01098901098901099,1.858114600055489,0.00972
5,-0.2876820724517809,83.333,12.182493960703473,0.057942057942057944,8.689453451438785,0.05522785891481651
-5,-0.2876820724517809,83.333,12.182493960703473,0.13186813186813187,11.994918035378587,0.10642900683090559
5,0,83.333,12.182493960703473,0.053946053946053944,7.254967107384795,0.05281701540159651
-5,0,83.333,12.182493960703473,0.03896103896103896,7.64652798973728,0.042788622112122185
-5,0.2876818224517498,83.333,12.182493960703473,0.03696303696303696,6.862615886130687,0.03993463416136305
5,0.2876818224517498,83.333,12.182493960703473,0.014985014985014986,6.766297040709637,0.01572897440903884
5,-0.2876820724517809,8.333,54.598150033144236,9.99000999000999e-4,0.12302900785290932,0
-5,-0.2876820724517809,8.333,54.598150033144236,0.0919080919080919,0.8240236637661679,0.08718
5,0,8.333,54.598150033144236,9.99000999000999e-4,0.12256178987067178,4.3e-4
-5,0,8.333,54.598150033144236,0.06393606393606394,0.5397189747450775,0.06154
5,0.2876818224517498,8.333,54.598150033144236,0.001998001998001998,0.13019084939949466,6.6e-4
-5,0.2876818224517498,8.333,54.598150033144236,0.01898101898101898,0.23193462622243693,0.01578
5,-0.2876820724517809,25,54.598150033144236,0.01898101898101898,0.8569517919173143,0.01789
-5,-0.2876820724517809,25,54.598150033144236,9.99000999000999e-4,0.3757399824078232,4.3e-4
5,0,25,54.598150033144236,0.04995004995004995,1.2486691202090414,0.04876
-5,0,25,54.598150033144236,0.023976023976023976,0.7751705567954794,0.02
5,0.2876818224517498,25,54.598150033144236,0.01098901098901099,0.6880537249054075,0.01034
-5,0.2876818224517498,25,54.598150033144236,0.001998001998001998,0.4143881164663405,0.00209
5,-0.2876820724517809,83.333,54.598150033144236,9.99000999000999e-4,1.1726164710757454,1.6e-4
-5,-0.2876820724517809,83.333,54.598150033144236,0.007992007992007992,1.7973234997801186,0.005773516800659658
5,0,83.333,54.598150033144236,9.99000999000999e-4,1.2522899484677317,8.999999999999999e-5
-5,0,83.333,54.598150033144236,0.01098901098901099,2.178717554308848,0.011660005858802851
5,0.2876818224517498,83.333,54.598150033144236,0.015984015984015984,2.4857590190564873,0.01480469387755102
-5,0.2876818224517498,83.333,54.598150033144236,0.011988011988011988,1.7996787508748542,0.01119
5,-0.2876820724517809,8.333,4.4816890703380645,0.2137862137862138,2.608866860549103,0.21471
-5,-0.2876820724517809,8.333,4.4816890703380645,0.07492507492507493,1.913801390249085,0.06964
5,0,8.333,4.4816890703380645,0.022977022977022976,1.5647819865894743,0.02295
-5,0,8.333,4.4816890703380645,0.1018981018981019,1.8711216734171499,0.10045
5,0.2876818224517498,8.333,4.4816890703380645,9.99000999000999e-4,1.4656994176163276,0
5,-0.2876820724517809,25,4.4816890703380645,0.1918081918081918,6.815140241845278,0.17289082837883119
-5,-0.2876820724517809,25,4.4816890703380645,0.3066933066933067,8.592873322647954,0.28137
5,0,25,4.4816890703380645,0.1878121878121878,7.406544235648667,0.18637
-5,0,25,4.4816890703380645,0.07992007992007992,5.537333503296018,0.08123
-5,0.2876818224517498,8.333,4.4816890703380645,9.99000999000999e-4,1.576273463907821,9.1e-4
5,0.2876818224517498,25,4.4816890703380645,0.12687312687312688,5.732553166864994,0.13379
-5,0.2876818224517498,25,4.4816890703380645,0.0999000999000999,5.900465576816641,0.10145773506588672
-5,-0.2876820724517809,83.333,4.4816890703380645,0.1978021978021978,21.575764777528097,0.18016406262894794
-5,0.2876818224517498,83.333,4.4816890703380645,0.07992007992007992,17.635750731986217,0.10434240163834323
5,-0.2876820724517809,83.333,4.4816890703380645,0.04495504495504495,17.810887440700938,0.044095141385877744
5,0,83.333,4.4816890703380645,0.08091908091908091,17.41858277537707,0.07360519366125666
-5,0,83.333,4.4816890703380645,0.21578421578421578,24.49682312003274,0.22602907166917802
5,0.2876818224517498,83.333,4.4816890703380645,0.022977022977022976,15.475813764621662,0.022589157233900387
5,-0.2876820724517809,8.333,12.182493960703473,0.017982017982017984,0.7273176788792493,0.01815
-5,0,8.333,12.182493960703473,0.008991008991008992,0.613443252849314,0.0142
-5,-0.2876820724517809,8.333,12.182493960703473,0.09490509490509491,1.208771696889851,0.08853
5,0,8.333,12.182493960703473,0.17882117882117882,1.535144177533937,0.18051999999999999
5,0.2876818224517498,8.333,12.182493960703473,0.4275724275724276,3.1601415444955188,0.43061
-5,0.2876818224517498,8.333,12.182493960703473,0.11188811188811189,1.2451270962746641,0.11563
5,-0.2876820724517809,25,12.182493960703473,0.3946053946053946,9.026728587816741,0.3952288888888889
-5,-0.2876820724517809,25,12.182493960703473,0.00999000999000999,1.9538929099882596,0.00736
5,0,25,12.182493960703473,0.001998001998001998,1.6939884304823705,9.6e-4
-5,0.2876818224517498,25,12.182493960703473,0.006993006993006993,1.8420141011331848,0.00902
5,0.2876818224517498,25,12.182493960703473,0.07992007992007992,3.4661495944382668,0.07953
-5,0,25,12.182493960703473,0.014985014985014986,1.8686590772164435,0.01745
5,-0.2876820724517809,83.333,12.182493960703473,0.027972027972027972,6.344117790812413,0.025617963570777808
-5,-0.2876820724517809,83.333,12.182493960703473,0.07792207792207792,9.395535484517703,0.06475514345873072
5,0,83.333,12.182493960703473,0.015984015984015984,6.217990627684523,0.013856232289626126
-5,0,83.333,12.182493960703473,0.09490509490509491,10.665008008900069,0.08266876606023738
5,0.2876818224517498,83.333,12.182493960703473,0.013986013986013986,6.443837772405089,0.014420413447009544
5,0,8.333,54.598150033144236,0.04795204795204795,0.40364872052473233,0.04688
-5,-0.2876820724517809,8.333,54.598150033144236,0.001998001998001998,0.14217672486926602,7.1e-4
-5,0,8.333,54.598150033144236,0.14185814185814186,1.1230992419418642,0.13881
-5,0.2876818224517498,83.333,12.182493960703473,0.061938061938061936,8.855898669544892,0.07398334723471606
5,0.2876818224517498,8.333,54.598150033144236,0.002997002997002997,0.14557102082269446,0.00248
5,-0.2876820724517809,8.333,54.598150033144236,9.99000999000999e-4,0.12159401880502045,3.1e-4
-5,0.2876818224517498,8.333,54.598150033144236,0.004995004995004995,0.1794880618745807,0.00815
5,-0.2876820724517809,25,54.598150033144236,0.003996003996003996,0.44052361514137983,0.00339
-5,0,25,54.598150033144236,0.05194805194805195,1.3966270034502875,0.04887
5,0.2876818224517498,25,54.598150033144236,0.060939060939060936,1.36290335159815,0.05968
5,0,25,54.598150033144236,0.08391608391608392,1.8080200410843452,0.08307
-5,0.2876818224517498,25,54.598150033144236,0.001998001998001998,0.4104378783808786,0.00106
5,-0.2876820724517809,83.333,54.598150033144236,0.001998001998001998,1.2648727094351895,0.00122
-5,-0.2876820724517809,25,54.598150033144236,0.001998001998001998,0.4186217392718221,7.1e-4
-5,-0.2876820724517809,83.333,54.598150033144236,0.017982017982017984,2.0545436150321468,0.012931493367328087
5,0,83.333,54.598150033144236,9.99000999000999e-4,1.2393396577421554,1e-4
5,-0.2876820724517809,8.333,4.4816890703380645,0.43956043956043955,4.03298352490303,0.44255
-5,0.2876818224517498,83.333,54.598150033144236,0.005994005994005994,1.6779167198933769,0.005104949494949495
-5,0,83.333,54.598150033144236,0.012987012987012988,2.2509552697922484,0.013391569212665303
5,0,8.333,4.4816890703380645,9.99000999000999e-4,1.4693941738339136,0
5,0.2876818224517498,83.333,54.598150033144236,0.007992007992007992,1.7137652419948828,0.008131906823335394
-5,-0.2876820724517809,8.333,4.4816890703380645,0.026973026973026972,1.5563402347429638,0.02472
-5,0,8.333,4.4816890703380645,9.99000999000999e-4,1.4897664329524438,7.1e-4
5,0.2876818224517498,8.333,4.4816890703380645,0.06393606393606394,1.8889957739561307,0.06247
-5,-0.2876820724517809,25,4.4816890703380645,0.11588411588411589,6.047009344915073,0.10954959765206053
-5,0.2876818224517498,8.333,4.4816890703380645,0.027972027972027972,1.5384544588331275,0.04579
5,-0.2876820724517809,25,4.4816890703380645,0.23276723276723277,8.265440118798999,0.22547979797979797
-5,0,25,4.4816890703380645,0.33766233766233766,9.815791678675902,0.31826
5,0,25,4.4816890703380645,0.17682317682317683,7.849530041499327,0.17691
5,0.2876818224517498,25,4.4816890703380645,0.04495504495504495,5.562828912576272,0.0469
-5,0.2876818224517498,25,4.4816890703380645,0.022977022977022976,5.148302297301314,0.027840204081632652
5,-0.2876820724517809,83.333,4.4816890703380645,0.12987012987012986,19.824474551859385,0.12111488856782807
-5,0.2876818224517498,83.333,4.4816890703380645,0.12487512487512488,20.87874449802524,0.13803117197740616
5,0,83.333,4.4816890703380645,0.0899100899100899,19.92319328935535,0.0967080796092494
-5,-0.2876820724517809,83.333,4.4816890703380645,0.22977022977022976,23.672816302208727,0.1979864965964524
5,0.2876818224517498,83.333,4.4816890703380645,0.05194805194805195,17.714893507831764,0.06044068111510901
5,-0.2876820724517809,8.333,12.182493960703473,0.16983016983016982,1.5469738464429383,0.16962
-5,0,83.333,4.4816890703380645,0.15184815184815184,21.597984642233918,0.15214279845905285
-5,-0.2876820724517809,8.333,12.182493960703473,0.016983016983016984,0.7403155815456758,0.01527
5,0,8.333,12.182493960703473,9.99000999000999e-4,0.529588959728024,0
-5,-0.2876820724517809,25,12.182493960703473,0.026973026973026972,2.0283135637952663,0.02424
5,-0.2876820724517809,25,12.182493960703473,0.004995004995004995,1.7400221735048629,0.0025700000000000002
5,0,25,12.182493960703473,9.99000999000999e-4,1.617043990448944,0
-5,0,8.333,12.182493960703473,0.04395604395604396,0.8282170728842416,0.0434
5,0.2876818224517498,8.333,12.182493960703473,9.99000999000999e-4,0.5690362528081186,0
-5,0.2876818224517498,8.333,12.182493960703473,0.011988011988011988,0.6732402526598994,0.01335
-5,0,25,12.182493960703473,0.00999000999000999,1.8213071229967022,0.00995
5,0.2876818224517498,25,12.182493960703473,9.99000999000999e-4,1.7305393926354304,0
5,0,83.333,12.182493960703473,0.01998001998001998,6.6420593728243675,0.01812371495567924
-5,0,83.333,12.182493960703473,0.01998001998001998,6.305407597056425,0.018355768031673776
-5,-0.2876820724517809,83.333,12.182493960703473,0.07092907092907093,8.58351878131605,0.06067466119337251
-5,0.2876818224517498,25,12.182493960703473,0.017982017982017984,1.9905832067454075,0.01965
5,0.2876818224517498,83.333,12.182493960703473,0.017982017982017984,6.576262364388393,0.021665656565656565
5,-0.2876820724517809,83.333,12.182493960703473,0.03796203796203796,7.560075881075258,0.03242113556037341
-5,0.2876818224517498,83.333,12.182493960703473,0.028971028971028972,7.117873836989125,0.03583340212451978
5,-0.2876820724517809,8.333,54.598150033144236,9.99000999000999e-4,0.13009208178980639,3.4e-4
5,0.2876818224517498,8.333,54.598150033144236,9.99000999000999e-4,0.13684329873598106,0
-5,0,8.333,54.598150033144236,0.11188811188811189,0.884745081864826,0.11072
5,-0.2876820724517809,25,54.598150033144236,0.15184815184815184,3.2779800120446216,0.15004
5,0,8.333,54.598150033144236,9.99000999000999e-4,0.12864973030407156,0
-5,-0.2876820724517809,8.333,54.598150033144236,0.002997002997002997,0.1521492586521613,0.00242
-5,0.2876818224517498,8.333,54.598150033144236,0.008991008991008992,0.1969263768223526,0.010579999999999999
-5,-0.2876820724517809,25,54.598150033144236,0.023976023976023976,0.7707070593858503,0.02204
5,0,25,54.598150033144236,0.01098901098901099,0.46113589176129244,0.00947
5,-0.2876820724517809,83.333,54.598150033144236,0.001998001998001998,1.452101879420552,0.0011899999999999999
-5,0,25,54.598150033144236,0.013986013986013986,0.5661067712920969,0.01206
-5,-0.2876820724517809,83.333,54.598150033144236,0.007992007992007992,1.6486441547444444,0.00706
5,0,83.333,54.598150033144236,0.014985014985014986,1.611391320811927,0.012653333333333334
5,0.2876818224517498,25,54.598150033144236,9.99000999000999e-4,0.3875248725928844,0
-5,0.2876818224517498,25,54.598150033144236,0.003996003996003996,0.48274654511717735,0.00317
-5,0,83.333,54.598150033144236,0.001998001998001998,1.500555797412956,0.0012
5,0.2876818224517498,83.333,54.598150033144236,0.024975024975024976,2.914779793400602,0.022922882835627684
-5,0.2876818224517498,83.333,54.598150033144236,0.00999000999000999,1.8922912607260438,0.00844828282828283
5,-0.2876820724517809,8.333,4.4816890703380645,9.99000999000999e-4,1.493691338103695,0
-5,-0.2876820724517809,8.333,4.4816890703380645,0.02197802197802198,1.5923145044449976,0.02022
-5,0,8.333,4.4816890703380645,0.023976023976023976,1.5981205762577013,0.02422
5,0.2876818224517498,8.333,4.4816890703380645,9.99000999000999e-4,1.46244672783123,0
5,0,8.333,4.4816890703380645,1,6.244936668411927,0.99998
5,-0.2876820724517809,25,4.4816890703380645,0.11988011988011989,6.520002775966739,0.11438
-5,0.2876818224517498,8.333,4.4816890703380645,0.006993006993006993,1.5200998665715568,0.00651
-5,-0.2876820724517809,25,4.4816890703380645,0.06893106893106893,5.421211858563342,0.06819
-5,0,25,4.4816890703380645,0.16983016983016982,6.487448487456259,0.1771499638435382
5,0,25,4.4816890703380645,0.002997002997002997,4.3070873131734215,0.00125
5,-0.2876820724517809,83.333,4.4816890703380645,0.17382617382617382,20.283237397124637,0.1713388944783707
-5,0.2876818224517498,25,4.4816890703380645,0.056943056943056944,5.385323860178441,0.05596397997298426
5,0.2876818224517498,25,4.4816890703380645,0.058941058941058944,5.495657102957575,0.06294
-5,-0.2876820724517809,83.333,4.4816890703380645,0.3106893106893107,26.64323001944135,0.27431490507002965
5,0,83.333,4.4816890703380645,0.07692307692307693,17.81231273918788,0.08097591411478741
-5,0,83.333,4.4816890703380645,0.24675324675324675,23.019099527957934,0.23529598485830364
5,0.2876818224517498,83.333,4.4816890703380645,0.06393606393606394,18.087403462032032,0.0813452192379749
-5,-0.2876820724517809,8.333,12.182493960703473,9.99000999000999e-4,0.5482062441059253,1.4000000000000001e-4
-5,0.2876818224517498,83.333,4.4816890703380645,0.13386613386613386,19.392733760585568,0.16494852281837372
5,-0.2876820724517809,8.333,12.182493960703473,0.08191808191808192,1.1970094885803142,0.08073
5,0,8.333,12.182493960703473,9.99000999000999e-4,0.5410342235701522,0
-5,0,8.333,12.182493960703473,0.16283716283716285,1.422350859515695,0.16028
5,0.2876818224517498,8.333,12.182493960703473,0.23976023976023977,1.9966244205508716,0.23982
-5,0.2876818224517498,8.333,12.182493960703473,9.99000999000999e-4,0.584705630049179,5.2e-4
5,-0.2876820724517809,25,12.182493960703473,0.023976023976023976,2.204016823428406,0.02356
-5,-0.2876820724517809,25,12.182493960703473,0.03396603396603397,2.2173050759407493,0.02914
5,0,25,12.182493960703473,0.023976023976023976,1.9307966547378026,0.02553
-5,0,25,12.182493960703473,0.023976023976023976,1.9457468852009951,0.02627
-5,0.2876818224517498,25,12.182493960703473,0.008991008991008992,1.7715415504355998,0.00785
5,0.2876818224517498,25,12.182493960703473,9.99000999000999e-4,1.5956868153886505,0
5,-0.2876820724517809,83.333,12.182493960703473,0.1068931068931069,10.9578575960597,0.10119130997574312
-5,-0.2876820724517809,83.333,12.182493960703473,0.03696303696303696,7.490336965332775,0.03663175629639547
-5,0,83.333,12.182493960703473,0.08391608391608392,11.594016469637316,0.08329340514945266
5,0.2876818224517498,83.333,12.182493960703473,0.00999000999000999,5.992282458388758,0.011775992578849722
5,0,83.333,12.182493960703473,0.03396603396603397,7.3755494938220085,0.028145097013023465
-5,0.2876818224517498,83.333,12.182493960703473,0.03596403596403597,7.3421301287350955,0.04950219619175506
5,-0.2876820724517809,8.333,54.598150033144236,0.7242757242757243,4.90613057600311,0.72493
-5,-0.2876820724517809,8.333,54.598150033144236,0.01098901098901099,0.2003284110800944,0.01069
5,0,8.333,54.598150033144236,9.99000999000999e-4,0.12603207281672124,0
-5,0,8.333,54.598150033144236,0.008991008991008992,0.1824258655301471,0.00819
5,-0.2876820724517809,25,54.598150033144236,9.99000999000999e-4,0.4473516148992472,0
-5,0.2876818224517498,8.333,54.598150033144236,0.01098901098901099,0.20682599435328097,0.00823
5,0.2876818224517498,8.333,54.598150033144236,0.15284715284715283,1.114422185464336,0.15117
-5,-0.2876820724517809,25,54.598150033144236,9.99000999000999e-4,0.36280599926075496,3.3e-4
5,0,25,54.598150033144236,9.99000999000999e-4,0.43977973317589375,2.9e-4
-5,0,25,54.598150033144236,9.99000999000999e-4,0.3604076797205716,7.8e-4
5,0.2876818224517498,25,54.598150033144236,0.005994005994005994,0.48301933727882523,0.00672
5,-0.2876820724517809,83.333,54.598150033144236,0.054945054945054944,4.139564052714776,0.05345565656565657
-5,0.2876818224517498,25,54.598150033144236,0.023976023976023976,0.710063566188074,0.02255
-5,-0.2876820724517809,83.333,54.598150033144236,0.003996003996003996,1.3959033620073482,0.002553737373737374
5,0,83.333,54.598150033144236,0.001998001998001998,1.3177021799023512,0.0034
-5,0,83.333,54.598150033144236,0.011988011988011988,2.3263659320821475,0.009685250463821892
-5,0.2876818224517498,83.333,54.598150033144236,0.008991008991008992,1.7785630344586139,0.00975
5,0.2876818224517498,83.333,54.598150033144236,0.007992007992007992,1.7733277467169117,0.00812
5,-0.2876820724517809,8.333,4.4816890703380645,0.013986013986013986,1.6176224133953399,0.0133
-5,-0.2876820724517809,8.333,4.4816890703380645,0.18181818181818182,2.183001719425465,0.17865
5,0,8.333,4.4816890703380645,0.07292707292707293,2.014318636110054,0.07218
-5,0.2876818224517498,8.333,4.4816890703380645,9.99000999000999e-4,1.4710081628056033,4.2e-4
-5,0,8.333,4.4816890703380645,0.004995004995004995,1.5012808501433366,0.00629
5,0.2876818224517498,8.333,4.4816890703380645,0.14285714285714285,2.191267634829885,0.14258
5,0,25,4.4816890703380645,0.007992007992007992,4.609182994061597,0.00767
5,-0.2876820724517809,25,4.4816890703380645,9.99000999000999e-4,4.3346633455249295,0
-5,-0.2876820724517809,25,4.4816890703380645,0.25874125874125875,9.074925026103664,0.23175858585858586
5,-0.2876820724517809,83.333,4.4816890703380645,0.14285714285714285,20.707015864645683,0.12645664234190895
-5,0,25,4.4816890703380645,0.029970029970029972,5.271758183949232,0.03215
-5,-0.2876820724517809,83.333,4.4816890703380645,0.34965034965034963,30.372733814451742,0.2806230677728563
5,0.2876818224517498,25,4.4816890703380645,0.08391608391608392,5.384442376418362,0.08376
-5,0.2876818224517498,25,4.4816890703380645,0.07592407592407592,5.752667460002615,0.07905232323232324
-5,0,83.333,4.4816890703380645,0.21478521478521478,24.812049323478185,0.2171683408319192
5,0.2876818224517498,83.333,4.4816890703380645,0.03796203796203796,16.166480070699873,0.044493147088905116
5,0,83.333,4.4816890703380645,0.2047952047952048,23.732055231775302,0.19417558775695537
5,-0.2876820724517809,8.333,12.182493960703473,0.3276723276723277,2.826292823131922,0.32317
-5,0.2876818224517498,83.333,4.4816890703380645,0.14685314685314685,22.477972969022527,0.18055691378022404
-5,0,8.333,12.182493960703473,0.007992007992007992,0.6462260030184349,0.00662
5,0,8.333,12.182493960703473,0.14985014985014986,1.6526414673846592,0.14516
-5,0.2876818224517498,8.333,12.182493960703473,0.08491508491508491,1.1417999990072296,0.08352
-5,-0.2876820724517809,8.333,12.182493960703473,0.008991008991008992,0.5921454359594885,0.00745
5,0.2876818224517498,8.333,12.182493960703473,0.11488511488511488,1.2205446531361261,0.11108
5,-0.2876820724517809,25,12.182493960703473,0.01898101898101898,2.0723025903592056,0.01662
-5,-0.2876820724517809,25,12.182493960703473,0.04095904095904096,2.2823996999868075,0.03754
5,0.2876818224517498,25,12.182493960703473,0.004995004995004995,1.987814662916879,0.00512
5,0,25,12.182493960703473,9.99000999000999e-4,1.7213873702774931,1.4000000000000001e-4
-5,0,25,12.182493960703473,0.001998001998001998,1.6402751091878942,0.00228
-5,0.2876818224517498,25,12.182493960703473,0.014985014985014986,1.9069425850019799,0.01349
-5,-0.2876820724517809,83.333,12.182493960703473,0.04395604395604396,8.010922838542827,0.03893473612979935
5,-0.2876820724517809,83.333,12.182493960703473,9.99000999000999e-4,5.584502340970909,3.0303030303030302e-5
5,0,83.333,12.182493960703473,0.011988011988011988,5.613348782891609,0.01675
-5,0,83.333,12.182493960703473,0.03496503496503497,7.473184533295863,0.043679042338072904
5,0.2876818224517498,83.333,12.182493960703473,0.004995004995004995,6.3002188835213,0.00281
-5,0.2876818224517498,83.333,12.182493960703473,0.055944055944055944,8.902370031778531,0.05881086263571668
5,-0.2876820724517809,8.333,54.598150033144236,9.99000999000999e-4,0.1282056715561714,0.00134
5,0,8.333,54.598150033144236,9.99000999000999e-4,0.125878140495532,0
-5,0,8.333,54.598150033144236,9.99000999000999e-4,0.11642347150280721,0.00112
5,0.2876818224517498,8.333,54.598150033144236,0.013986013986013986,0.2011876685388953,0.01333
-5,-0.2876820724517809,8.333,54.598150033144236,0.04895104895104895,0.4380677051080219,0.04447
-5,0.2876818224517498,8.333,54.598150033144236,0.005994005994005994,0.14196684943222948,0.00376
5,-0.2876820724517809,25,54.598150033144236,9.99000999000999e-4,0.41455130233666976,4.9e-4
5,0,25,54.598150033144236,0.00999000999000999,0.5158670972064595,0.00867
-5,-0.2876820724517809,25,54.598150033144236,0.002997002997002997,0.44577207699005,0.0016099999999999999
5,0.2876818224517498,25,54.598150033144236,9.99000999000999e-4,0.39158665264059767,0
-5,0.2876818224517498,25,54.598150033144236,0.01098901098901099,0.5762206623064287,0.01322
5,-0.2876820724517809,83.333,54.598150033144236,9.99000999000999e-4,1.251706480336495,1.5e-4
-5,0,25,54.598150033144236,0.003996003996003996,0.4274990906343918,0.00255
-5,-0.2876820724517809,83.333,54.598150033144236,0.003996003996003996,1.4067658981593425,0.002286565656565657
5,0.2876818224517498,83.333,54.598150033144236,0.004995004995004995,1.6866603007693228,0.0038237971552257267
-5,0.2876818224517498,83.333,54.598150033144236,0.01098901098901099,2.0592002048949096,0.01786141414141414
5,0,83.333,54.598150033144236,0.004995004995004995,1.4672022648314824,0.00299
-5,-0.2876820724517809,8.333,4.4816890703380645,0.19480519480519481,2.428247410771066,0.18996
5,0,8.333,4.4816890703380645,0.002997002997002997,1.4119273177172575,0.00109
-5,0,83.333,54.598150033144236,0.004995004995004995,1.6452646845697119,0.00557
5,-0.2876820724517809,8.333,4.4816890703380645,0.3696303696303696,3.145007772608377,0.3637
-5,0,8.333,4.4816890703380645,0.03696303696303696,1.6805918665055048,0.03737
-5,-0.2876820724517809,25,4.4816890703380645,0.1008991008991009,6.667675666361898,0.09849686868686869
5,-0.2876820724517809,25,4.4816890703380645,0.14285714285714285,7.190173913729571,0.14030555555555554
5,0,25,4.4816890703380645,0.023976023976023976,4.705952346976226,0.02203
5,0.2876818224517498,8.333,4.4816890703380645,0.01898101898101898,1.5613700820686651,0.0261
-5,0,25,4.4816890703380645,0.16383616383616384,6.92492550392385,0.15401805036139696
-5,0.2876818224517498,8.333,4.4816890703380645,0.03596403596403597,1.7577837390442599,0.03694
5,0.2876818224517498,25,4.4816890703380645,9.99000999000999e-4,4.296824262931072,5e-5
-5,0.2876818224517498,25,4.4816890703380645,0.04395604395604396,5.775932170535591,0.0451
5,-0.2876820724517809,83.333,4.4816890703380645,0.13586413586413587,21.373390250844086,0.11729566325007909
-5,-0.2876820724517809,83.333,4.4816890703380645,0.27672327672327673,27.290897345104856,0.2286417549713358
-5,0,83.333,4.4816890703380645,0.25074925074925075,26.750535417626658,0.24818697003310175
5,0.2876818224517498,83.333,4.4816890703380645,0.008991008991008992,14.521163400663056,0.013157191983538298
-5,0.2876818224517498,83.333,4.4816890703380645,0.18081918081918083,23.444563233778425,0.20558220426907672
5,0,83.333,4.4816890703380645,0.10789210789210789,19.149013194881604,0.11187339311225258
5,-0.2876820724517809,8.333,12.182493960703473,0.017982017982017984,0.6748579310304456,0.01606
-5,-0.2876820724517809,8.333,12.182493960703473,9.99000999000999e-4,0.5567161283608031,1.4000000000000001e-4
5,0,8.333,12.182493960703473,9.99000999000999e-4,0.5433683824466985,0
5,0.2876818224517498,8.333,12.182493960703473,0.026973026973026972,0.7660298392018657,0.03431
5,-0.2876820724517809,25,12.182493960703473,9.99000999000999e-4,1.7270336789406848,0
-5,0,8.333,12.182493960703473,0.04295704295704296,0.7420552320648519,0.04124
-5,0.2876818224517498,8.333,12.182493960703473,0.01898101898101898,0.668723986785978,0.02224
-5,-0.2876820724517809,25,12.182493960703473,0.012987012987012988,1.8470824111848996,0.01333
5,0,25,12.182493960703473,0.03596403596403597,2.2262147979517044,0.03561
-5,0,25,12.182493960703473,0.023976023976023976,1.98989731788179,0.02156
5,0.2876818224517498,25,12.182493960703473,0.6383616383616384,12.608748957283261,0.63458
5,0,83.333,12.182493960703473,0.02097902097902098,7.101204432117864,0.01933178178212504
-5,-0.2876820724517809,83.333,12.182493960703473,0.03296703296703297,8.090242202898533,0.03608416449478228
-5,0.2876818224517498,25,12.182493960703473,0.011988011988011988,1.8698053196436926,0.012620000000000001
5,0.2876818224517498,83.333,12.182493960703473,0.022977022977022976,6.65097019447721,0.023555582770117527
-5,0,83.333,12.182493960703473,0.054945054945054944,7.758778357183714,0.05667751491957893
5,-0.2876820724517809,83.333,12.182493960703473,9.99000999000999e-4,5.592145042855004,1e-4
-5,0.2876818224517498,83.333,12.182493960703473,0.04295704295704296,7.6869911500186845,0.04820790518684233
5,-0.2876820724517809,8.333,54.598150033144236,0.030969030969030968,0.27694171839670584,0.02832
-5,-0.2876820724517809,8.333,54.598150033144236,0.1798201798201798,1.4324789575270924,0.17376
5,0,8.333,54.598150033144236,0.13286713286713286,0.7914001677827378,0.13161
-5,0,8.333,54.598150033144236,0.04595404595404595,0.44331933858169564,0.0416
5,0.2876818224517498,8.333,54.598150033144236,0.002997002997002997,0.1461118291066848,0.00559
-5,0.2876818224517498,8.333,54.598150033144236,0.003996003996003996,0.15595650029406075,0.0033799999999999998
5,-0.2876820724517809,25,54.598150033144236,9.99000999000999e-4,0.4059652059685832,2e-5
-5,-0.2876820724517809,25,54.598150033144236,0.013986013986013986,0.5859420761341277,0.01125
5,0,25,54.598150033144236,0.03396603396603397,1.2050514224832671,0.03206
-5,0,25,54.598150033144236,0.001998001998001998,0.3929060481534955,0.00327
5,0.2876818224517498,25,54.598150033144236,9.99000999000999e-4,0.3835544368456001,2.0999999999999998e-4
-5,0.2876818224517498,25,54.598150033144236,9.99000999000999e-4,0.3820562892770826,2.9e-4
5,0,83.333,54.598150033144236,0.03896103896103896,3.106183396242602,0.032874032814077754
5,-0.2876820724517809,83.333,54.598150033144236,9.99000999000999e-4,1.2277883850598095,3e-4
-5,-0.2876820724517809,83.333,54.598150033144236,0.015984015984015984,1.7231751046707995,0.01452365491651206
-5,0,83.333,54.598150033144236,0.006993006993006993,1.6476223815918913,0.00803
5,0.2876818224517498,83.333,54.598150033144236,0.004995004995004995,1.718702783592819,0.005324040404040404
-5,-0.2876820724517809,8.333,4.4816890703380645,0.5024975024975025,3.939266725298593,0.49375
5,0,8.333,4.4816890703380645,9.99000999000999e-4,1.5783624639088563,6.9e-4
5,-0.2876820724517809,8.333,4.4816890703380645,0.5614385614385614,4.148018354354351,0.54827
-5,0.2876818224517498,83.333,54.598150033144236,0.011988011988011988,2.0084921319104008,0.015049179550608123
-5,0,8.333,4.4816890703380645,0.16483516483516483,2.367482340253271,0.16351
5,0.2876818224517498,8.333,4.4816890703380645,0.5844155844155844,4.295016427802441,0.58075
-5,0.2876818224517498,8.333,4.4816890703380645,0.027972027972027972,1.5990841875670374,0.03652
-5,-0.2876820724517809,25,4.4816890703380645,0.03796203796203796,4.913128566826914,0.04169
-5,0,25,4.4816890703380645,0.055944055944055944,5.196494644786616,0.05477
5,0,25,4.4816890703380645,0.023976023976023976,4.698955748831246,0.02136
5,0.2876818224517498,25,4.4816890703380645,0.04295704295704296,5.441710523993361,0.04982
-5,0.2876818224517498,25,4.4816890703380645,0.04995004995004995,5.421703683072698,0.06096
5,-0.2876820724517809,25,4.4816890703380645,0.1108891108891109,6.1497885435214705,0.10322
5,-0.2876820724517809,83.333,4.4816890703380645,0.06993006993006994,17.631764953144966,0.06565098665835568
-5,-0.2876820724517809,83.333,4.4816890703380645,0.2867132867132867,25.497993812009973,0.23595861251058936
5,0.2876818224517498,83.333,4.4816890703380645,0.013986013986013986,15.080836746010013,0.018251740712108982
5,0,83.333,4.4816890703380645,0.06993006993006994,18.833244528414994,0.07030923192846077
-5,0,83.333,4.4816890703380645,0.14085914085914086,19.511697523047047,0.14885991086513156
-5,0.2876818224517498,83.333,4.4816890703380645,0.16983016983016982,22.563834439446847,0.1927701375024731
-5,-0.2876820724517809,8.333,12.182493960703473,0.12487512487512488,1.1951970759788983,0.11923
5,-0.2876820724517809,8.333,12.182493960703473,0.003996003996003996,0.5835728981413534,0.00362
5,0,8.333,12.182493960703473,9.99000999000999e-4,0.5387490895318916,0
-5,0,8.333,12.182493960703473,9.99000999000999e-4,0.5702660530151636,3.9e-4
5,0,25,12.182493960703473,0.04495504495504495,2.2523139917363095,0.0433
-5,-0.2876820724517809,25,12.182493960703473,0.03296703296703297,2.156225411310076,0.03388
5,-0.2876820724517809,25,12.182493960703473,0.23176823176823177,6.1854616833180245,0.22323
-5,0.2876818224517498,8.333,12.182493960703473,0.013986013986013986,0.6267138299746107,0.01277
-5,0,25,12.182493960703473,0.07092907092907093,3.0579507654027154,0.06732
5,0.2876818224517498,8.333,12.182493960703473,0.01998001998001998,0.6388218191934724,0.01981
5,0.2876818224517498,25,12.182493960703473,0.06693306693306693,3.21248641221725,0.06706
-5,0.2876818224517498,25,12.182493960703473,0.055944055944055944,2.3994189221949553,0.05879
-5,0,83.333,12.182493960703473,0.04195804195804196,7.39420157568259,0.049915698239452445
5,-0.2876820724517809,83.333,12.182493960703473,0.0969030969030969,10.643238463942836,0.0890013725118479
-5,-0.2876820724517809,83.333,12.182493960703473,0.0919080919080919,11.015648423444778,0.08089872995764573
5,0,83.333,12.182493960703473,0.003996003996003996,5.7128099818694285,0.0060511935683364255
-5,0.2876818224517498,83.333,12.182493960703473,0.023976023976023976,6.134368528695576,0.029867479413590907
5,0.2876818224517498,83.333,12.182493960703473,0.053946053946053944,9.040439729205549,0.05875796261365255
5,-0.2876820724517809,8.333,54.598150033144236,9.99000999000999e-4,0.11928821551139661,2.6000000000000003e-4
-5,-0.2876820724517809,8.333,54.598150033144236,0.001998001998001998,0.14136802898958395,0.00239
5,0,8.333,54.598150033144236,9.99000999000999e-4,0.13142177477156886,0
5,-0.2876820724517809,25,54.598150033144236,0.03196803196803197,0.9676308512007491,0.03089
-5,0,8.333,54.598150033144236,9.99000999000999e-4,0.1268702685761816,0.00305
5,0.2876818224517498,8.333,54.598150033144236,0.005994005994005994,0.16749663946342136,0.00538
-5,0.2876818224517498,8.333,54.598150033144236,0.0899100899100899,0.6898131243297504,0.08843
5,0,25,54.598150033144236,0.001998001998001998,0.44521027595717216,9.7e-4
-5,-0.2876820724517809,25,54.598150033144236,0.003996003996003996,0.5840482939287339,0.00309
-5,0,25,54.598150033144236,0.001998001998001998,0.4527986699839908,0.0027
5,-0.2876820724517809,83.333,54.598150033144236,0.016983016983016984,1.934483344957701,0.01483056843949701
5,0,83.333,54.598150033144236,0.025974025974025976,2.8792621652402626,0.023196180008480213
5,0.2876818224517498,25,54.598150033144236,0.053946053946053944,1.8864442952398137,0.05346
-5,-0.2876820724517809,83.333,54.598150033144236,0.017982017982017984,2.000179261020933,0.012684848484848485
-5,0,83.333,54.598150033144236,0.011988011988011988,1.633652339022357,0.007355858585858586
-5,0.2876818224517498,25,54.598150033144236,0.003996003996003996,0.44934070898038303,0.00424
5,0.2876818224517498,83.333,54.598150033144236,0.004995004995004995,1.5238061248022698,0.002747373737373737
-5,0.2876818224517498,83.333,54.598150033144236,0.001998001998001998,1.2616153526752314,0.00154
5,-0.2876820724517809,8.333,4.4816890703380645,0.46653346653346656,3.8631490485395705,0.46343
-5,-0.2876820724517809,8.333,4.4816890703380645,0.14285714285714285,2.3070250769112906,0.13625
-5,0,8.333,4.4816890703380645,9.99000999000999e-4,1.5065780626115015,0.00107
5,0,8.333,4.4816890703380645,0.06493506493506493,1.7975870727838412,0.06901
-5,0.2876818224517498,8.333,4.4816890703380645,0.002997002997002997,1.5734117711701905,0.00371
5,0.2876818224517498,8.333,4.4816890703380645,9.99000999000999e-4,1.468146047955941,9.9e-4
5,-0.2876820724517809,25,4.4816890703380645,0.060939060939060936,5.405582663033471,0.06079
-5,-0.2876820724517809,25,4.4816890703380645,0.15084915084915085,6.906392737127342,0.13845
5,0,25,4.4816890703380645,0.03696303696303696,5.227234456621774,0.03546
-5,0,25,4.4816890703380645,0.0969030969030969,5.410466344183484,0.09957438339654115
5,0.2876818224517498,25,4.4816890703380645,9.99000999000999e-4,4.69291938574629,1.5000000000000001e-4
-5,-0.2876820724517809,83.333,4.4816890703380645,0.26373626373626374,26.80303689080578,0.24217439566521873
5,-0.2876820724517809,83.333,4.4816890703380645,0.1028971028971029,18.410204139083167,0.09911919005605793
-5,0.2876818224517498,25,4.4816890703380645,0.056943056943056944,5.53723802144162,0.06726
5,0,83.333,4.4816890703380645,0.24975024975024976,24.462973221806187,0.2445727185415249
-5,0,83.333,4.4816890703380645,0.24175824175824176,26.691755463212264,0.24764694259445025
-5,0.2876818224517498,83.333,4.4816890703380645,0.08191808191808192,17.2086103775135,0.10507863662188875
5,0.2876818224517498,83.333,4.4816890703380645,0.09490509490509491,18.02377634777061,0.10501475941397342
-5,-0.2876820724517809,8.333,12.182493960703473,0.04495504495504495,0.8322373993908744,0.04286
5,-0.2876820724517809,8.333,12.182493960703473,0.3276723276723277,2.3959459232803826,0.32645
5,0,8.333,12.182493960703473,9.99000999000999e-4,0.5465801642121974,0
5,0.2876818224517498,8.333,12.182493960703473,9.99000999000999e-4,0.5878902234993759,0
-5,0,8.333,12.182493960703473,0.006993006993006993,0.5562410019673418,0.00547
-5,0.2876818224517498,8.333,12.182493960703473,0.004995004995004995,0.5580384390394673,0.00492
5,-0.2876820724517809,25,12.182493960703473,0.08091908091908091,3.0500286800053096,0.07387
-5,-0.2876820724517809,25,12.182493960703473,0.03196803196803197,2.1842351207317763,0.026180000000000002
-5,0.2876818224517498,25,12.182493960703473,0.005994005994005994,1.786831034984955,0.00932
-5,0,25,12.182493960703473,0.007992007992007992,1.7007987578230075,0.00664
5,0,25,12.182493960703473,0.023976023976023976,2.0727193539372744,0.02362
5,-0.2876820724517809,83.333,12.182493960703473,0.0989010989010989,11.094304503308893,0.09233119062982761
5,0.2876818224517498,25,12.182493960703473,9.99000999000999e-4,1.528613700367876,0
-5,-0.2876820724517809,83.333,12.182493960703473,0.05194805194805195,7.587834562521593,0.049260786895997014
5,0,83.333,12.182493960703473,0.023976023976023976,7.37245020961787,0.03101957177781807
-5,0,83.333,12.182493960703473,0.04895104895104895,8.970225020965103,0.053462720981332784
5,0.2876818224517498,83.333,12.182493960703473,0.03396603396603397,7.2921775966341515,0.03287311941251172
-5,0.2876818224517498,83.333,12.182493960703473,0.04795204795204795,8.740535334228897,0.06070998272306314
5,0,8.333,54.598150033144236,0.6433566433566433,4.682537023378117,0.6435
5,-0.2876820724517809,8.333,54.598150033144236,0.004995004995004995,0.14056541776640538,0.00473
-5,-0.2876820724517809,8.333,54.598150033144236,0.002997002997002997,0.13213140095694215,0.00225
-5,0,8.333,54.598150033144236,0.004995004995004995,0.17344455113512594,0.0035499999999999998
5,0.2876818224517498,8.333,54.598150033144236,0.001998001998001998,0.12537216960393563,8.600000000000001e-4
5,-0.2876820724517809,25,54.598150033144236,9.99000999000999e-4,0.40007655495699784,3e-4
-5,0.2876818224517498,8.333,54.598150033144236,0.001998001998001998,0.15018075231019304,0.00122
-5,-0.2876820724517809,25,54.598150033144236,9.99000999000999e-4,0.3901058098800023,3.7e-4
5,0.2876818224517498,25,54.598150033144236,9.99000999000999e-4,0.6116288236967142,3e-4
5,0,25,54.598150033144236,0.003996003996003996,0.5475257414123877,0.00309
-5,0.2876818224517498,25,54.598150033144236,0.004995004995004995,0.5245568384342566,0.00604
-5,0,25,54.598150033144236,0.002997002997002997,0.4235126658415197,0.00245
5,-0.2876820724517809,83.333,54.598150033144236,0.004995004995004995,1.7509077224719483,0.00438
5,0,83.333,54.598150033144236,9.99000999000999e-4,1.2253951122348905,4e-5
-5,-0.2876820724517809,83.333,54.598150033144236,0.011988011988011988,1.6998269455395045,0.009285714591252001
-5,0,83.333,54.598150033144236,0.01098901098901099,1.9493557984831966,0.011237346938775511
5,0.2876818224517498,83.333,54.598150033144236,9.99000999000999e-4,1.2949623620701367,2.5e-4
-5,0.2876818224517498,83.333,54.598150033144236,0.002997002997002997,1.509498699718425,0.0024126262626262625
