syn_id,syn_date,spec_A1,spec_A2,spec_A3,spec_A4,spec_A5,spec_A6,spec_A7,spec_A8,spec_A9,spec_A10,spec_A11,spec_A12,spec_B1,spec_B2,spec_B3,spec_B4,spec_B5,spec_B6,spec_B7,spec_B8,spec_B9,spec_B10,spec_B11,spec_B12,spec_C1,spec_C2,spec_C3,spec_C4,spec_C5,spec_C6,spec_C7,spec_C8,spec_C9,spec_C10,spec_C11,spec_C12,spec_D1,spec_D2,spec_D3,spec_D4,spec_D5,spec_D6,spec_D7,spec_D8,spec_D9,spec_D10,spec_D11,spec_D12,spec_E1,spec_E2,spec_E3,spec_E4,spec_E5,spec_E6,spec_E7,spec_E8,spec_E9,spec_E10,spec_E11,spec_E12,spec_F1,spec_F2,spec_F3,spec_F4,spec_F5,spec_F6,spec_F7,spec_F8,spec_F9,spec_F10,spec_F11,spec_F12,spec_G1,spec_G2,spec_G3,spec_G4,spec_G5,spec_G6,spec_G7,spec_G8,spec_G9,spec_G10,spec_G11,spec_G12,spec_H1,spec_H2,spec_H3,spec_H4,spec_H5,spec_H6,spec_H7,spec_H8,spec_H9,spec_H10,spec_H11,spec_H12,spec_I1,spec_I2,spec_I3,spec_I4,spec_I5,spec_I6,spec_I7,spec_I8,spec_I9,spec_I10,spec_I11,spec_I12,spec_J1,spec_J2,spec_J3,spec_J4,spec_J5,spec_J6,spec_J7,spec_J8,spec_J9,spec_J10,spec_J11,spec_J12,spec_K1,spec_K2,spec_K3,spec_K4,spec_K5,spec_K6,spec_K7,spec_K8,spec_K9,spec_K10,spec_K11,spec_K12,spec_L1,spec_L2,spec_L3,spec_L4,spec_L5,spec_L6,spec_L7,spec_L8,spec_L9,spec_L10,spec_L11,spec_L12
beta5_id28,2023-12-06T11:27:01Z,0,1,1,1,0,1,1,1,0,0,0,0,0,1,1,0,0,1,1,0,0,0,0,0,0,1,1,0,1,1,1,0,0,0,0,0,0,1,1,1,1,1,1,0,0,0,0,0,0,1,1,1,1,1,0,0,0,0,0,0,0,1,1,1,1,1,0,0,0,0,0,0,0,1,1,1,1,1,0,0,1,1,0,0,0,1,1,1,1,1,0,1,0,0,0,0,0,1,1,1,1,1,1,0,0,0,0,0,1,1,1,1,1,1,1,0,0,0,0,0,1,1,1,1,1,1,1,1,1,0,0,0,1,1,1,1,0,0,1,1,0,0,0,0
beta0_id25,2023-12-06T11:27:01Z,0,1,0,1,1,1,0,1,1,1,1,0,0,1,1,0,0,0,1,1,1,1,1,1,0,0,0,1,0,0,0,1,0,0,1,1,0,1,1,1,0,1,0,0,1,0,0,0,0,1,0,1,1,1,0,0,1,0,1,1,0,0,0,1,0,1,0,1,1,0,0,0,0,0,0,0,0,0,1,0,0,1,1,1,1,0,1,0,1,0,1,1,1,1,0,1,0,1,1,0,0,1,1,1,0,0,1,1,0,0,1,0,1,0,0,1,0,1,0,1,1,1,1,0,1,0,1,0,0,1,1,0,1,0,1,0,0,0,1,1,0,0,0,1
beta0_id27,2023-12-06T11:27:01Z,1,0,1,0,1,1,0,1,1,1,0,1,1,0,0,0,1,1,1,1,1,1,1,0,1,0,1,1,0,1,1,0,1,0,1,0,0,1,0,1,0,0,0,1,0,1,1,0,1,1,1,1,0,1,0,0,0,1,0,1,1,0,1,1,1,1,1,0,1,1,1,0,0,0,0,1,1,1,0,1,0,1,1,1,0,0,0,0,0,0,1,0,1,1,1,0,0,0,0,0,1,0,1,0,0,0,1,0,0,0,0,0,1,0,0,0,0,0,1,0,0,1,1,0,0,1,0,1,1,0,0,1,0,1,0,1,1,0,1,0,0,1,0,1
beta0_id32,2023-12-06T11:27:01Z,1,0,0,0,0,0,0,1,0,0,0,0,1,1,0,0,0,0,0,1,0,1,1,1,1,0,1,0,0,0,0,0,1,1,1,1,0,1,1,1,0,1,1,0,1,1,1,1,0,0,0,1,1,0,0,1,1,0,1,0,0,1,0,0,1,1,0,0,0,0,1,1,1,1,1,1,0,1,1,0,1,1,1,1,1,1,1,0,1,0,1,1,0,1,1,0,1,0,1,0,1,0,1,0,1,0,0,1,0,1,0,0,0,1,1,0,0,0,0,1,0,1,0,0,0,0,0,1,1,1,0,1,1,1,0,0,0,0,0,0,1,1,1,1
beta0_id29,2023-12-06T11:27:01Z,1,0,0,1,0,0,0,1,1,0,1,0,1,1,1,0,1,1,1,0,1,1,1,0,1,1,0,1,1,0,1,1,1,1,1,0,1,1,0,0,0,1,0,0,1,1,1,1,0,1,1,0,0,0,1,1,1,0,1,1,1,0,0,0,0,0,0,1,0,0,1,0,0,1,1,1,0,0,1,0,1,0,0,1,1,0,1,0,0,0,1,0,1,0,0,0,0,1,0,0,1,0,0,0,0,0,1,0,0,1,0,1,0,0,0,1,0,0,1,1,1,0,1,1,1,0,1,1,1,1,1,0,0,1,1,0,1,1,0,0,0,0,1,0
beta-5_id27,2023-12-06T11:27:01Z,1,0,0,0,0,0,1,0,1,0,1,0,0,1,0,1,0,1,0,1,1,0,1,1,1,0,1,0,0,0,1,0,1,1,0,1,0,1,0,0,1,0,0,1,0,0,1,1,1,1,1,0,0,1,1,0,1,0,1,0,0,0,0,1,0,0,1,0,0,1,0,1,1,1,1,0,1,1,0,1,0,1,0,1,1,0,0,1,0,1,0,1,0,1,1,1,0,0,1,0,1,0,1,0,0,0,0,0,1,1,1,1,0,1,0,1,1,1,1,0,0,0,0,1,0,1,0,1,0,1,0,1,1,1,1,1,0,0,1,0,0,1,1,0
beta0_id30,2023-12-06T11:27:01Z,0,1,1,1,1,0,1,1,1,0,0,1,0,1,1,0,1,1,0,0,1,0,1,0,0,0,1,0,1,1,1,1,0,0,1,1,0,0,0,1,1,1,1,1,0,1,0,0,1,1,1,0,0,1,0,0,1,0,1,1,1,0,1,0,0,1,0,0,1,0,0,0,0,0,0,1,1,0,0,0,1,0,1,1,0,1,1,1,0,0,1,0,1,1,0,1,0,0,0,1,1,1,0,1,1,0,1,0,1,1,0,0,1,1,1,1,0,0,0,1,0,1,0,1,0,1,1,0,0,0,0,0,0,0,1,0,1,0,0,0,0,1,1,1
beta5_id25,2023-12-06T11:27:01Z,0,0,1,1,1,1,1,1,1,0,0,0,1,1,1,1,1,1,1,0,0,0,0,0,1,1,0,0,0,0,0,0,0,0,1,1,1,0,0,0,0,0,0,0,1,1,1,1,0,0,0,0,0,0,0,1,1,1,1,0,0,0,0,0,0,0,1,1,1,1,0,0,0,0,0,0,0,1,1,0,0,1,0,0,0,1,1,0,0,0,0,0,0,0,0,0,1,1,1,0,0,0,0,1,1,1,0,1,1,1,1,0,0,0,1,1,1,1,1,1,1,1,0,0,1,1,1,1,1,1,1,1,1,0,0,1,1,1,1,1,1,1,1,1
beta0_id28,2023-12-06T11:27:01Z,1,1,0,0,0,1,1,1,0,1,0,1,1,0,1,1,1,0,0,0,0,1,1,0,1,0,0,0,1,0,1,1,1,1,0,1,1,1,0,0,0,1,1,1,0,0,1,0,0,1,0,0,1,0,0,0,0,0,0,1,1,1,0,0,1,1,1,1,1,1,1,1,0,0,1,1,1,0,0,1,1,1,1,0,0,1,1,1,0,0,0,0,1,0,1,0,0,0,0,1,1,1,1,0,1,1,0,1,0,0,0,0,0,1,0,0,0,1,1,0,0,1,1,1,0,0,0,0,0,0,1,1,1,0,0,0,0,0,0,1,1,1,1,1
beta5_id27,2023-12-06T11:27:01Z,0,0,1,1,1,1,1,1,1,1,1,1,0,0,1,1,1,1,1,1,1,1,1,1,0,1,1,1,1,1,1,1,1,1,1,1,1,0,1,1,1,1,1,1,0,1,1,1,0,0,0,1,1,1,0,0,0,1,1,0,0,0,0,1,0,0,0,0,1,1,1,0,0,0,0,0,0,0,0,0,1,1,0,0,0,0,0,0,0,0,0,0,1,1,0,0,0,0,0,0,0,0,0,0,1,0,0,0,0,0,0,0,0,0,0,0,0,0,0,0,1,1,0,0,0,0,1,1,0,0,1,1,1,1,0,1,1,1,1,1,1,1,1,1
beta5_id31,2023-12-06T11:27:01Z,1,0,0,1,1,1,1,0,0,0,0,1,0,0,1,1,1,1,1,1,0,0,0,0,0,0,1,1,1,1,1,1,0,1,1,1,0,0,1,1,1,1,0,0,0,1,1,0,0,1,1,1,1,0,1,0,0,1,0,0,0,1,1,1,1,1,0,0,0,0,0,0,0,0,1,1,0,1,0,0,0,0,0,0,0,1,1,1,1,0,0,0,0,0,0,0,0,1,1,1,1,0,1,1,0,0,0,0,1,1,1,1,0,1,1,0,0,0,0,0,1,1,1,1,1,1,1,1,0,0,0,0,1,1,1,1,1,1,1,0,0,0,0,0
beta5_id26,2023-12-06T11:27:01Z,1,1,0,1,1,1,1,0,0,0,1,1,1,0,0,1,1,0,0,0,0,1,1,1,0,0,0,1,1,0,0,0,1,1,1,1,0,0,1,1,1,0,0,0,1,1,1,0,0,0,1,1,1,0,0,1,1,1,0,0,0,1,1,1,0,0,0,0,1,0,0,0,0,1,1,1,0,0,0,0,1,0,0,0,1,1,1,0,0,0,0,1,1,0,0,0,1,1,0,0,0,0,1,1,1,0,0,0,1,1,0,0,0,1,1,1,1,0,0,1,1,1,0,0,0,1,1,1,0,0,0,1,1,1,0,1,1,1,1,1,0,0,1,1
beta0_id31,2023-12-06T11:27:01Z,0,0,1,0,1,0,0,0,1,1,0,0,1,1,0,1,1,1,0,1,1,1,1,0,0,0,0,0,1,1,0,0,0,0,1,0,0,0,1,1,0,0,0,1,0,1,0,1,1,1,1,0,1,0,1,1,1,1,1,1,1,1,0,1,1,0,0,1,1,0,0,1,1,0,0,1,1,0,0,1,0,1,0,0,1,0,1,0,1,1,1,1,0,0,1,0,0,1,0,0,0,1,0,0,1,1,1,1,0,0,1,1,0,0,0,0,1,0,1,1,1,1,1,0,0,0,1,0,1,1,1,0,1,0,0,1,1,0,0,1,0,0,0,0
beta0_id26,2023-12-06T11:27:01Z,1,0,1,1,1,1,0,1,0,0,1,0,0,1,1,0,0,1,1,1,0,0,1,0,1,0,1,1,0,0,0,1,1,1,0,0,0,1,0,1,1,1,1,1,0,0,1,0,1,1,0,1,0,0,1,0,0,1,1,1,0,0,0,0,1,1,0,0,0,0,1,1,1,1,0,1,0,1,1,0,0,0,0,0,0,1,1,1,0,1,0,0,1,0,0,1,1,1,0,0,0,1,0,0,0,1,1,0,1,0,1,1,1,0,1,0,0,0,1,0,0,0,0,1,0,1,0,0,0,1,1,1,1,1,1,1,0,1,0,0,1,1,1,0
beta5_id32,2023-12-06T11:27:01Z,1,1,1,0,0,0,1,1,0,0,0,1,1,1,0,0,0,1,1,0,0,0,1,1,1,1,0,0,0,1,0,0,0,1,1,1,1,0,0,0,0,0,0,0,1,1,1,1,0,0,0,0,0,0,0,0,1,1,1,1,0,0,0,0,1,1,1,0,1,1,1,0,1,1,1,1,1,0,0,0,1,1,1,1,1,1,1,1,0,0,0,0,1,1,1,1,1,1,0,0,0,0,0,0,1,1,1,1,1,0,0,0,0,0,0,0,1,1,1,1,0,0,0,0,0,0,0,1,1,1,1,1,1,0,0,1,0,0,1,1,1,0,0,1
beta-5_id32,2023-12-06T11:27:01Z,0,0,1,0,1,1,0,1,0,0,1,0,1,0,1,1,0,0,1,0,0,1,0,1,0,0,0,1,0,0,1,0,0,1,1,1,1,0,1,0,1,0,0,1,0,1,0,0,0,0,1,1,0,1,1,0,1,1,1,1,0,1,0,1,0,1,0,1,1,0,1,0,0,1,1,1,0,0,0,0,0,1,0,0,1,1,0,1,1,1,1,0,0,0,1,0,0,0,1,0,0,1,1,0,1,1,1,0,0,1,0,1,0,0,1,1,1,0,1,0,1,0,1,1,0,1,1,0,0,1,0,1,0,1,0,1,1,0,1,0,0,1,1,1
beta5_id29,2023-12-06T11:27:01Z,1,1,1,1,0,0,1,0,0,0,0,0,1,1,0,0,0,1,1,1,1,0,0,0,0,0,0,0,0,1,1,1,1,0,0,0,0,0,0,0,1,1,1,1,1,0,0,0,0,0,1,1,1,1,1,1,0,0,0,0,0,1,1,1,1,1,1,1,0,0,0,0,1,1,1,1,1,1,0,0,0,0,0,1,1,1,1,1,1,0,0,0,1,1,1,1,0,0,0,0,0,1,1,1,1,1,1,0,0,0,0,0,1,1,1,1,1,0,0,0,0,0,1,1,1,1,1,1,0,0,0,0,0,1,1,1,1,1,1,0,0,0,0,0
beta-5_id28,2023-12-06T11:27:01Z,1,0,0,0,1,1,0,1,1,1,1,0,0,0,1,0,0,0,1,0,0,1,0,1,1,0,1,1,1,1,0,1,0,0,1,0,1,0,0,0,0,1,0,0,1,0,1,0,1,0,0,1,0,1,0,1,1,1,0,1,0,1,1,0,1,0,0,1,0,0,1,0,1,0,0,1,0,0,1,0,1,1,0,1,1,0,1,1,1,1,0,1,0,0,1,0,1,0,1,1,0,1,1,0,1,0,0,1,0,1,0,0,1,0,1,1,1,1,0,0,0,1,0,1,0,1,0,1,1,1,0,1,1,0,1,0,1,0,1,0,0,0,1,0
beta5_id30,2023-12-06T11:27:01Z,1,1,0,0,0,0,1,1,0,0,0,0,1,1,0,0,0,0,1,0,0,0,1,1,1,1,0,0,0,0,0,0,1,1,1,1,1,0,0,0,0,1,1,1,1,1,1,1,0,0,0,0,1,1,1,1,1,1,1,1,0,0,0,1,1,1,0,0,1,1,1,1,1,1,1,1,1,0,0,0,0,1,1,1,1,1,1,1,0,0,0,0,0,1,1,1,0,1,1,0,0,0,0,0,1,1,1,0,0,1,1,0,0,0,0,1,1,1,1,0,0,1,0,0,0,0,0,1,1,1,0,0,0,1,0,0,0,0,1,1,1,0,0,0
beta-5_id30,2023-12-06T11:27:01Z,1,1,0,1,1,0,0,1,1,0,0,0,1,1,1,0,1,0,1,0,0,1,1,0,1,0,0,1,0,1,0,1,0,0,1,0,0,0,1,0,0,0,1,1,0,1,0,1,0,1,0,0,1,0,1,0,1,1,0,1,1,1,0,1,0,1,0,1,1,0,1,1,1,0,1,1,0,1,0,1,0,0,1,1,0,0,1,0,1,0,1,1,1,0,1,0,0,1,0,0,1,0,1,1,1,1,0,1,0,0,1,0,0,1,0,0,1,0,1,1,0,1,0,1,1,0,0,0,1,0,0,0,0,1,1,0,0,1,0,1,0,0,1,1
beta-5_id26,2023-12-06T11:27:01Z,1,0,1,1,0,1,0,1,0,1,0,0,0,0,1,1,1,0,1,0,1,0,1,1,1,1,0,1,1,0,1,0,1,0,0,1,1,1,1,0,0,0,1,0,1,0,1,0,0,1,0,0,1,1,0,1,0,0,0,1,0,0,0,1,0,0,1,1,0,1,0,1,1,1,1,0,1,0,0,0,0,1,0,1,1,1,0,0,1,0,1,1,1,0,0,1,0,1,0,0,1,0,0,1,0,1,1,0,1,0,1,0,1,1,0,1,0,0,0,0,1,1,1,0,0,0,1,0,1,1,0,1,0,1,0,1,0,1,0,1,1,0,1,0
beta-5_id31,2023-12-06T11:27:01Z,0,1,1,1,0,0,1,0,1,0,1,0,1,0,0,0,0,0,1,1,1,0,1,0,1,1,1,0,1,0,1,0,0,1,1,0,1,1,0,1,0,1,0,1,1,0,1,0,1,0,0,1,1,1,0,0,0,1,1,1,0,1,0,0,1,0,1,0,1,0,0,1,1,0,0,1,0,1,1,0,1,0,1,0,1,0,1,0,1,0,0,1,0,1,0,1,0,0,0,0,0,1,1,0,1,0,1,0,1,1,1,0,0,1,0,1,0,1,0,1,1,0,0,1,0,1,1,1,0,0,1,1,1,0,0,0,1,1,0,1,0,1,0,0
beta-5_id25,2023-12-06T11:27:01Z,0,1,0,1,1,0,1,1,0,1,0,1,1,0,1,1,0,0,1,1,0,1,1,0,0,1,0,0,1,1,0,1,1,0,0,0,0,1,0,0,1,0,1,0,1,1,1,0,0,1,0,1,0,0,0,0,1,1,0,1,0,0,1,1,1,0,1,0,1,0,1,0,1,0,0,1,0,1,0,1,0,1,0,1,0,1,1,0,1,1,1,0,1,0,0,1,1,0,0,1,1,1,0,1,0,1,0,0,1,0,1,0,0,1,1,0,1,1,1,0,1,1,0,1,1,1,0,0,1,0,0,0,0,0,1,0,0,0,1,0,1,0,0,1
beta-5_id29,2023-12-06T11:27:01Z,0,0,0,1,1,1,0,0,1,1,0,1,0,1,1,0,0,0,1,1,0,1,0,1,0,1,0,1,1,0,0,0,1,0,1,0,1,0,0,1,0,1,1,0,1,1,0,1,1,1,1,0,1,1,0,1,0,0,1,0,1,1,0,0,0,1,0,0,1,1,0,0,1,0,1,1,1,0,1,1,0,1,0,1,0,0,0,1,0,1,0,0,1,0,1,1,0,1,0,1,1,0,1,0,0,1,0,1,1,0,1,1,0,1,0,1,0,0,1,0,0,1,0,1,1,0,1,0,1,0,0,1,1,0,1,0,0,1,0,1,0,0,1,0
beta0_id21,2023-11-29T10:28:20Z,1,1,0,0,0,0,1,1,0,0,0,0,0,1,0,0,1,0,0,0,1,1,0,0,0,1,1,1,1,0,1,0,0,1,0,0,1,1,1,0,0,1,0,1,0,1,1,1,0,1,0,0,1,0,1,1,1,0,1,1,1,1,1,0,1,1,0,0,1,0,1,1,1,1,0,0,0,0,1,0,1,1,0,0,0,0,1,1,0,0,1,1,0,0,1,0,1,0,1,1,0,1,0,0,0,0,1,0,1,0,1,0,1,1,0,0,0,1,1,1,1,1,1,0,1,1,1,1,1,0,0,1,0,1,0,0,0,1,0,0,1,0,0,1
beta-5_id21,2023-11-29T10:28:20Z,0,0,0,0,1,0,1,1,1,0,0,1,0,1,1,1,1,1,0,0,1,1,1,1,1,0,1,0,1,0,1,0,0,0,1,0,1,1,0,0,1,0,0,1,0,0,0,1,1,0,1,1,0,1,1,1,0,1,1,0,0,0,0,0,0,1,0,1,0,1,0,1,1,1,1,0,1,1,0,1,1,0,1,0,1,1,0,1,1,0,1,0,1,0,0,0,0,1,0,1,0,1,1,0,1,1,0,1,0,1,1,1,0,1,1,1,0,0,1,0,1,0,0,0,1,0,0,1,0,1,0,0,1,0,1,0,0,1,0,0,0,0,1,0
beta-5_id18,2023-11-29T10:28:20Z,1,0,1,0,0,1,1,1,0,1,0,0,0,1,0,0,1,0,0,0,1,0,1,1,0,0,1,0,0,1,0,1,0,1,1,0,1,1,0,1,1,1,0,1,0,0,0,1,0,1,1,0,1,1,1,0,0,1,1,1,1,0,1,0,0,0,0,1,0,0,0,1,0,1,0,1,1,0,1,0,1,1,1,0,1,0,0,1,0,1,0,1,1,0,0,1,1,1,0,1,0,0,1,0,1,0,1,1,1,0,1,0,0,1,1,0,0,1,0,0,0,0,1,1,0,1,0,1,0,0,1,1,0,1,0,0,1,0,1,0,0,1,1,1
beta0_id24,2023-11-29T10:28:20Z,1,1,1,1,0,0,1,1,1,1,1,0,0,0,0,1,0,1,1,0,0,0,0,1,0,1,1,0,0,0,1,0,0,1,1,0,0,0,0,1,1,1,0,0,1,0,1,0,1,0,1,1,0,0,0,1,1,1,1,0,0,0,0,0,0,1,0,1,1,1,1,0,1,0,1,0,1,1,1,1,1,1,0,0,0,1,1,0,1,1,0,1,1,0,0,1,1,1,0,0,0,1,0,1,0,0,0,0,0,1,1,1,1,1,1,1,0,0,0,1,1,0,0,0,0,0,0,1,1,1,0,1,1,0,0,0,0,0,0,1,1,1,1,0
beta-5_id17,2023-11-29T10:28:20Z,0,1,0,0,0,1,1,0,1,1,1,1,1,0,1,0,1,0,0,0,0,0,1,0,1,0,1,0,0,1,1,1,1,1,0,1,0,1,1,0,1,0,1,0,1,1,0,1,1,0,0,1,0,0,0,0,0,0,1,0,0,1,1,0,1,1,1,1,1,1,0,1,1,0,1,0,0,1,0,1,0,0,1,0,1,1,1,1,0,1,1,0,0,1,0,0,1,0,0,1,1,0,1,0,1,1,0,0,0,0,1,0,0,0,1,0,1,1,1,1,1,0,1,0,1,1,0,1,0,0,1,0,0,0,0,1,0,0,1,1,0,1,0,0
beta5_id20,2023-11-29T10:28:20Z,1,0,0,1,0,0,1,1,1,1,1,1,1,1,0,0,0,1,1,1,1,1,1,1,1,0,0,0,0,0,0,0,0,1,1,1,0,0,0,1,1,1,0,0,0,0,1,1,0,1,0,0,0,0,0,1,0,1,1,1,0,1,0,0,0,0,0,1,1,1,1,1,1,1,1,1,1,1,1,1,1,1,1,1,1,1,1,1,1,1,1,1,1,1,1,1,0,1,0,0,0,0,1,1,1,1,0,0,0,0,0,0,0,0,0,0,1,0,0,0,0,0,0,0,0,1,0,0,0,1,1,0,0,0,0,0,1,0,0,1,0,0,0,0
beta5_id19,2023-11-29T10:28:20Z,0,0,0,0,0,0,0,0,1,1,1,0,0,0,0,0,0,0,0,0,1,1,0,0,0,1,1,1,0,0,0,0,1,0,0,0,1,1,1,0,0,0,0,0,1,0,0,0,1,1,1,0,0,0,1,1,1,1,1,1,1,1,0,0,0,1,1,1,1,1,1,1,1,0,0,0,1,1,1,0,1,1,1,1,0,0,0,1,1,1,1,0,0,1,1,1,0,0,1,1,1,1,0,0,0,1,1,0,1,1,1,1,1,0,0,0,0,1,1,0,1,1,1,1,0,0,0,0,1,1,1,1,1,0,0,0,0,0,0,0,1,1,1,1
beta5_id21,2023-11-29T10:28:20Z,0,0,0,1,1,1,1,1,1,0,0,0,0,0,0,1,1,1,0,0,0,0,0,0,0,0,0,0,0,0,0,0,0,0,0,0,0,0,0,0,0,0,0,0,0,0,0,0,0,0,0,0,0,0,0,0,0,0,0,0,1,0,0,0,0,0,1,1,0,0,0,0,1,0,0,0,1,1,1,1,0,0,0,1,1,1,1,1,1,1,1,1,0,0,0,1,1,1,1,1,1,1,1,1,0,1,1,1,1,1,1,1,1,1,1,1,1,1,1,1,1,1,1,1,1,1,1,1,1,1,1,1,1,0,0,1,1,1,1,1,1,1,1,1
beta0_id19,2023-11-29T10:28:20Z,1,1,0,1,1,0,1,0,0,1,0,0,1,1,1,0,0,1,1,1,1,0,1,1,1,0,0,0,0,1,1,0,1,1,0,1,0,0,0,0,0,1,0,1,0,1,1,0,1,1,0,1,1,0,0,1,0,1,0,1,0,1,1,0,0,0,1,0,0,0,0,0,0,0,0,1,0,0,1,1,1,1,0,1,1,1,0,1,1,1,1,0,0,1,0,1,1,1,0,1,1,0,0,0,0,0,0,1,1,1,0,0,1,1,1,1,1,0,0,0,0,1,1,0,0,0,0,0,0,0,0,1,1,1,1,1,1,0,1,0,0,1,1,0
beta-5_id23,2023-11-29T10:28:20Z,0,1,1,1,1,0,1,0,0,1,0,1,0,1,1,0,1,1,0,1,0,1,0,1,1,0,0,1,1,0,1,1,0,0,1,0,0,0,1,0,0,1,0,1,0,1,1,1,1,1,0,0,1,0,1,0,0,1,1,0,0,0,1,1,0,1,0,0,1,0,0,1,0,1,1,0,1,1,0,1,0,1,1,0,1,0,0,1,0,1,1,0,0,1,0,1,0,1,0,1,1,0,1,0,1,0,1,0,1,0,1,0,0,1,0,1,1,0,0,0,0,1,0,1,1,0,1,0,0,0,1,1,0,1,0,0,0,1,0,1,0,1,1,0
beta5_id17,2023-11-29T10:28:20Z,1,1,1,0,1,1,1,1,0,0,0,1,1,1,1,1,1,1,1,1,0,0,1,1,1,1,1,1,1,1,1,1,1,1,1,1,1,1,1,1,1,1,1,1,1,1,1,1,1,1,1,1,1,1,1,1,1,0,1,1,1,1,1,1,0,0,0,1,0,0,1,1,0,0,0,0,0,0,0,0,0,0,0,0,0,0,0,0,0,0,0,0,0,0,0,0,0,0,1,0,0,0,0,0,0,0,0,0,0,1,1,0,0,0,0,0,0,0,0,0,1,1,1,0,0,0,0,0,0,0,0,0,1,1,1,0,0,1,1,1,0,0,0,0
beta5_id22,2023-11-29T10:28:20Z,1,0,0,0,0,1,1,0,0,0,0,1,0,0,0,0,0,1,1,0,0,0,0,0,1,0,1,0,1,1,1,0,0,0,0,1,0,0,0,1,1,1,1,1,1,1,1,1,0,0,0,1,1,1,0,1,1,1,1,0,0,0,1,1,1,1,0,1,1,1,1,0,0,0,1,1,0,0,0,1,1,1,0,0,0,1,1,0,0,0,0,1,1,0,0,0,1,1,1,0,0,0,1,1,1,0,1,0,0,1,1,0,0,1,1,1,1,1,0,0,1,1,1,0,0,1,1,1,1,0,0,0,1,1,0,0,0,1,1,1,0,0,0,1
beta0_id22,2023-11-29T10:28:20Z,1,0,1,0,1,0,0,0,0,1,1,1,0,0,1,1,1,1,0,0,1,1,0,1,1,0,1,1,1,0,1,1,0,0,0,1,0,0,1,1,1,0,1,0,0,0,1,1,0,1,0,0,0,0,0,1,1,1,1,1,1,0,1,0,1,0,0,0,0,0,0,0,0,0,0,1,0,1,1,1,0,0,0,0,0,1,0,1,1,1,1,1,1,1,0,0,1,1,1,0,0,0,0,1,0,1,1,0,0,0,1,0,0,0,0,1,0,0,1,1,1,1,1,1,1,0,1,0,1,1,0,0,1,1,0,1,0,1,1,1,0,0,1,0
beta0_id23,2023-11-29T10:28:20Z,0,0,0,0,1,0,1,1,0,1,0,0,1,0,1,1,0,0,0,0,0,0,1,1,1,0,0,1,0,1,1,0,0,1,1,1,0,0,0,0,1,0,1,1,1,0,0,1,1,1,1,1,1,1,1,0,0,1,0,1,1,1,1,1,0,1,0,0,1,0,1,0,1,1,0,1,0,0,1,1,1,0,0,1,1,0,1,0,1,0,0,0,0,0,0,0,1,1,1,0,0,1,0,1,0,1,1,1,0,1,1,0,1,1,0,0,1,1,1,0,0,0,0,0,1,1,0,0,1,0,0,0,1,0,1,1,0,0,1,1,1,0,1,0
beta5_id18,2023-11-29T10:28:20Z,1,1,1,1,1,1,1,1,0,0,0,1,1,1,1,1,1,1,1,1,0,0,1,1,1,1,1,1,1,1,1,0,0,0,1,1,1,1,1,1,1,1,0,0,0,0,0,1,0,1,1,0,0,0,0,0,0,0,0,0,0,1,1,0,0,0,0,0,0,0,0,0,1,1,0,0,0,0,0,0,0,0,0,0,1,1,0,0,0,0,0,0,0,0,0,1,1,1,0,0,0,1,1,0,0,0,0,1,1,1,1,1,1,1,1,0,0,0,0,1,1,1,1,1,1,0,0,0,0,0,1,1,1,1,1,1,1,0,0,1,0,0,1,1
beta0_id17,2023-11-29T10:28:20Z,0,0,1,1,1,0,0,0,1,0,1,1,0,1,1,0,1,0,0,1,0,0,0,1,1,1,1,0,0,1,1,0,0,1,0,0,1,0,0,1,1,0,1,0,1,0,1,0,0,1,0,0,1,0,0,1,1,0,0,1,0,0,1,1,1,1,0,0,0,0,1,1,1,1,0,1,1,1,1,1,0,1,0,0,1,1,1,1,0,1,1,1,1,0,1,0,0,0,1,0,0,1,0,1,1,1,1,1,0,1,0,0,0,0,1,0,0,0,0,0,0,0,0,1,1,0,0,1,1,0,0,1,1,0,0,0,1,1,1,1,0,1,1,0
beta5_id23,2023-11-29T10:28:20Z,1,1,1,1,1,0,0,1,1,0,0,0,1,1,1,1,1,0,0,1,1,1,1,1,1,1,1,1,0,0,1,1,1,1,1,1,1,1,1,1,0,1,1,1,1,1,0,0,1,1,1,1,1,1,1,1,0,0,0,0,1,1,1,1,1,1,1,0,0,0,0,1,1,1,1,1,1,0,0,0,0,0,0,1,0,1,1,1,0,0,0,0,0,0,1,0,0,0,0,0,0,0,0,0,0,0,0,0,0,0,1,1,1,0,0,0,0,0,0,0,0,0,1,1,1,0,0,0,0,0,0,0,0,1,1,1,1,0,0,0,0,0,0,0
beta0_id18,2023-11-29T10:28:20Z,0,1,0,0,0,0,0,1,1,0,1,0,0,1,1,1,1,0,1,1,1,0,0,1,1,1,1,1,1,0,1,1,0,1,0,0,0,1,0,1,1,1,0,0,1,0,1,1,0,0,0,0,0,0,0,1,0,1,1,0,0,0,1,1,1,1,0,0,0,1,0,0,1,0,1,1,1,0,1,0,0,0,0,1,1,1,1,1,0,1,1,1,1,0,1,0,1,1,1,0,0,1,1,0,1,0,1,0,0,0,1,0,0,1,0,1,1,1,0,1,1,0,0,0,1,0,1,1,0,0,0,0,1,0,1,0,1,0,1,0,0,0,1,0
beta-5_id19,2023-11-29T10:28:20Z,1,0,1,0,1,1,0,1,0,0,1,0,0,0,1,0,1,0,0,1,0,1,1,1,0,1,0,0,1,0,0,1,1,0,1,0,1,0,0,1,0,1,0,1,0,1,1,0,0,1,0,1,1,0,1,0,1,1,1,1,0,1,0,0,1,1,1,0,1,0,0,1,1,0,1,0,0,1,0,1,0,0,1,0,0,1,1,1,0,1,1,0,0,1,1,1,1,0,1,0,0,0,0,1,1,0,1,0,1,0,1,0,1,0,1,0,0,1,0,1,0,1,1,0,1,0,1,0,0,1,0,1,0,1,0,1,0,0,1,0,1,0,0,1
beta5_id24,2023-11-29T10:28:20Z,1,1,1,1,1,0,0,0,1,0,1,1,0,0,0,0,0,0,1,1,1,0,0,0,0,1,1,0,0,0,1,1,0,0,0,0,0,0,1,0,0,0,1,1,0,0,0,0,1,1,1,1,0,1,1,0,0,0,0,1,1,1,1,0,0,0,0,0,1,0,1,1,1,1,0,0,0,1,0,0,0,0,1,1,1,0,1,0,0,0,0,0,1,1,1,1,0,0,1,1,1,1,1,0,1,0,1,1,0,0,1,1,1,1,0,0,1,0,0,0,0,1,1,1,1,0,1,1,1,0,1,0,1,1,1,1,1,0,0,1,0,1,1,1
beta-5_id20,2023-11-29T10:28:20Z,1,1,1,0,1,0,1,0,1,1,0,0,1,0,1,1,0,0,1,1,1,0,0,1,0,0,1,1,0,1,0,1,0,1,0,1,1,0,0,0,1,1,1,1,1,0,0,0,0,1,1,0,0,0,0,0,1,0,1,0,0,1,0,0,1,1,1,1,0,1,0,1,0,0,0,1,0,1,0,1,0,1,1,1,1,1,1,0,0,1,1,0,1,0,1,0,1,0,0,1,0,0,1,0,1,0,0,1,0,1,1,0,0,1,0,1,0,1,1,0,0,1,0,0,1,0,0,1,1,0,1,1,1,0,0,1,0,1,0,1,0,0,1,0
beta0_id20,2023-11-29T10:28:20Z,0,1,0,1,0,0,1,1,0,0,1,1,0,0,1,0,0,1,1,0,1,0,0,1,1,1,1,1,0,0,0,1,0,0,0,0,1,1,1,1,1,0,1,1,1,1,0,0,0,1,0,0,0,1,0,1,0,0,0,1,1,1,0,1,0,1,0,0,1,0,0,1,0,1,0,0,1,1,0,1,0,0,0,1,1,1,0,1,0,1,1,0,0,1,1,1,1,0,0,0,1,1,0,0,0,0,0,1,0,0,0,0,1,1,1,0,0,1,1,1,1,1,1,0,0,1,0,0,1,0,1,1,1,1,0,0,1,0,1,1,1,0,0,1
beta-5_id24,2023-11-29T10:28:20Z,0,1,0,0,0,0,0,1,0,0,1,1,0,0,0,1,0,1,1,0,1,0,1,0,1,0,1,0,1,1,0,1,0,1,1,0,0,1,1,0,0,0,1,0,1,0,0,1,0,0,1,1,0,0,1,1,1,1,1,1,0,1,0,0,1,0,1,0,1,1,0,1,1,0,1,1,0,1,0,0,0,0,0,1,0,0,1,0,0,1,0,1,1,1,1,0,1,1,0,0,1,0,0,1,0,1,0,0,1,1,0,0,1,0,0,1,1,0,1,1,0,1,1,1,0,0,1,1,0,1,1,0,1,0,0,0,1,1,1,0,1,1,0,1
beta-5_id22,2023-11-29T10:28:20Z,0,0,1,0,0,1,0,1,0,1,1,1,0,0,0,0,1,0,0,1,0,1,0,1,1,1,0,1,0,1,1,0,0,1,1,0,1,0,1,0,1,0,1,1,0,0,1,1,0,1,0,1,1,0,1,0,1,1,0,0,1,1,0,1,0,1,1,1,1,0,1,0,0,0,0,1,1,0,0,1,0,1,0,1,0,1,1,1,0,0,1,0,1,0,1,0,0,0,0,1,1,0,1,1,0,0,0,1,1,1,1,0,1,1,0,1,0,0,1,0,0,0,1,0,1,0,1,1,0,1,0,1,1,0,1,0,1,0,0,1,0,1,0,0
beta0_id2,2023-11-17T14:12:30Z,0,1,0,1,1,0,1,1,1,1,1,0,1,1,0,0,1,0,0,1,0,0,0,0,0,0,1,0,1,0,1,1,0,1,0,1,1,1,0,0,1,1,1,0,1,0,0,1,1,1,1,1,1,0,0,1,0,0,0,1,0,0,0,0,1,1,1,1,1,1,0,0,0,1,0,0,1,1,0,0,1,0,1,0,1,0,0,1,0,0,0,1,1,1,1,0,1,1,1,1,1,1,0,0,1,1,0,0,1,1,0,0,0,0,1,0,0,1,0,1,0,0,1,0,1,0,0,1,0,0,0,0,1,1,1,0,0,0,1,1,0,1,1,0
beta-5_id1,2023-11-17T14:12:30Z,1,1,0,1,1,0,1,0,1,1,0,0,0,0,1,1,0,1,0,1,0,0,1,1,1,1,0,0,0,1,0,0,0,1,0,0,0,0,0,1,1,0,0,0,1,0,0,1,0,1,1,0,1,1,0,1,1,0,1,0,1,0,1,0,0,1,1,0,1,1,1,0,1,0,1,0,1,0,0,1,0,1,0,1,1,1,0,0,1,0,1,1,0,1,1,0,0,1,0,1,1,0,0,1,1,0,1,1,1,1,0,0,0,0,1,1,0,1,0,1,1,0,1,0,1,0,1,0,1,0,0,0,0,0,1,0,0,1,0,1,1,0,1,1
beta5_id6,2023-11-17T14:12:30Z,0,0,0,0,0,0,1,1,1,1,1,0,0,0,0,0,1,0,1,1,1,1,0,0,0,0,0,0,0,1,1,1,1,1,0,0,0,0,0,0,1,1,1,1,1,1,0,0,0,0,0,1,1,1,0,1,1,1,1,1,0,0,0,1,0,0,0,0,1,1,1,1,0,0,0,0,1,0,0,1,1,1,1,0,0,0,1,0,0,0,1,1,1,1,1,0,0,0,0,1,1,1,1,1,1,1,0,0,0,1,1,1,1,1,1,1,1,1,0,0,0,1,1,0,1,1,1,1,1,1,0,0,0,0,0,0,0,0,0,1,1,1,0,0
beta0_id6,2023-11-17T14:12:30Z,0,0,0,0,1,0,1,0,0,1,0,1,1,0,0,1,1,0,1,1,0,1,1,0,1,0,1,0,1,1,0,1,0,1,1,1,0,1,0,0,1,0,0,1,0,0,0,1,0,1,0,0,1,0,0,0,0,1,0,1,0,0,0,0,1,0,0,1,1,0,1,0,1,0,1,1,0,0,0,1,1,1,1,0,1,1,0,0,0,1,0,1,1,0,0,1,1,1,1,0,1,0,1,1,1,0,1,0,0,1,1,0,0,1,0,0,0,0,1,1,1,0,0,1,1,1,1,0,0,0,1,1,0,1,0,1,1,0,1,1,1,0,1,1
beta5_id4,2023-11-17T14:12:30Z,0,1,0,0,0,0,1,1,0,0,0,0,1,0,0,0,0,0,1,1,0,0,0,0,1,0,0,0,0,1,1,0,0,0,0,0,1,0,0,0,0,1,1,0,0,0,0,0,1,0,0,0,0,1,1,0,0,0,0,1,1,0,0,0,1,1,1,0,0,0,1,1,1,0,0,1,1,1,1,1,1,1,1,1,1,1,1,1,1,1,1,1,1,1,1,1,1,1,1,1,1,1,1,1,1,0,1,1,1,1,1,1,1,1,1,1,0,0,0,1,0,1,1,0,1,1,1,0,0,0,0,0,0,1,1,0,0,0,1,0,0,0,0,0
beta0_id1,2023-11-17T14:12:30Z,1,0,1,1,1,0,0,0,1,1,1,1,0,1,0,1,1,1,1,0,0,0,0,0,0,1,0,0,0,1,0,0,0,1,0,1,1,0,1,0,1,1,1,1,0,1,1,0,1,0,0,1,1,1,1,0,1,1,0,0,1,0,0,0,0,0,1,1,0,1,0,0,1,1,0,1,0,0,0,1,0,1,0,0,1,1,0,0,1,1,1,0,1,1,1,0,0,0,0,0,1,0,1,0,1,1,0,0,1,0,0,0,1,1,0,1,1,1,0,0,0,1,1,0,1,1,0,0,1,1,0,0,1,0,1,0,0,1,0,0,1,1,1,1
beta5_id5,2023-11-17T14:12:30Z,0,0,0,0,0,0,0,0,0,0,0,0,0,0,0,1,1,0,0,0,0,1,1,0,0,0,1,1,1,0,0,0,1,1,1,1,0,0,1,1,1,1,1,1,1,1,1,0,0,0,1,1,1,0,1,1,1,1,1,0,0,1,1,1,0,0,0,1,1,1,1,0,0,1,1,1,0,0,1,1,1,1,1,0,1,1,1,0,0,0,1,1,1,1,0,0,1,1,1,0,0,1,1,1,1,1,0,1,1,1,0,0,0,1,1,1,1,0,0,1,1,0,0,0,0,1,1,0,0,0,0,1,0,0,0,0,0,1,0,0,0,0,0,1
beta-5_id8,2023-11-17T14:12:30Z,0,1,0,1,0,1,1,0,1,1,0,0,0,0,1,0,0,1,0,0,1,0,1,1,0,1,0,1,1,0,1,1,0,1,0,1,1,0,1,0,0,1,1,0,1,0,1,0,0,1,1,1,0,1,0,1,0,1,0,1,0,0,1,0,1,0,1,0,1,1,0,1,1,0,1,0,0,1,0,1,0,0,0,0,0,1,0,0,1,0,1,0,1,0,0,1,1,1,0,1,0,1,1,1,0,1,1,0,0,0,1,0,1,0,1,1,1,0,0,1,0,1,0,0,0,1,1,0,1,1,0,1,1,0,0,1,1,0,0,1,0,1,1,0
beta-5_id4,2023-11-17T14:12:30Z,0,1,0,1,1,0,1,0,0,0,1,0,1,0,0,0,0,0,0,0,1,0,1,0,0,0,1,0,0,1,1,0,1,0,1,0,1,1,0,0,1,0,0,1,0,1,0,1,0,0,1,0,1,1,1,1,1,1,0,0,0,1,1,0,1,0,1,0,1,0,0,1,1,0,1,1,1,1,0,1,1,0,0,1,0,0,1,0,1,0,1,0,1,1,0,1,1,0,1,1,0,0,1,0,1,0,0,1,0,1,0,1,0,1,1,0,1,0,1,1,1,1,1,1,1,0,0,0,1,0,1,0,1,0,1,0,0,1,0,1,0,1,0,1
beta5_id2,2023-11-17T14:12:30Z,1,1,1,0,1,1,1,1,1,1,1,1,1,0,0,0,0,1,1,1,1,1,1,1,0,0,0,0,1,1,1,1,0,0,0,0,0,0,0,0,1,1,1,0,0,0,0,0,1,0,0,0,1,1,0,0,0,0,0,0,0,0,0,0,1,1,0,0,0,0,1,0,0,0,0,0,0,0,0,0,0,1,1,0,0,0,0,0,0,0,1,1,1,1,1,0,0,0,1,0,0,1,1,1,1,1,1,0,1,1,1,0,0,1,1,1,1,1,1,0,1,1,1,1,1,1,1,0,0,0,1,1,1,1,1,1,1,0,0,0,0,1,1,1
beta0_id4,2023-11-17T14:12:30Z,0,0,1,0,1,0,1,0,0,1,1,1,1,0,0,0,0,1,1,1,0,0,1,0,1,0,0,0,1,0,1,0,0,1,1,1,1,1,1,1,0,1,1,1,0,0,0,0,1,1,1,1,1,1,0,0,1,1,0,0,0,0,0,1,0,0,1,0,1,1,0,0,1,1,0,0,0,0,0,1,1,0,0,0,0,1,0,1,1,1,1,0,0,0,1,0,1,0,1,1,0,0,0,0,1,1,1,0,1,0,0,0,0,1,0,1,0,1,1,1,0,1,0,1,1,0,1,0,0,0,1,1,0,1,1,1,1,1,0,0,1,1,1,0
beta5_id8,2023-11-17T14:12:30Z,1,0,0,1,1,1,1,0,0,1,1,1,0,0,1,1,1,1,0,0,1,1,1,1,0,0,1,1,0,0,0,0,1,1,1,0,0,1,0,0,0,0,0,0,1,0,0,0,0,0,0,0,0,1,0,1,1,0,0,0,0,0,0,0,0,0,1,1,1,0,0,0,1,1,1,0,0,1,1,1,1,1,0,0,1,1,1,1,0,0,1,1,1,0,0,0,1,1,1,0,0,0,1,1,0,0,0,1,1,1,0,0,0,0,1,1,0,1,0,1,1,0,1,0,0,1,1,1,1,0,1,1,1,0,0,0,1,1,1,1,0,1,1,1
beta-5_id6,2023-11-17T14:12:30Z,1,1,1,1,1,0,1,1,0,1,1,1,0,0,1,0,0,1,1,0,1,0,0,0,1,0,0,1,0,1,0,1,1,0,1,1,0,1,1,0,0,0,1,1,0,1,1,0,1,0,0,1,0,1,1,0,1,0,0,0,0,1,1,1,1,0,1,1,1,1,1,0,0,1,0,1,0,1,0,0,0,0,0,0,0,1,0,1,1,0,1,0,1,0,1,1,0,0,0,1,0,1,0,1,0,0,0,1,1,0,0,0,1,0,1,0,1,1,1,0,1,0,1,1,1,0,1,1,0,1,1,0,0,0,0,0,1,0,1,0,0,1,0,0
beta-5_id5,2023-11-17T14:12:30Z,1,1,0,0,1,0,0,1,0,0,1,1,0,1,0,1,0,0,1,0,0,1,0,1,1,0,0,1,1,1,0,0,1,1,0,0,0,1,1,1,0,0,1,0,1,0,1,1,0,0,0,1,0,1,1,1,1,1,0,1,1,1,1,1,0,1,0,1,0,1,1,1,0,0,1,1,0,0,1,0,1,0,0,0,0,0,1,1,0,1,0,0,1,0,1,1,1,1,1,0,0,0,1,0,0,1,0,1,1,0,0,1,1,1,0,1,1,1,0,1,0,0,1,0,0,1,0,1,0,0,0,1,0,0,0,0,1,0,1,0,1,1,0,0
beta-5_id3,2023-11-17T14:12:30Z,0,1,1,0,0,0,1,0,0,1,0,1,0,1,0,1,1,0,1,0,1,0,1,0,1,0,1,0,0,1,1,1,0,0,1,0,0,1,0,1,1,0,1,0,0,1,0,1,0,1,1,0,0,0,1,1,0,0,0,1,0,1,1,0,1,0,1,0,1,1,1,1,1,1,1,1,0,1,0,0,0,1,1,0,1,0,0,0,1,1,0,1,1,0,0,1,1,0,1,1,1,0,0,0,0,1,0,0,1,1,0,0,0,1,0,1,1,0,1,0,0,1,1,1,1,0,0,1,0,1,1,0,1,0,0,1,0,1,0,0,1,0,1,0
beta-5_id2,2023-11-17T14:12:30Z,1,0,0,1,1,0,0,0,0,1,1,0,0,1,1,0,1,0,1,0,1,1,0,1,0,1,1,0,1,1,1,0,1,0,1,0,1,1,0,1,0,0,0,0,0,1,0,1,0,1,0,0,1,0,1,0,1,0,0,1,1,0,1,1,1,0,0,0,0,1,1,1,0,0,1,0,1,1,1,1,0,1,0,1,1,1,0,0,1,1,0,0,1,0,1,0,0,0,0,1,0,0,1,1,1,0,0,1,0,1,1,0,1,0,1,0,0,1,1,0,0,1,0,1,1,1,0,1,0,0,1,0,1,1,0,0,0,1,1,0,1,0,0,1
beta5_id7,2023-11-17T14:12:30Z,1,0,0,1,1,1,0,0,0,1,1,1,1,0,1,1,1,0,1,1,1,1,1,1,0,1,1,1,1,1,0,1,1,1,1,0,0,1,1,1,0,0,0,0,0,0,0,0,1,1,1,0,1,0,0,0,0,0,0,0,1,1,1,0,1,0,1,0,0,0,0,0,1,1,1,0,0,0,0,0,0,0,0,0,1,1,1,0,1,0,0,0,0,0,0,1,1,1,0,0,0,0,1,0,1,1,0,0,1,1,1,0,0,0,1,1,0,1,0,0,1,1,1,0,1,1,1,0,0,0,0,1,1,1,1,0,1,1,0,1,0,0,1,1
beta0_id3,2023-11-17T14:12:30Z,0,1,1,0,0,1,1,1,0,0,0,0,1,1,0,1,0,1,0,1,1,0,1,1,0,1,1,1,0,1,0,0,0,0,0,0,0,0,0,1,1,1,1,0,1,0,1,1,0,1,1,0,1,0,0,0,1,1,0,1,0,1,0,0,0,1,1,1,1,0,0,1,1,1,1,0,1,1,1,1,0,1,0,0,0,0,1,1,0,0,1,0,1,0,0,1,1,1,1,1,1,0,0,0,0,0,1,0,1,1,0,0,0,1,1,0,1,0,1,0,1,0,1,1,0,0,1,0,0,1,1,0,0,1,0,0,0,0,1,1,0,1,1,0
beta-5_id7,2023-11-17T14:12:30Z,0,1,0,1,0,1,1,0,0,1,1,1,0,1,1,0,0,0,1,0,1,0,0,0,1,0,1,0,1,1,1,1,0,0,1,1,0,1,0,0,0,0,0,0,1,1,0,0,1,1,1,1,1,0,1,0,1,0,1,1,1,0,0,0,1,0,1,0,0,1,0,1,0,1,1,1,0,1,0,1,1,1,1,0,0,1,0,1,0,0,1,0,1,0,0,1,1,0,0,0,1,0,0,1,0,1,1,0,1,1,1,1,0,1,0,1,0,0,0,1,1,0,0,0,0,1,0,1,0,1,0,1,0,1,1,0,1,0,1,0,0,1,0,1
beta0_id7,2023-11-17T14:12:30Z,0,0,1,0,0,1,0,1,1,0,1,1,0,0,0,1,0,0,1,0,1,0,1,0,1,1,0,0,1,0,1,0,0,0,0,1,0,0,0,0,1,0,1,0,0,1,1,1,1,0,1,0,1,0,0,1,1,0,1,1,0,1,0,1,1,1,0,1,0,1,0,1,0,0,1,1,1,1,1,1,0,0,1,1,0,0,0,0,0,0,1,0,0,0,1,1,0,1,1,0,1,0,0,0,1,1,1,0,1,1,1,0,1,0,1,0,0,0,1,0,1,0,1,1,0,1,1,1,0,1,1,1,1,0,1,1,1,0,1,0,1,0,0,0
beta0_id5,2023-11-17T14:12:30Z,0,0,1,1,0,0,1,0,0,0,1,0,1,0,0,1,0,0,1,1,1,1,0,0,0,1,1,0,0,0,0,0,0,1,0,1,1,0,0,1,0,1,0,1,0,0,1,0,0,1,0,1,1,1,1,0,1,0,1,1,1,1,1,1,1,0,1,0,0,1,1,1,1,0,0,1,1,0,0,1,0,1,0,1,0,0,1,0,1,1,0,0,1,1,1,1,1,0,1,1,1,1,0,0,0,0,1,0,1,0,0,1,0,0,0,1,0,1,1,1,0,1,1,0,0,1,0,0,0,1,1,0,1,0,0,0,0,1,1,1,0,1,0,1
beta5_id3,2023-11-17T14:12:30Z,1,1,1,0,0,1,1,1,1,1,1,1,1,1,0,0,0,0,1,1,1,1,1,1,1,0,0,0,0,0,1,1,1,1,1,1,1,0,0,0,0,0,0,1,0,1,1,1,1,0,0,0,0,0,0,0,0,0,1,1,1,0,0,0,0,0,0,0,0,0,1,1,1,0,0,0,0,0,0,0,0,0,1,1,0,0,0,0,0,0,0,0,0,0,1,1,1,1,1,0,0,0,0,0,1,1,1,1,1,1,1,0,0,0,0,1,1,1,0,0,1,1,1,1,0,0,1,1,1,1,0,1,1,1,1,0,0,0,1,1,1,1,1,1
beta5_id1,2023-11-17T14:12:30Z,1,1,1,0,1,1,0,0,0,0,0,1,0,0,0,1,1,1,0,0,0,0,0,1,0,0,0,1,1,1,0,0,0,0,1,0,0,0,1,1,1,1,0,0,0,1,1,0,0,1,1,1,0,0,0,0,0,0,0,0,1,1,0,0,0,0,1,0,0,0,0,0,1,1,0,0,1,1,1,0,0,0,0,1,1,0,0,1,1,1,1,0,0,0,1,1,0,0,1,1,1,1,0,0,0,1,1,1,0,0,1,1,1,0,0,0,0,1,1,1,0,1,1,1,1,1,1,1,1,1,1,1,1,1,1,1,1,1,1,1,1,0,0,0
beta0_id8,2023-11-17T14:12:30Z,0,0,0,0,1,0,0,1,1,0,1,1,0,0,1,1,0,0,0,0,1,0,1,1,0,0,1,0,1,0,1,0,1,1,1,0,1,0,0,0,0,0,1,0,1,1,1,0,0,1,0,1,1,1,1,1,1,1,1,1,1,1,0,1,0,1,0,0,0,0,1,0,1,0,0,1,1,0,0,0,0,0,1,1,0,0,0,1,1,1,0,1,1,0,1,0,1,0,0,1,0,1,0,0,1,1,0,0,1,1,1,0,1,0,0,1,1,1,1,0,0,0,0,0,1,1,0,1,0,1,0,1,1,0,0,1,0,1,1,0,0,1,1,1
beta-5_id5,2023-11-17T14:12:30Z,1,1,0,0,1,0,0,1,0,0,1,1,0,1,0,1,0,0,1,0,0,1,0,1,1,0,0,1,1,1,0,0,1,1,0,0,0,1,1,1,0,0,1,0,1,0,1,1,0,0,0,1,0,1,1,1,1,1,0,1,1,1,1,1,0,1,0,1,0,1,1,1,0,0,1,1,0,0,1,0,1,0,0,0,0,0,1,1,0,1,0,0,1,0,1,1,1,1,1,0,0,0,1,0,0,1,0,1,1,0,0,1,1,1,0,1,1,1,0,1,0,0,1,0,0,1,0,1,0,0,0,1,0,0,0,0,1,0,1,0,1,1,0,0
beta0_id13,2023-11-25T11:36:04Z,1,1,1,0,0,1,0,1,0,1,1,0,1,1,1,1,0,0,1,0,1,0,0,1,0,1,0,1,0,0,0,1,0,0,1,1,0,0,0,0,1,0,0,1,0,1,0,1,0,0,1,1,1,0,0,1,1,1,1,0,1,1,1,0,0,0,0,0,0,0,0,1,1,1,0,0,0,1,0,1,1,0,1,1,0,0,0,0,1,0,1,0,1,1,0,1,1,1,0,0,1,1,1,1,0,1,0,0,1,1,0,0,0,0,0,0,1,1,1,0,1,1,1,0,1,1,1,0,1,1,1,1,1,0,0,1,0,1,0,0,0,0,0,1
beta0_id15,2023-11-25T11:36:04Z,0,0,0,1,0,0,1,1,1,1,0,1,0,1,0,0,1,1,0,1,0,0,1,1,1,1,1,1,1,1,1,1,0,0,0,0,1,0,1,0,1,0,1,1,0,0,1,0,1,1,0,1,0,0,1,1,1,0,0,0,0,0,1,0,1,0,0,0,0,0,0,0,0,1,0,1,0,0,1,0,0,1,0,1,0,1,0,0,0,0,0,0,1,1,0,1,1,1,1,1,0,1,0,1,0,1,1,1,1,0,1,0,1,1,1,1,1,1,0,1,1,0,0,0,1,0,1,1,0,1,0,1,0,0,1,0,1,0,1,1,0,0,1,0
beta5_id11,2023-11-25T11:36:04Z,0,0,0,0,1,0,0,0,0,0,0,0,0,0,0,0,1,0,0,0,0,0,0,0,0,0,0,1,1,1,0,0,0,1,1,0,0,1,1,1,1,1,1,0,1,1,0,0,0,0,0,0,1,1,0,0,1,1,0,0,0,0,0,0,1,0,0,0,1,1,0,0,0,1,1,0,0,0,1,1,1,1,0,0,1,1,1,0,0,1,1,1,1,1,0,1,1,1,1,1,1,1,1,1,1,1,1,1,1,1,1,1,1,1,1,1,1,1,1,1,1,1,0,0,1,1,1,1,0,0,1,1,0,1,0,0,1,1,0,0,0,0,0,0
beta-5_id10,2023-11-25T11:36:04Z,1,1,0,0,1,0,1,0,1,0,1,1,0,1,0,1,0,1,0,1,0,1,0,0,1,1,0,0,1,0,1,0,1,0,1,0,0,0,1,0,0,1,0,1,0,1,0,1,1,1,0,0,1,0,1,0,1,1,0,0,1,0,1,1,0,1,0,1,0,0,1,0,0,1,0,1,0,1,1,1,0,1,0,1,1,1,1,0,1,0,0,0,1,0,1,0,0,0,0,1,0,1,0,1,1,0,0,1,1,1,1,0,1,0,1,0,1,0,1,0,1,0,1,0,1,1,0,1,0,1,0,1,0,1,0,1,0,1,0,1,1,0,0,0
beta-5_id14,2023-11-25T11:36:04Z,0,1,1,0,1,1,1,1,0,1,0,1,1,1,1,0,0,0,0,1,1,1,1,1,1,1,1,0,1,1,0,1,0,0,0,0,0,0,0,1,0,0,1,0,0,0,1,1,1,1,1,0,0,0,0,1,0,0,0,0,0,1,0,1,1,0,1,0,1,1,1,0,1,1,0,1,0,0,0,1,0,1,0,0,0,0,1,0,0,1,1,0,0,1,0,1,1,0,0,1,0,1,0,1,1,1,0,1,1,0,1,1,0,1,1,0,1,0,1,0,0,1,0,1,0,1,0,1,0,1,1,1,1,0,0,0,1,0,0,0,1,1,0,0
beta-5_id16,2023-11-25T11:36:04Z,0,1,0,1,0,0,1,1,0,1,0,1,1,1,1,1,0,0,1,0,1,1,1,1,1,0,0,1,0,1,0,1,0,1,1,0,0,1,1,0,1,1,0,1,1,0,0,1,1,1,0,0,1,0,0,0,1,0,1,0,1,0,1,0,1,0,1,0,1,0,1,0,0,1,0,1,1,0,0,1,0,0,0,1,1,0,1,0,1,0,1,0,0,1,0,1,1,1,0,1,0,1,0,1,0,1,1,0,0,0,0,0,0,0,1,1,0,1,0,1,0,0,0,1,0,1,0,1,1,0,1,0,1,0,1,0,1,0,0,1,1,0,1,0
beta-5_id13,2023-11-25T11:36:04Z,1,1,0,0,1,1,0,1,0,0,1,0,0,0,1,1,1,0,1,0,1,1,0,1,0,1,0,1,0,1,1,0,0,1,0,1,1,0,1,1,0,1,0,1,1,0,1,0,0,1,1,0,1,1,1,1,1,1,1,0,0,0,1,0,1,0,0,0,1,1,0,1,1,0,0,0,0,1,1,1,1,0,0,0,0,0,1,1,0,1,0,0,1,0,1,0,1,1,1,0,0,1,0,1,0,0,1,0,0,1,1,0,1,0,1,0,1,1,0,1,1,0,1,0,1,1,0,0,0,1,0,0,0,0,1,0,0,0,0,1,0,1,1,0
beta0_id14,2023-11-25T11:36:04Z,1,1,1,1,0,1,0,0,1,1,0,0,1,0,1,1,1,1,0,1,0,0,0,0,1,1,1,0,1,1,0,0,1,1,1,1,0,0,1,1,0,0,0,0,0,0,0,1,1,0,0,1,1,1,0,1,0,1,0,0,1,0,1,0,1,1,1,0,0,1,0,1,1,0,0,1,0,1,1,1,0,1,1,0,1,0,0,0,0,1,0,0,1,1,0,1,0,0,1,0,0,1,0,0,1,0,1,0,1,1,0,0,1,1,0,1,0,1,1,0,1,1,1,0,1,0,1,0,1,0,0,1,0,1,0,0,1,1,1,0,0,0,0,0
beta0_id9,2023-11-25T11:36:04Z,0,1,1,1,1,0,0,0,0,1,0,0,0,1,1,0,0,1,0,1,1,0,0,1,1,1,0,1,1,0,0,0,1,0,1,0,0,0,1,0,0,0,1,1,0,1,0,1,1,1,0,0,1,1,0,1,0,1,1,0,0,0,1,0,1,0,1,1,1,0,1,0,1,1,1,0,1,0,0,1,0,1,0,0,0,0,0,1,1,0,1,1,1,0,1,0,1,1,0,1,0,1,1,1,0,0,1,0,0,0,0,1,1,0,1,1,1,0,1,0,1,1,0,1,1,1,0,1,1,0,0,1,0,0,0,0,0,1,0,1,0,1,1,0
beta0_id16,2023-11-25T11:36:04Z,0,0,0,1,0,0,0,0,0,0,1,0,1,1,1,1,0,0,1,0,1,1,1,1,1,0,0,0,1,0,0,1,1,0,1,0,1,0,1,0,0,1,0,0,1,0,1,0,1,1,0,0,0,1,0,1,1,1,0,0,1,0,1,1,1,0,1,0,0,1,0,1,0,0,0,0,1,0,1,1,1,1,1,1,1,0,1,0,0,1,0,0,1,0,0,0,1,1,0,0,0,0,0,0,1,1,0,1,1,1,1,0,1,1,0,1,0,1,1,0,1,0,1,1,1,0,0,0,0,1,1,1,1,1,0,0,1,1,0,1,0,0,1,1
beta5_id9,2023-11-25T11:36:04Z,0,0,0,1,1,0,0,0,1,1,1,1,0,1,1,1,1,0,0,0,1,1,1,1,0,1,1,0,0,0,0,0,1,1,1,0,0,1,0,0,0,0,0,0,1,1,0,0,0,1,0,0,0,0,0,0,1,1,0,0,1,1,1,0,0,0,0,0,1,0,0,0,1,1,1,0,0,0,1,1,1,0,0,1,1,1,1,0,0,1,1,1,1,1,1,1,1,1,1,1,1,1,1,1,1,1,1,1,1,1,0,0,0,1,1,1,0,1,1,1,1,0,0,0,0,0,0,0,0,0,1,1,0,0,0,0,0,0,0,0,0,1,1,1
beta5_id10,2023-11-25T11:36:04Z,0,1,0,0,0,0,0,0,1,0,0,0,0,0,0,0,1,0,0,0,0,1,1,0,1,0,1,0,1,0,0,0,1,1,1,0,0,0,1,1,1,1,1,1,1,1,0,0,0,1,1,1,1,1,0,0,0,0,0,0,1,1,1,1,1,1,1,1,0,1,1,1,1,1,1,1,1,1,0,0,1,1,1,1,0,0,1,1,1,1,1,1,1,1,1,1,0,0,0,0,1,1,1,1,1,1,1,0,0,0,0,1,1,1,1,0,1,0,0,1,0,0,0,0,1,0,1,0,1,1,0,0,0,0,0,0,0,0,0,0,0,0,0,0
beta5_id10,2023-11-25T11:36:04Z,0,1,0,0,0,0,0,0,1,0,0,0,0,0,0,0,1,0,0,0,0,1,1,0,1,0,1,0,1,0,0,0,1,1,1,0,0,0,1,1,1,1,1,1,1,1,0,0,0,1,1,1,1,1,0,0,0,0,0,0,1,1,1,1,1,1,1,1,0,1,1,1,1,1,1,1,1,1,0,0,1,1,1,1,0,0,1,1,1,1,1,1,1,1,1,1,0,0,0,0,1,1,1,1,1,1,1,0,0,0,0,1,1,1,1,0,1,0,0,1,0,0,0,0,1,0,1,0,1,1,0,0,0,0,0,0,0,0,0,0,0,0,0,0
beta-5_id11,2023-11-25T11:36:04Z,1,1,0,0,1,0,1,0,1,0,0,0,1,0,1,0,0,0,1,0,1,0,1,1,0,0,1,0,1,0,0,1,1,1,1,1,1,1,1,0,1,1,0,1,0,1,1,0,1,0,1,1,0,0,1,1,1,1,0,1,0,0,1,1,1,1,0,0,0,1,0,1,0,0,1,1,0,0,1,1,0,0,1,0,0,1,0,0,0,1,1,0,1,1,0,1,1,0,1,1,0,1,0,0,0,0,1,0,1,1,0,0,0,0,0,1,0,1,0,0,1,0,1,1,1,0,1,0,0,0,0,1,0,0,1,1,0,0,0,0,1,1,1,1
beta0_id11,2023-11-25T11:36:04Z,0,0,0,1,1,1,0,1,1,0,0,0,0,1,1,0,1,0,1,0,0,1,0,1,1,1,0,0,0,1,1,0,1,1,1,0,1,0,1,0,0,0,1,1,0,0,0,1,1,0,1,0,1,1,0,1,0,0,0,0,0,0,1,0,1,1,0,1,1,1,0,1,1,0,1,1,1,0,1,1,0,0,1,0,0,1,0,0,1,0,1,0,1,0,1,1,1,0,0,1,0,1,0,1,1,1,0,0,0,1,0,0,0,0,1,0,1,1,0,0,0,1,1,0,1,1,1,0,1,0,1,1,0,1,0,1,0,1,1,0,0,0,1,1
beta-5_id9,2023-11-25T11:36:04Z,1,1,0,0,0,1,1,1,0,0,1,0,0,1,1,1,1,0,0,1,0,1,0,1,0,1,1,0,1,1,0,1,1,0,1,0,0,1,1,1,0,0,0,0,0,1,0,1,0,1,0,1,1,0,1,0,1,1,1,1,1,0,0,1,0,0,0,0,0,0,1,0,0,1,1,0,0,0,1,1,1,0,0,1,0,0,0,1,1,1,0,0,0,1,0,1,1,1,1,0,0,0,0,1,0,1,0,1,0,1,0,0,1,0,1,0,1,0,1,0,0,0,0,1,0,1,0,1,0,1,1,1,0,1,1,1,1,1,1,0,0,1,0,1
beta5_id14,2023-11-25T11:36:04Z,1,0,1,1,0,0,0,1,1,0,0,1,1,0,1,0,0,0,0,1,1,0,1,0,0,1,0,0,0,1,0,1,0,1,0,0,1,0,0,1,0,0,1,1,0,1,1,0,1,0,1,0,1,0,0,1,0,1,0,1,1,0,0,0,0,1,0,0,1,1,1,0,0,0,0,1,0,1,0,1,1,0,0,0,1,1,1,1,0,1,0,1,1,0,0,0,0,1,1,1,1,0,0,1,1,1,0,0,0,1,1,1,1,0,0,1,1,1,0,1,0,0,1,1,1,0,0,1,1,1,1,0,0,1,1,1,0,0,0,1,1,1,1,0
beta5_id15,2023-11-25T11:36:04Z,1,0,0,0,1,0,0,0,0,1,1,1,0,1,0,0,1,0,0,0,0,1,1,1,0,0,0,0,0,0,0,0,0,1,0,0,0,0,0,0,0,0,0,0,0,0,0,0,1,1,1,0,0,0,0,0,0,0,0,1,1,1,1,0,0,0,0,0,1,1,1,1,1,1,1,0,0,0,0,1,1,1,1,1,1,1,1,0,1,1,1,1,1,1,1,1,1,1,0,0,1,1,1,1,0,0,1,1,1,1,0,0,1,1,1,0,0,1,1,1,1,1,0,0,1,1,1,0,0,1,1,1,1,0,1,0,1,1,0,0,0,1,1,1
beta-5_id15,2023-11-25T11:36:04Z,1,1,0,1,0,0,1,0,1,1,0,1,0,0,1,0,1,0,1,0,1,0,0,1,1,1,0,1,0,1,0,1,0,1,1,0,0,0,1,0,1,0,1,0,1,0,0,0,1,0,1,1,0,1,0,1,0,1,1,1,1,0,1,0,1,0,1,0,1,0,1,0,1,1,1,1,0,1,0,1,0,1,0,1,0,0,1,0,0,1,1,0,1,0,1,1,0,0,0,1,0,1,1,1,0,1,0,1,0,1,0,1,0,1,1,0,0,1,1,0,0,0,0,0,0,1,0,0,1,1,0,0,1,1,1,0,1,0,0,1,0,0,0,1
beta-5_id12,2023-11-25T11:36:04Z,0,0,1,0,0,1,0,1,1,1,0,1,1,1,1,1,0,1,0,0,0,0,0,0,0,1,0,1,0,1,0,1,1,0,1,0,0,1,1,0,1,1,1,0,0,1,0,1,1,1,0,1,0,0,0,0,0,0,1,1,1,0,1,1,1,1,1,0,1,1,1,0,0,0,0,1,1,0,1,1,0,1,0,1,0,1,0,0,0,1,0,0,1,0,1,0,1,0,1,1,1,1,0,1,0,1,0,0,0,1,0,1,0,0,1,0,0,0,1,1,0,0,1,0,1,0,1,0,1,1,1,0,1,0,1,0,1,1,0,1,0,1,0,0
beta5_id12,2023-11-25T11:36:04Z,1,1,1,1,0,1,0,0,1,0,0,0,1,1,1,1,0,0,0,1,1,1,0,0,1,1,1,1,0,0,1,1,1,1,0,1,1,1,1,1,0,0,1,1,1,0,0,1,1,1,1,0,0,1,1,1,1,0,0,1,1,1,1,1,1,1,1,1,0,0,1,1,1,1,1,1,1,1,1,0,0,0,1,1,1,0,0,1,1,1,0,0,0,1,1,1,0,0,0,1,0,0,0,0,0,1,1,0,0,0,0,0,0,0,0,0,0,0,1,0,0,0,1,0,0,0,0,0,0,0,0,0,0,1,1,1,0,0,0,0,0,0,0,0
beta0_id10,2023-11-25T11:36:04Z,1,1,1,1,0,1,0,1,0,1,0,0,1,0,1,0,0,1,1,1,0,1,1,0,1,0,0,1,0,0,1,0,1,0,1,0,0,0,1,1,1,1,0,1,0,1,0,0,0,1,1,0,1,1,0,1,1,0,0,0,1,1,1,1,1,1,1,0,1,1,1,1,0,1,0,1,0,1,0,0,0,0,0,0,0,0,0,1,1,1,1,0,0,1,0,1,1,0,0,0,1,1,0,0,0,1,0,1,0,1,0,1,0,1,0,0,0,1,1,0,1,0,0,1,0,0,1,0,1,1,0,0,1,0,1,1,0,0,0,1,1,1,0,0
beta5_id13,2023-11-25T11:36:04Z,0,0,0,0,0,0,0,0,0,0,0,0,0,0,1,0,0,0,1,0,0,0,0,0,0,0,0,1,0,0,0,0,1,0,0,0,1,0,0,0,1,0,0,0,0,0,1,1,1,1,1,1,1,1,1,1,1,1,1,1,1,1,1,1,1,1,1,1,1,1,1,1,1,1,1,1,1,1,1,1,1,1,1,1,1,1,1,1,1,1,1,1,1,1,1,1,1,0,0,1,0,0,1,1,1,0,0,1,1,0,0,0,0,0,0,1,1,0,1,1,1,0,0,0,0,0,0,0,0,0,1,1,0,0,0,0,0,0,0,0,0,0,1,1
beta0_id12,2023-11-25T11:36:04Z,1,0,0,1,0,1,0,0,1,0,1,0,0,1,1,1,0,0,1,1,0,0,1,0,0,0,1,1,0,0,1,0,1,1,0,1,1,0,0,1,0,0,1,0,1,1,0,1,1,1,0,1,0,0,1,0,1,1,1,1,1,0,0,1,0,0,1,1,0,0,1,0,1,1,0,0,0,0,1,0,0,0,1,0,1,1,1,0,0,0,0,0,0,0,1,0,1,1,0,0,0,1,1,1,0,1,1,0,0,0,1,1,1,1,1,0,0,0,1,1,1,0,1,1,1,0,0,0,0,1,1,0,0,1,1,0,1,1,0,0,1,1,1,1
